
=== Session started 2026-07-06T11:50:58.284287 (192.168.1.168:23) ===
[11:50:58.288] [dev] eDrum telnet console
[11:53:40.391] [w] input=0 type=0 OK
[11:53:40.425] [SysEx TX] F0 00 7D 00 05 01 01 06 00 F7
[11:53:47.644] [w] input=0 enable=1 OK
[11:53:47.664] [SysEx TX] F0 00 7D 00 05 01 01 06 00 F7
[11:53:53.265] [w] input=3 type=2 OK
[11:53:53.287] [SysEx TX] F0 00 7D 00 05 01 01 06 00 F7
[11:54:03.381] [w] input=3 enable=1 OK
[11:54:03.405] [SysEx TX] F0 00 7D 00 05 01 01 06 00 F7
[11:54:10.819] [w] input=1 enable=0 OK
[11:54:10.845] [SysEx TX] F0 00 7D 00 05 01 01 06 00 F7
[11:54:21.488] [w] input=2 enable=0 OK
[11:54:21.613] [SysEx TX] F0 00 7D 00 05 01 01 06 00 F7
[11:54:23.844] [DBG] hit output ON
[11:54:54.510] [HIT] t=2066864 i=3 note=51 vel=55 raw=12 ch=10 rescues=0 thresh=-1.000 peak=-1.000 mask=-1 decay=-1 decaylen=-1 xfilt=-1.000 xfiltdecay=-1.000
[11:54:54.514] [SysEx TX] F0 00 7D 00 05 03 03 00 0C 37 F7
[11:54:55.034] [HIT] t=2067395 i=3 note=51 vel=52 raw=11 ch=10 rescues=0 thresh=-1.000 peak=-1.000 mask=-1 decay=-1 decaylen=-1 xfilt=-1.000 xfiltdecay=-1.000
[11:54:55.043] [SysEx TX] F0 00 7D 00 05 03 03 00 0B 34 F7
[11:54:55.160] [HIT] t=2067519 i=3 note=51 vel=1 raw=1 ch=10 rescues=0 thresh=-1.000 peak=-1.000 mask=-1 decay=-1 decaylen=-1 xfilt=-1.000 xfiltdecay=-1.000
[11:54:55.178] [SysEx TX] F0 00 7D 00 05 03 03 00 01 01 F7
[11:54:55.683] [HIT] t=2068042 i=3 note=51 vel=19 raw=4 ch=10 rescues=0 thresh=-1.000 peak=-1.000 mask=-1 decay=-1 decaylen=-1 xfilt=-1.000 xfiltdecay=-1.000
[11:54:55.691] [SysEx TX] F0 00 7D 00 05 03 03 00 04 13 F7
[11:54:56.161] [HIT] t=2068522 i=3 note=51 vel=34 raw=7 ch=10 rescues=0 thresh=-1.000 peak=-1.000 mask=-1 decay=-1 decaylen=-1 xfilt=-1.000 xfiltdecay=-1.000
[11:54:56.170] [SysEx TX] F0 00 7D 00 05 03 03 00 07 22 F7
[11:54:56.255] [HIT] t=2068605 i=3 note=51 vel=55 raw=12 ch=10 rescues=0 thresh=-1.000 peak=-1.000 mask=-1 decay=-1 decaylen=-1 xfilt=-1.000 xfiltdecay=-1.000
[11:54:56.260] [SysEx TX] F0 00 7D 00 05 03 03 00 0C 37 F7
[11:54:56.528] [HIT] t=2068889 i=3 note=51 vel=99 raw=30 ch=10 rescues=0 thresh=-1.000 peak=-1.000 mask=-1 decay=-1 decaylen=-1 xfilt=-1.000 xfiltdecay=-1.000
[11:54:56.537] [SysEx TX] F0 00 7D 00 05 03 03 00 1E 63 F7
[11:54:56.612] [HIT] t=2068973 i=3 note=51 vel=24 raw=5 ch=10 rescues=0 thresh=-1.000 peak=-1.000 mask=-1 decay=-1 decaylen=-1 xfilt=-1.000 xfiltdecay=-1.000
[11:54:56.627] [SysEx TX] F0 00 7D 00 05 03 03 00 05 18 F7
[11:54:56.942] [HIT] t=2069300 i=3 note=51 vel=7 raw=2 ch=10 rescues=0 thresh=-1.000 peak=-1.000 mask=-1 decay=-1 decaylen=-1 xfilt=-1.000 xfiltdecay=-1.000
[11:54:56.949] [SysEx TX] F0 00 7D 00 05 03 03 00 02 07 F7
[11:54:57.467] [HIT] t=2069828 i=3 note=51 vel=24 raw=5 ch=10 rescues=0 thresh=-1.000 peak=-1.000 mask=-1 decay=-1 decaylen=-1 xfilt=-1.000 xfiltdecay=-1.000
[11:54:57.476] [SysEx TX] F0 00 7D 00 05 03 03 00 05 18 F7
[11:54:57.552] [HIT] t=2069911 i=3 note=51 vel=59 raw=13 ch=10 rescues=0 thresh=-1.000 peak=-1.000 mask=-1 decay=-1 decaylen=-1 xfilt=-1.000 xfiltdecay=-1.000
[11:54:57.560] [SysEx TX] F0 00 7D 00 05 03 03 00 0D 3B F7
[11:54:57.956] [HIT] t=2070311 i=3 note=51 vel=55 raw=12 ch=10 rescues=0 thresh=-1.000 peak=-1.000 mask=-1 decay=-1 decaylen=-1 xfilt=-1.000 xfiltdecay=-1.000
[11:54:57.962] [SysEx TX] F0 00 7D 00 05 03 03 00 0C 37 F7
[11:54:58.037] [HIT] t=2070395 i=3 note=51 vel=82 raw=21 ch=10 rescues=0 thresh=-1.000 peak=-1.000 mask=-1 decay=-1 decaylen=-1 xfilt=-1.000 xfiltdecay=-1.000
[11:54:58.045] [SysEx TX] F0 00 7D 00 05 03 03 00 15 52 F7
[11:54:58.431] [HIT] t=2070790 i=3 note=51 vel=90 raw=25 ch=10 rescues=0 thresh=-1.000 peak=-1.000 mask=-1 decay=-1 decaylen=-1 xfilt=-1.000 xfiltdecay=-1.000
[11:54:58.452] [SysEx TX] F0 00 7D 00 05 03 03 00 19 5A F7
[11:54:58.513] [HIT] t=2070874 i=3 note=51 vel=116 raw=48 ch=10 rescues=0 thresh=-1.000 peak=-1.000 mask=-1 decay=-1 decaylen=-1 xfilt=-1.000 xfiltdecay=-1.000
[11:54:58.522] [SysEx TX] F0 00 7D 00 05 03 03 00 30 74 F7
[11:54:58.900] [HIT] t=2071261 i=3 note=51 vel=86 raw=23 ch=10 rescues=0 thresh=-1.000 peak=-1.000 mask=-1 decay=-1 decaylen=-1 xfilt=-1.000 xfiltdecay=-1.000
[11:54:58.910] [SysEx TX] F0 00 7D 00 05 03 03 00 17 56 F7
[11:54:58.983] [HIT] t=2071345 i=3 note=51 vel=101 raw=32 ch=10 rescues=0 thresh=-1.000 peak=-1.000 mask=-1 decay=-1 decaylen=-1 xfilt=-1.000 xfiltdecay=-1.000
[11:54:58.993] [SysEx TX] F0 00 7D 00 05 03 03 00 20 65 F7
[11:54:59.390] [HIT] t=2071748 i=3 note=51 vel=55 raw=12 ch=10 rescues=0 thresh=-1.000 peak=-1.000 mask=-1 decay=-1 decaylen=-1 xfilt=-1.000 xfiltdecay=-1.000
[11:54:59.397] [SysEx TX] F0 00 7D 00 05 03 03 00 0C 37 F7
[11:54:59.471] [HIT] t=2071832 i=3 note=51 vel=127 raw=127 ch=10 rescues=0 thresh=-1.000 peak=-1.000 mask=-1 decay=-1 decaylen=-1 xfilt=-1.000 xfiltdecay=-1.000
[11:54:59.483] [SysEx TX] F0 00 7D 00 05 03 03 00 7F 7F F7
[11:54:59.555] [HIT] t=2071916 i=3 note=51 vel=127 raw=127 ch=10 rescues=0 thresh=-1.000 peak=-1.000 mask=-1 decay=-1 decaylen=-1 xfilt=-1.000 xfiltdecay=-1.000
[11:54:59.574] [SysEx TX] F0 00 7D 00 05 03 03 00 7F 7F F7
[11:54:59.640] [HIT] t=2072000 i=3 note=51 vel=127 raw=127 ch=10 rescues=0 thresh=-1.000 peak=-1.000 mask=-1 decay=-1 decaylen=-1 xfilt=-1.000 xfiltdecay=-1.000
[11:54:59.648] [SysEx TX] F0 00 7D 00 05 03 03 00 7F 7F F7
[11:54:59.722] [HIT] t=2072084 i=3 note=51 vel=127 raw=127 ch=10 rescues=0 thresh=-1.000 peak=-1.000 mask=-1 decay=-1 decaylen=-1 xfilt=-1.000 xfiltdecay=-1.000
[11:54:59.732] [SysEx TX] F0 00 7D 00 05 03 03 00 7F 7F F7
[11:54:59.806] [HIT] t=2072168 i=3 note=51 vel=127 raw=127 ch=10 rescues=0 thresh=-1.000 peak=-1.000 mask=-1 decay=-1 decaylen=-1 xfilt=-1.000 xfiltdecay=-1.000
[11:54:59.817] [SysEx TX] F0 00 7D 00 05 03 03 00 7F 7F F7
[11:54:59.901] [HIT] t=2072256 i=3 note=51 vel=127 raw=127 ch=10 rescues=0 thresh=-1.000 peak=-1.000 mask=-1 decay=-1 decaylen=-1 xfilt=-1.000 xfiltdecay=-1.000
[11:54:59.905] [SysEx TX] F0 00 7D 00 05 03 03 00 7F 7F F7
[11:54:59.983] [HIT] t=2072340 i=3 note=51 vel=127 raw=127 ch=10 rescues=0 thresh=-1.000 peak=-1.000 mask=-1 decay=-1 decaylen=-1 xfilt=-1.000 xfiltdecay=-1.000
[11:54:59.987] [SysEx TX] F0 00 7D 00 05 03 03 00 7F 7F F7
[11:55:00.011] [RIM] t=2072371 i=0 note=36 vel=2 raw=2 ch=10 rescues=0 thresh=-1.000 peak=-1.000 mask=-1 decay=-1 decaylen=-1 xfilt=-1.000 xfiltdecay=-1.000
[11:55:00.019] [SysEx TX] F0 00 7D 00 05 03 00 01 02 02 F7
[11:55:00.023] [SCOPE] input=0 pad_type=0 head_ch=1 rim_ch=0 head_peak=23 rim_peak=34 decision=RIM samples=200
[11:55:00.026] T,H,R
[11:55:00.028] 0,0,3
[11:55:00.034] 1,0,6
[11:55:00.034] 2,0,5
[11:55:00.037] 3,0,7
[11:55:00.041] 4,3,1
[11:55:00.042] 5,1,1
[11:55:00.045] 6,0,2
[11:55:00.049] 7,0,0
[11:55:00.051] 8,0,0
[11:55:00.053] 9,0,0
[11:55:00.056] 10,0,0
[11:55:00.061] 11,0,0
[11:55:00.062] 12,0,0
[11:55:00.064] 13,0,0
[11:55:00.067] 14,0,0
[11:55:00.070] 15,0,0
[11:55:00.073] 16,0,0
[11:55:00.085] 17,0,0
[11:55:00.085] 18,0,0
[11:55:00.086] 19,0,0
[11:55:00.088] 20,0,0
[11:55:00.091] 21,1,0
[11:55:00.096] 22,2,0
[11:55:00.099] 23,0,0
[11:55:00.100] 24,0,0
[11:55:00.106] 25,0,0
[11:55:00.107] 26,0,0
[11:55:00.115] 27,0,0
[11:55:00.118] 28,1,0
[11:55:00.121] 29,0,0
[11:55:00.124] 30,0,0
[11:55:00.128] 31,0,0
[11:55:00.130] 32,0,0
[11:55:00.132] 33,0,0
[11:55:00.134] 34,0,0
[11:55:00.137] 35,0,0
[11:55:00.141] 36,0,0
[11:55:00.144] 37,0,0
[11:55:00.146] 38,0,0
[11:55:00.149] 39,0,0
[11:55:00.152] 40,0,0
[11:55:00.155] 41,0,0
[11:55:00.158] 42,0,0
[11:55:00.161] 43,0,0
[11:55:00.164] 44,0,0
[11:55:00.167] 45,0,0
[11:55:00.170] 46,0,0
[11:55:00.172] 47,0,0
[11:55:00.176] 48,0,0
[11:55:00.179] 49,0,0
[11:55:00.188] 50,0,0
[11:55:00.188] 51,0,0
[11:55:00.189] 52,1,0
[11:55:00.190] 53,0,0
[11:55:00.194] 54,0,0
[11:55:00.200] 55,4,0
[11:55:00.202] 56,1,0
[11:55:00.203] 57,1,0
[11:55:00.207] 58,2,0
[11:55:00.208] 59,2,0
[11:55:00.214] 60,0,1
[11:55:00.222] 61,5,0
[11:55:00.223] 62,3,6
[11:55:00.224] 63,3,10
[11:55:00.224] 64,5,8
[11:55:00.228] 65,10,5
[11:55:00.234] 66,9,5
[11:55:00.235] 67,9,11
[11:55:00.237] 68,17,14
[11:55:00.239] 69,17,22
[11:55:00.242] 70,17,10
[11:55:00.245] 71,18,22
[11:55:00.248] 72,12,22
[11:55:00.251] 73,17,14
[11:55:00.254] 74,10,23
[11:55:00.256] 75,20,25
[11:55:00.260] 76,19,26
[11:55:00.262] 77,19,26
[11:55:00.265] 78,10,22
[11:55:00.268] 79,20,33
[11:55:00.271] 80,14,21
[11:55:00.274] 81,22,23
[11:55:00.277] 82,10,21
[11:55:00.280] 83,17,30
[11:55:00.290] 84,16,31
[11:55:00.290] 85,10,25
[11:55:00.291] 86,14,23
[11:55:00.293] 87,14,23
[11:55:00.295] 88,14,33
[11:55:00.299] 89,11,30
[11:55:00.305] 90,13,23
[11:55:00.305] 91,11,30
[11:55:00.313] 92,9,33
[11:55:00.313] 93,15,34
[11:55:00.316] 94,18,34
[11:55:00.319] 95,20,32
[11:55:00.322] 96,21,26
[11:55:00.325] 97,21,33
[11:55:00.328] 98,21,26
[11:55:00.331] 99,21,33
[11:55:00.334] 100,23,26
[11:55:00.338] 101,21,26
[11:55:00.339] 102,21,24
[11:55:00.342] 103,21,26
[11:55:00.344] 104,20,16
[11:55:00.348] 105,20,12
[11:55:00.351] 106,14,11
[11:55:00.353] 107,9,11
[11:55:00.356] 108,8,20
[11:55:00.359] 109,8,17
[11:55:00.362] 110,0,17
[11:55:00.364] 111,2,9
[11:55:00.368] 112,0,9
[11:55:00.370] 113,0,14
[11:55:00.374] 114,0,7
[11:55:00.377] 115,0,7
[11:55:00.379] 116,0,6
[11:55:00.383] 117,0,6
[11:55:00.394] 118,0,5
[11:55:00.395] 119,0,2
[11:55:00.395] 120,0,0
[11:55:00.395] 121,0,1
[11:55:00.400] 122,0,0
[11:55:00.405] 123,2,0
[11:55:00.406] 124,0,0
[11:55:00.410] 125,0,2
[11:55:00.416] 126,1,0
[11:55:00.421] 127,0,0
[11:55:00.422] 128,0,0
[11:55:00.423] 129,0,0
[11:55:00.427] 130,0,0
[11:55:00.431] 131,2,0
[11:55:00.433] 132,0,0
[11:55:00.436] 133,0,0
[11:55:00.438] 134,0,0
[11:55:00.442] 135,0,0
[11:55:00.444] 136,0,0
[11:55:00.452] 137,0,0
[11:55:00.452] 138,0,0
[11:55:00.452] 139,0,0
[11:55:00.454] 140,0,0
[11:55:00.459] 141,0,0
[11:55:00.460] 142,0,0
[11:55:00.463] 143,0,0
[11:55:00.466] 144,0,1
[11:55:00.469] 145,0,0
[11:55:00.472] 146,0,0
[11:55:00.477] 147,0,0
[11:55:00.477] 148,0,0
[11:55:00.479] 149,0,0
[11:55:00.483] 150,0,0
[11:55:00.495] 151,0,0
[11:55:00.495] 152,0,1
[11:55:00.496] 153,0,1
[11:55:00.498] 154,0,0
[11:55:00.502] 155,0,8
[11:55:00.515] 156,0,2
[11:55:00.515] 157,1,4
[11:55:00.516] 158,0,1
[11:55:00.519] 159,1,0
[11:55:00.522] 160,1,1
[11:55:00.529] 161,2,4
[11:55:00.530] 162,1,1
[11:55:00.531] 163,2,0
[11:55:00.536] 164,0,1
[11:55:00.539] 165,0,2
[11:55:00.541] 166,0,2
[11:55:00.545] 167,1,1
[11:55:00.548] 168,0,3
[11:55:00.550] 169,0,0
[11:55:00.552] 170,1,0
[11:55:00.555] 171,2,0
[11:55:00.558] 172,0,7
[11:55:00.561] 173,7,4
[11:55:00.564] 174,2,0
[11:55:00.567] 175,0,1
[11:55:00.569] 176,0,7
[11:55:00.572] 177,1,4
[11:55:00.576] 178,2,2
[11:55:00.580] 179,0,10
[11:55:00.581] 180,3,2
[11:55:00.583] 181,0,9
[11:55:00.586] 182,3,8
[11:55:00.596] 183,0,10
[11:55:00.596] 184,3,3
[11:55:00.597] 185,3,8
[11:55:00.600] 186,3,10
[11:55:00.603] 187,0,12
[11:55:00.605] 188,6,17
[11:55:00.608] 189,10,8
[11:55:00.619] 190,6,18
[11:55:00.620] 191,7,8
[11:55:00.620] 192,7,19
[11:55:00.623] 193,8,16
[11:55:00.625] 194,4,14
[11:55:00.629] 195,4,15
[11:55:00.631] 196,2,26
[11:55:00.634] 197,3,30
[11:55:00.637] 198,8,21
[11:55:00.641] 199,10,12
[11:55:00.647] [HIT] t=2073008 i=3 note=51 vel=127 raw=127 ch=10 rescues=0 thresh=-1.000 peak=-1.000 mask=-1 decay=-1 decaylen=-1 xfilt=-1.000 xfiltdecay=-1.000
[11:55:00.662] [SysEx TX] F0 00 7D 00 05 03 03 00 7F 7F F7
[11:56:00.783] [SCOPE] Active: input=0 floor=15
[11:56:08.000] [HIT] t=2140362 i=0 note=36 vel=127 raw=127 ch=10 rescues=0 thresh=-1.000 peak=-1.000 mask=-1 decay=-1 decaylen=-1 xfilt=-1.000 xfiltdecay=-1.000
[11:56:08.010] [SysEx TX] F0 00 7D 00 05 03 00 00 7F 7F F7
[11:56:08.013] [SCOPE] input=0 pad_type=0 head_ch=1 rim_ch=0 head_peak=948 rim_peak=41 decision=HEAD samples=200
[11:56:08.016] T,H,R
[11:56:08.019] 0,0,0
[11:56:08.021] 1,1,2
[11:56:08.025] 2,4,5
[11:56:08.027] 3,2,5
[11:56:08.031] 4,0,4
[11:56:08.036] 5,0,5
[11:56:08.036] 6,1,2
[11:56:08.038] 7,3,4
[11:56:08.041] 8,2,4
[11:56:08.044] 9,0,6
[11:56:08.047] 10,2,0
[11:56:08.050] 11,4,3
[11:56:08.053] 12,4,3
[11:56:08.055] 13,0,6
[11:56:08.058] 14,4,3
[11:56:08.061] 15,2,3
[11:56:08.064] 16,0,6
[11:56:08.067] 17,1,2
[11:56:08.082] 18,4,5
[11:56:08.083] 19,4,2
[11:56:08.085] 20,1,3
[11:56:08.087] 21,0,0
[11:56:08.092] 22,2,2
[11:56:08.092] 23,4,1
[11:56:08.094] 24,3,4
[11:56:08.104] 25,0,6
[11:56:08.105] 26,0,2
[11:56:08.110] 27,0,7
[11:56:08.110] 28,2,0
[11:56:08.111] 29,2,0
[11:56:08.112] 30,4,3
[11:56:08.117] 31,6,6
[11:56:08.120] 32,4,2
[11:56:08.123] 33,0,0
[11:56:08.124] 34,0,6
[11:56:08.128] 35,2,5
[11:56:08.130] 36,0,6
[11:56:08.132] 37,2,2
[11:56:08.136] 38,4,5
[11:56:08.137] 39,2,0
[11:56:08.141] 40,0,2
[11:56:08.143] 41,3,2
[11:56:08.146] 42,6,4
[11:56:08.149] 43,2,0
[11:56:08.152] 44,3,2
[11:56:08.155] 45,3,2
[11:56:08.158] 46,4,3
[11:56:08.160] 47,8,6
[11:56:08.163] 48,2,6
[11:56:08.167] 49,2,0
[11:56:08.168] 50,2,0
[11:56:08.179] 51,4,2
[11:56:08.179] 52,4,5
[11:56:08.181] 53,4,3
[11:56:08.181] 54,8,6
[11:56:08.184] 55,2,2
[11:56:08.187] 56,5,3
[11:56:08.191] 57,2,0
[11:56:08.195] 58,6,3
[11:56:08.195] 59,0,6
[11:56:08.202] 60,3,2
[11:56:08.202] 61,3,0
[11:56:08.203] 62,0,6
[11:56:08.204] 63,6,5
[11:56:08.208] 64,6,4
[11:56:08.211] 65,2,2
[11:56:08.213] 66,6,4
[11:56:08.216] 67,5,3
[11:56:08.219] 68,3,0
[11:56:08.223] 69,5,2
[11:56:08.226] 70,3,0
[11:56:08.228] 71,3,0
[11:56:08.232] 72,0,6
[11:56:08.233] 73,6,5
[11:56:08.236] 74,5,3
[11:56:08.239] 75,5,3
[11:56:08.242] 76,6,5
[11:56:08.244] 77,5,2
[11:56:08.248] 78,3,0
[11:56:08.250] 79,8,5
[11:56:08.254] 80,8,6
[11:56:08.258] 81,5,0
[11:56:08.270] 82,8,0
[11:56:08.273] 83,7,4
[11:56:08.288] 84,8,0
[11:56:08.288] 85,5,8
[11:56:08.288] 86,22,5
[11:56:08.300] 87,0,0
[11:56:08.309] 88,0,2
[11:56:08.312] 89,0,2
[11:56:08.314] 90,0,10
[11:56:08.315] 91,0,23
[11:56:08.316] 92,0,41
[11:56:08.319] 93,0,19
[11:56:08.321] 94,0,30
[11:56:08.325] 95,0,20
[11:56:08.328] 96,0,23
[11:56:08.337] 97,0,31
[11:56:08.353] 98,0,21
[11:56:08.353] 99,12,21
[11:56:08.354] 100,31,16
[11:56:08.358] 101,33,16
[11:56:08.360] 102,34,22
[11:56:08.363] 103,45,23
[11:56:08.365] 104,69,27
[11:56:08.368] 105,99,23
[11:56:08.371] 106,152,10
[11:56:08.374] 107,208,9
[11:56:08.395] 108,265,3
[11:56:08.396] 109,329,0
[11:56:08.396] 110,382,3
[11:56:08.400] 111,447,1
[11:56:08.407] 112,528,2
[11:56:08.407] 113,589,0
[11:56:08.408] 114,641,0
[11:56:08.410] 115,714,0
[11:56:08.414] 116,819,0
[11:56:08.416] 117,910,0
[11:56:08.419] 118,948,0
[11:56:08.422] 119,891,0
[11:56:08.424] 120,814,0
[11:56:08.427] 121,691,0
[11:56:08.431] 122,534,0
[11:56:08.432] 123,372,2
[11:56:08.435] 124,227,2
[11:56:08.438] 125,174,0
[11:56:08.442] 126,181,0
[11:56:08.444] 127,207,0
[11:56:08.447] 128,277,2
[11:56:08.450] 129,340,2
[11:56:08.453] 130,410,0
[11:56:08.455] 131,443,0
[11:56:08.459] 132,457,0
[11:56:08.461] 133,454,1
[11:56:08.464] 134,453,3
[11:56:08.467] 135,442,9
[11:56:08.470] 136,460,7
[11:56:08.472] 137,475,5
[11:56:08.475] 138,517,3
[11:56:08.486] 139,550,2
[11:56:08.487] 140,588,0
[11:56:08.487] 141,623,3
[11:56:08.488] 142,678,3
[11:56:08.492] 143,724,0
[11:56:08.495] 144,761,0
[11:56:08.499] 145,816,0
[11:56:08.502] 146,872,0
[11:56:08.504] 147,902,0
[11:56:08.511] 148,908,0
[11:56:08.511] 149,879,0
[11:56:08.512] 150,840,0
[11:56:08.513] 151,776,0
[11:56:08.516] 152,697,0
[11:56:08.519] 153,591,0
[11:56:08.521] 154,489,0
[11:56:08.525] 155,408,0
[11:56:08.528] 156,316,0
[11:56:08.531] 157,266,1
[11:56:08.533] 158,207,0
[11:56:08.536] 159,149,0
[11:56:08.539] 160,78,0
[11:56:08.542] 161,34,0
[11:56:08.544] 162,0,3
[11:56:08.547] 163,0,0
[11:56:08.552] 164,0,0
[11:56:08.553] 165,0,1
[11:56:08.557] 166,0,0
[11:56:08.559] 167,0,0
[11:56:08.561] 168,0,0
[11:56:08.564] 169,7,0
[11:56:08.567] 170,14,0
[11:56:08.572] 171,24,0
[11:56:08.573] 172,23,0
[11:56:08.575] 173,22,0
[11:56:08.578] 174,15,0
[11:56:08.590] 175,42,0
[11:56:08.590] 176,101,0
[11:56:08.591] 177,185,0
[11:56:08.592] 178,244,0
[11:56:08.595] 179,267,0
[11:56:08.598] 180,308,0
[11:56:08.604] 181,360,0
[11:56:08.619] 182,420,0
[11:56:08.620] 183,486,0
[11:56:08.621] 184,562,0
[11:56:08.625] 185,616,0
[11:56:08.628] 186,661,0
[11:56:08.631] 187,678,0
[11:56:08.633] 188,666,0
[11:56:08.636] 189,628,0
[11:56:08.639] 190,550,0
[11:56:08.642] 191,458,0
[11:56:08.644] 192,358,0
[11:56:08.647] 193,246,5
[11:56:08.652] 194,157,7
[11:56:08.653] 195,101,3
[11:56:08.655] 196,76,8
[11:56:08.661] 197,78,17
[11:56:08.661] 198,103,8
[11:56:08.664] 199,116,10
[11:56:08.670] [HIT] t=2141033 i=0 note=36 vel=127 raw=127 ch=10 rescues=0 thresh=-1.000 peak=-1.000 mask=-1 decay=-1 decaylen=-1 xfilt=-1.000 xfiltdecay=-1.000
[11:56:08.681] [SysEx TX] F0 00 7D 00 05 03 00 00 7F 7F F7
[11:56:08.697] [HIT] t=2141047 i=3 note=51 vel=7 raw=2 ch=10 rescues=0 thresh=-1.000 peak=-1.000 mask=-1 decay=-1 decaylen=-1 xfilt=-1.000 xfiltdecay=-1.000
[11:56:08.718] [SysEx TX] F0 00 7D 00 05 03 03 00 02 07 F7
[11:56:08.724] [SCOPE] input=0 pad_type=0 head_ch=1 rim_ch=0 head_peak=948 rim_peak=52 decision=HEAD samples=200
[11:56:08.725] T,H,R
[11:56:08.726] 0,3,2
[11:56:08.730] 1,3,2
[11:56:08.732] 2,4,3
[11:56:08.735] 3,8,6
[11:56:08.738] 4,2,6
[11:56:08.741] 5,2,0
[11:56:08.743] 6,2,0
[11:56:08.746] 7,4,2
[11:56:08.749] 8,4,5
[11:56:08.752] 9,4,3
[11:56:08.754] 10,8,6
[11:56:08.757] 11,2,2
[11:56:08.762] 12,5,3
[11:56:08.763] 13,2,0
[11:56:08.765] 14,6,3
[11:56:08.768] 15,0,6
[11:56:08.771] 16,3,2
[11:56:08.774] 17,3,0
[11:56:08.777] 18,0,6
[11:56:08.779] 19,6,5
[11:56:08.782] 20,6,4
[11:56:08.789] 21,2,2
[11:56:08.799] 22,6,4
[11:56:08.802] 23,5,3
[11:56:08.808] 24,3,0
[11:56:08.810] 25,5,2
[11:56:08.813] 26,3,0
[11:56:08.819] 27,3,0
[11:56:08.819] 28,0,6
[11:56:08.820] 29,6,5
[11:56:08.824] 30,5,3
[11:56:08.829] 31,5,3
[11:56:08.830] 32,6,5
[11:56:08.833] 33,5,2
[11:56:08.837] 34,3,0
[11:56:08.840] 35,8,5
[11:56:08.842] 36,8,6
[11:56:08.846] 37,5,0
[11:56:08.849] 38,8,0
[11:56:08.851] 39,7,4
[11:56:08.853] 40,8,0
[11:56:08.856] 41,5,8
[11:56:08.859] 42,22,5
[11:56:08.863] 43,0,0
[11:56:08.866] 44,0,2
[11:56:08.868] 45,0,2
[11:56:08.870] 46,0,10
[11:56:08.873] 47,0,23
[11:56:08.876] 48,0,41
[11:56:08.878] 49,0,19
[11:56:08.881] 50,0,30
[11:56:08.884] 51,0,20
[11:56:08.888] 52,0,23
[11:56:08.897] 53,0,31
[11:56:08.899] 54,0,21
[11:56:08.899] 55,12,21
[11:56:08.902] 56,31,16
[11:56:08.905] 57,33,16
[11:56:08.911] 58,34,22
[11:56:08.912] 59,45,23
[11:56:08.916] 60,69,27
[11:56:08.920] 61,99,23
[11:56:08.921] 62,152,10
[11:56:08.921] 63,208,9
[11:56:08.922] 64,265,3
[11:56:08.925] 65,329,0
[11:56:08.928] 66,382,3
[11:56:08.930] 67,447,1
[11:56:08.934] 68,528,2
[11:56:08.937] 69,589,0
[11:56:08.941] 70,641,0
[11:56:08.942] 71,714,0
[11:56:08.945] 72,819,0
[11:56:08.948] 73,910,0
[11:56:08.950] 74,948,0
[11:56:08.954] 75,891,0
[11:56:08.957] 76,814,0
[11:56:08.960] 77,691,0
[11:56:08.963] 78,534,0
[11:56:08.967] 79,372,2
[11:56:08.967] 80,227,2
[11:56:08.969] 81,174,0
[11:56:08.972] 82,181,0
[11:56:08.977] 83,207,0
[11:56:08.978] 84,277,2
[11:56:08.981] 85,340,2
[11:56:08.984] 86,410,0
[11:56:08.987] 87,443,0
[11:56:08.990] 88,457,0
[11:56:08.999] 89,454,1
[11:56:08.999] 90,453,3
[11:56:09.001] 91,442,9
[11:56:09.003] 92,460,7
[11:56:09.007] 93,475,5
[11:56:09.014] 94,517,3
[11:56:09.015] 95,550,2
[11:56:09.015] 96,588,0
[11:56:09.016] 97,623,3
[11:56:09.022] 98,678,3
[11:56:09.024] 99,724,0
[11:56:09.024] 100,761,0
[11:56:09.027] 101,816,0
[11:56:09.031] 102,872,0
[11:56:09.033] 103,902,0
[11:56:09.037] 104,908,0
[11:56:09.040] 105,879,0
[11:56:09.042] 106,840,0
[11:56:09.046] 107,776,0
[11:56:09.048] 108,697,0
[11:56:09.050] 109,591,0
[11:56:09.053] 110,489,0
[11:56:09.055] 111,408,0
[11:56:09.058] 112,316,0
[11:56:09.061] 113,266,1
[11:56:09.064] 114,207,0
[11:56:09.068] 115,149,0
[11:56:09.069] 116,78,0
[11:56:09.072] 117,34,0
[11:56:09.075] 118,0,3
[11:56:09.078] 119,0,0
[11:56:09.081] 120,0,0
[11:56:09.084] 121,0,1
[11:56:09.086] 122,0,0
[11:56:09.088] 123,0,0
[11:56:09.092] 124,0,0
[11:56:09.103] 125,7,0
[11:56:09.103] 126,14,0
[11:56:09.103] 127,24,0
[11:56:09.109] 128,23,0
[11:56:09.111] 129,22,0
[11:56:09.116] 130,15,0
[11:56:09.116] 131,42,0
[11:56:09.118] 132,101,0
[11:56:09.126] 133,185,0
[11:56:09.126] 134,244,0
[11:56:09.127] 135,267,0
[11:56:09.133] 136,308,0
[11:56:09.139] 137,360,0
[11:56:09.139] 138,420,0
[11:56:09.140] 139,486,0
[11:56:09.141] 140,562,0
[11:56:09.144] 141,616,0
[11:56:09.146] 142,661,0
[11:56:09.150] 143,678,0
[11:56:09.152] 144,666,0
[11:56:09.155] 145,628,0
[11:56:09.157] 146,550,0
[11:56:09.160] 147,458,0
[11:56:09.163] 148,358,0
[11:56:09.167] 149,246,5
[11:56:09.171] 150,157,7
[11:56:09.173] 151,101,3
[11:56:09.174] 152,76,8
[11:56:09.177] 153,78,17
[11:56:09.180] 154,103,8
[11:56:09.183] 155,116,10
[11:56:09.186] 156,102,19
[11:56:09.189] 157,77,29
[11:56:09.192] 158,23,29
[11:56:09.194] 159,0,33
[11:56:09.212] 160,0,43
[11:56:09.212] 161,0,41
[11:56:09.216] 162,0,38
[11:56:09.219] 163,0,33
[11:56:09.221] 164,0,41
[11:56:09.223] 165,0,40
[11:56:09.228] 166,0,46
[11:56:09.229] 167,0,52
[11:56:09.231] 168,0,45
[11:56:09.236] 169,0,30
[11:56:09.239] 170,57,25
[11:56:09.241] 171,162,19
[11:56:09.243] 172,280,20
[11:56:09.246] 173,382,19
[11:56:09.249] 174,475,19
[11:56:09.253] 175,533,27
[11:56:09.255] 176,560,6
[11:56:09.257] 177,543,17
[11:56:09.260] 178,528,8
[11:56:09.262] 179,500,2
[11:56:09.265] 180,459,2
[11:56:09.269] 181,430,3
[11:56:09.271] 182,409,0
[11:56:09.275] 183,378,0
[11:56:09.276] 184,393,0
[11:56:09.279] 185,405,0
[11:56:09.282] 186,429,0
[11:56:09.285] 187,438,0
[11:56:09.288] 188,438,0
[11:56:09.291] 189,432,0
[11:56:09.296] 190,396,0
[11:56:09.310] 191,332,0
[11:56:09.310] 192,239,0
[11:56:09.322] 193,154,0
[11:56:09.325] 194,73,3
[11:56:09.336] 195,0,1
[11:56:09.340] 196,0,4
[11:56:09.343] 197,0,2
[11:56:09.343] 198,0,10
[11:56:09.344] 199,0,7
[11:56:09.352] [HIT] t=2141713 i=0 note=36 vel=127 raw=127 ch=10 rescues=0 thresh=-1.000 peak=-1.000 mask=-1 decay=-1 decaylen=-1 xfilt=-1.000 xfiltdecay=-1.000
[11:56:09.361] [SysEx TX] F0 00 7D 00 05 03 00 00 7F 7F F7
[11:56:09.365] [SCOPE] input=0 pad_type=0 head_ch=1 rim_ch=0 head_peak=335 rim_peak=21 decision=HEAD samples=200
[11:56:09.368] T,H,R
[11:56:09.371] 0,134,0
[11:56:09.376] 1,99,2
[11:56:09.378] 2,47,6
[11:56:09.379] 3,0,5
[11:56:09.386] 4,0,7
[11:56:09.389] 5,0,16
[11:56:09.391] 6,0,11
[11:56:09.396] 7,0,11
[11:56:09.397] 8,0,10
[11:56:09.409] 9,0,21
[11:56:09.409] 10,0,13
[11:56:09.411] 11,0,10
[11:56:09.411] 12,0,17
[11:56:09.418] 13,0,9
[11:56:09.424] 14,27,10
[11:56:09.426] 15,58,8
[11:56:09.428] 16,92,10
[11:56:09.433] 17,122,10
[11:56:09.433] 18,149,6
[11:56:09.436] 19,165,11
[11:56:09.439] 20,189,6
[11:56:09.442] 21,208,15
[11:56:09.446] 22,214,10
[11:56:09.448] 23,222,17
[11:56:09.451] 24,233,21
[11:56:09.453] 25,250,10
[11:56:09.457] 26,261,14
[11:56:09.459] 27,281,8
[11:56:09.462] 28,293,6
[11:56:09.465] 29,309,6
[11:56:09.467] 30,319,12
[11:56:09.471] 31,335,4
[11:56:09.473] 32,329,7
[11:56:09.478] 33,316,4
[11:56:09.480] 34,294,2
[11:56:09.482] 35,267,0
[11:56:09.486] 36,231,4
[11:56:09.488] 37,200,2
[11:56:09.494] 38,158,2
[11:56:09.542] 39,117,6
[11:56:09.551] 40,70,7
[11:56:09.551] 41,21,6
[11:56:09.552] 42,0,6
[11:56:09.556] 43,0,2
[11:56:09.557] 44,0,10
[11:56:09.560] 45,0,19
[11:56:09.563] 46,0,7
[11:56:09.566] 47,0,16
[11:56:09.568] 48,0,10
[11:56:09.571] 49,0,10
[11:56:09.574] 50,0,18
[11:56:09.577] 51,0,4
[11:56:09.583] 52,0,8
[11:56:09.585] 53,0,7
[11:56:09.586] 54,0,6
[11:56:09.588] 55,0,4
[11:56:09.591] 56,8,4
[11:56:09.598] 57,36,2
[11:56:09.598] 58,58,5
[11:56:09.600] 59,77,7
[11:56:09.604] 60,99,6
[11:56:09.615] 61,117,0
[11:56:09.619] 62,138,1
[11:56:09.620] 63,143,0
[11:56:09.628] 64,169,1
[11:56:09.636] 65,188,0
[11:56:09.636] 66,220,0
[11:56:09.637] 67,240,0
[11:56:09.637] 68,273,0
[11:56:09.641] 69,280,0
[11:56:09.643] 70,288,0
[11:56:09.647] 71,278,0
[11:56:09.649] 72,266,0
[11:56:09.651] 73,244,0
[11:56:09.654] 74,214,0
[11:56:09.659] 75,168,0
[11:56:09.661] 76,123,0
[11:56:09.664] 77,91,0
[11:56:09.666] 78,47,0
[11:56:09.673] 79,24,0
[11:56:09.674] 80,0,0
[11:56:09.675] 81,0,0
[11:56:09.676] 82,0,0
[11:56:09.682] 83,0,0
[11:56:09.683] 84,0,0
[11:56:09.686] 85,0,1
[11:56:09.689] 86,0,0
[11:56:09.692] 87,0,0
[11:56:09.694] 88,0,1
[11:56:09.697] 89,0,0
[11:56:09.700] 90,0,2
[11:56:09.702] 91,0,3
[11:56:09.706] 92,0,2
[11:56:09.717] 93,0,3
[11:56:09.718] 94,0,8
[11:56:09.719] 95,0,16
[11:56:09.725] 96,0,6
[11:56:09.725] 97,0,2
[11:56:09.731] 98,10,3
[11:56:09.732] 99,41,4
[11:56:09.733] 100,84,2
[11:56:09.739] 101,111,2
[11:56:09.741] 102,154,2
[11:56:09.742] 103,193,0
[11:56:09.743] 104,213,0
[11:56:09.745] 105,226,0
[11:56:09.755] 106,238,0
[11:56:09.755] 107,238,0
[11:56:09.755] 108,239,0
[11:56:09.756] 109,235,0
[11:56:09.760] 110,218,0
[11:56:09.764] 111,198,0
[11:56:09.767] 112,169,0
[11:56:09.769] 113,148,0
[11:56:09.772] 114,130,0
[11:56:09.775] 115,109,0
[11:56:09.777] 116,100,0
[11:56:09.780] 117,86,0
[11:56:09.785] 118,71,0
[11:56:09.786] 119,42,0
[11:56:09.789] 120,21,0
[11:56:09.791] 121,0,0
[11:56:09.798] 122,0,0
[11:56:09.798] 123,0,0
[11:56:09.800] 124,0,0
[11:56:09.813] 125,0,0
[11:56:09.813] 126,0,0
[11:56:09.813] 127,0,0
[11:56:09.820] 128,0,0
[11:56:09.820] 129,0,2
[11:56:09.822] 130,0,0
[11:56:09.825] 131,0,0
[11:56:09.832] 132,0,0
[11:56:09.833] 133,0,6
[11:56:09.833] 134,0,2
[11:56:09.842] 135,0,0
[11:56:09.842] 136,18,1
[11:56:09.843] 137,41,5
[11:56:09.843] 138,65,1
[11:56:09.847] 139,82,1
[11:56:09.854] 140,117,0
[11:56:09.854] 141,137,0
[11:56:09.855] 142,157,0
[11:56:09.859] 143,165,0
[11:56:09.864] 144,175,0
[11:56:09.864] 145,204,1
[11:56:09.866] 146,216,4
[11:56:09.870] 147,222,1
[11:56:09.872] 148,222,0
[11:56:09.875] 149,218,3
[11:56:09.886] 150,207,0
[11:56:09.886] 151,199,0
[11:56:09.893] 152,178,0
[11:56:09.893] 153,158,3
[11:56:09.894] 154,139,1
[11:56:09.899] 155,117,2
[11:56:09.899] 156,109,0
[11:56:09.909] 157,93,0
[11:56:09.909] 158,76,1
[11:56:09.910] 159,58,2
[11:56:09.910] 160,40,0
[11:56:09.921] 161,16,2
[11:56:09.921] 162,0,2
[11:56:09.921] 163,0,2
[11:56:09.922] 164,0,16
[11:56:09.926] 165,0,7
[11:56:09.936] 166,0,7
[11:56:09.936] 167,0,5
[11:56:09.937] 168,0,20
[11:56:09.937] 169,0,14
[11:56:09.952] 170,0,12
[11:56:09.952] 171,0,0
[11:56:09.952] 172,0,2
[11:56:09.952] 173,0,16
[11:56:09.958] 174,0,7
[11:56:09.960] 175,2,12
[11:56:09.963] 176,23,14
[11:56:09.966] 177,38,16
[11:56:09.969] 178,61,11
[11:56:09.973] 179,73,6
[11:56:09.974] 180,100,10
[11:56:09.977] 181,107,18
[11:56:09.980] 182,126,5
[11:56:09.983] 183,144,10
[11:56:09.987] 184,147,5
[11:56:09.990] 185,152,9
[11:56:09.992] 186,174,3
[11:56:09.994] 187,182,7
[11:56:09.998] 188,187,6
[11:56:10.001] 189,188,8
[11:56:10.003] 190,200,8
[11:56:10.006] 191,188,0
[11:56:10.008] 192,182,3
[11:56:10.012] 193,163,6
[11:56:10.022] 194,149,3
[11:56:10.022] 195,123,3
[11:56:10.023] 196,94,8
[11:56:10.023] 197,70,7
[11:56:10.031] 198,44,7
[11:56:10.032] 199,10,5
[11:56:10.038] [HIT] t=2142401 i=0 note=36 vel=12 raw=12 ch=10 rescues=0 thresh=-1.000 peak=-1.000 mask=-1 decay=-1 decaylen=-1 xfilt=-1.000 xfiltdecay=-1.000
[11:56:10.055] [SysEx TX] F0 00 7D 00 05 03 00 00 0C 0C F7
[11:56:10.055] [SCOPE] input=0 pad_type=0 head_ch=1 rim_ch=0 head_peak=74 rim_peak=16 decision=HEAD samples=200
[11:56:10.056] T,H,R
[11:56:10.056] 0,0,2
[11:56:10.060] 1,0,5
[11:56:10.063] 2,0,5
[11:56:10.066] 3,0,2
[11:56:10.074] 4,0,3
[11:56:10.074] 5,0,6
[11:56:10.074] 6,0,4
[11:56:10.078] 7,0,3
[11:56:10.081] 8,0,3
[11:56:10.083] 9,0,3
[11:56:10.086] 10,0,3
[11:56:10.089] 11,0,2
[11:56:10.092] 12,0,2
[11:56:10.094] 13,0,4
[11:56:10.097] 14,0,6
[11:56:10.101] 15,4,5
[11:56:10.102] 16,15,7
[11:56:10.108] 17,25,0
[11:56:10.109] 18,31,7
[11:56:10.111] 19,44,3
[11:56:10.114] 20,50,4
[11:56:10.124] 21,53,7
[11:56:10.124] 22,67,3
[11:56:10.124] 23,74,2
[11:56:10.127] 24,72,8
[11:56:10.131] 25,69,16
[11:56:10.133] 26,70,0
[11:56:10.135] 27,64,1
[11:56:10.140] 28,71,2
[11:56:10.141] 29,65,2
[11:56:10.147] 30,57,2
[11:56:10.148] 31,45,9
[11:56:10.148] 32,48,2
[11:56:10.151] 33,34,2
[11:56:10.154] 34,23,5
[11:56:10.157] 35,17,7
[11:56:10.159] 36,6,0
[11:56:10.162] 37,0,2
[11:56:10.165] 38,0,6
[11:56:10.167] 39,0,6
[11:56:10.170] 40,0,3
[11:56:10.173] 41,0,6
[11:56:10.176] 42,0,2
[11:56:10.179] 43,0,2
[11:56:10.186] 44,0,0
[11:56:10.186] 45,0,6
[11:56:10.201] 46,0,4
[11:56:10.201] 47,0,5
[11:56:10.201] 48,0,4
[11:56:10.202] 49,0,6
[11:56:10.205] 50,0,5
[11:56:10.207] 51,0,8
[11:56:10.210] 52,0,2
[11:56:10.212] 53,0,5
[11:56:10.215] 54,0,1
[11:56:10.218] 55,2,3
[11:56:10.227] 56,11,0
[11:56:10.228] 57,21,2
[11:56:10.229] 58,27,2
[11:56:10.233] 59,36,5
[11:56:10.234] 60,42,0
[11:56:10.237] 61,53,3
[11:56:10.242] 62,53,6
[11:56:10.242] 63,57,2
[11:56:10.251] 64,57,2
[11:56:10.251] 65,54,2
[11:56:10.252] 66,59,1
[11:56:10.253] 67,58,0
[11:56:10.255] 68,55,4
[11:56:10.258] 69,45,0
[11:56:10.261] 70,43,0
[11:56:10.264] 71,42,1
[11:56:10.267] 72,33,1
[11:56:10.270] 73,23,0
[11:56:10.273] 74,20,0
[11:56:10.276] 75,12,2
[11:56:10.278] 76,2,4
[11:56:10.282] 77,0,3
[11:56:10.286] 78,0,3
[11:56:10.287] 79,0,1
[11:56:10.290] 80,0,2
[11:56:10.292] 81,0,1
[11:56:10.296] 82,0,1
[11:56:10.298] 83,0,6
[11:56:10.301] 84,0,0
[11:56:10.303] 85,0,0
[11:56:10.307] 86,0,1
[11:56:10.309] 87,0,0
[11:56:10.312] 88,0,1
[11:56:10.314] 89,0,2
[11:56:10.317] 90,0,5
[11:56:10.320] 91,0,2
[11:56:10.331] 92,0,0
[11:56:10.331] 93,0,4
[11:56:10.332] 94,0,6
[11:56:10.332] 95,2,0
[11:56:10.335] 96,9,2
[11:56:10.338] 97,24,2
[11:56:10.344] 98,23,0
[11:56:10.345] 99,35,2
[11:56:10.346] 100,47,0
[11:56:10.348] 101,49,2
[11:56:10.356] 102,45,2
[11:56:10.357] 103,51,2
[11:56:10.358] 104,57,2
[11:56:10.360] 105,58,2
[11:56:10.364] 106,58,0
[11:56:10.366] 107,57,1
[11:56:10.368] 108,46,0
[11:56:10.372] 109,45,2
[11:56:10.374] 110,41,1
[11:56:10.377] 111,30,1
[11:56:10.379] 112,20,3
[11:56:10.382] 113,15,0
[11:56:10.386] 114,7,2
[11:56:10.389] 115,6,0
[11:56:10.391] 116,8,1
[11:56:10.394] 117,0,0
[11:56:10.397] 118,0,0
[11:56:10.400] 119,0,1
[11:56:10.402] 120,0,2
[11:56:10.405] 121,0,1
[11:56:10.408] 122,0,2
[11:56:10.410] 123,0,8
[11:56:10.414] 124,0,16
[11:56:10.416] 125,0,1
[11:56:10.418] 126,0,0
[11:56:10.433] 127,0,1
[11:56:10.435] 128,0,0
[11:56:10.438] 129,0,1
[11:56:10.438] 130,0,2
[11:56:10.440] 131,0,0
[11:56:10.442] 132,0,2
[11:56:10.445] 133,0,5
[11:56:10.448] 134,0,3
[11:56:10.459] 135,6,1
[11:56:10.459] 136,11,2
[11:56:10.460] 137,19,1
[11:56:10.460] 138,27,2
[11:56:10.464] 139,31,1
[11:56:10.466] 140,36,16
[11:56:10.469] 141,38,0
[11:56:10.471] 142,45,2
[11:56:10.474] 143,47,5
[11:56:10.478] 144,60,1
[11:56:10.480] 145,60,8
[11:56:10.488] 146,47,0
[11:56:10.492] 147,58,1
[11:56:10.493] 148,50,4
[11:56:10.494] 149,40,4
[11:56:10.496] 150,37,0
[11:56:10.504] 151,29,0
[11:56:10.508] 152,15,0
[11:56:10.509] 153,19,2
[11:56:10.512] 154,7,4
[11:56:10.515] 155,3,0
[11:56:10.518] 156,0,2
[11:56:10.521] 157,0,0
[11:56:10.525] 158,0,7
[11:56:10.542] 159,0,0
[11:56:10.542] 160,0,0
[11:56:10.542] 161,0,0
[11:56:10.544] 162,0,1
[11:56:10.548] 163,0,2
[11:56:10.560] 164,0,4
[11:56:10.560] 165,0,0
[11:56:10.561] 166,0,2
[11:56:10.561] 167,0,0
[11:56:10.565] 168,0,2
[11:56:10.567] 169,0,5
[11:56:10.570] 170,0,7
[11:56:10.573] 171,0,2
[11:56:10.576] 172,0,0
[11:56:10.582] 173,1,2
[11:56:10.583] 174,0,5
[11:56:10.584] 175,10,2
[11:56:10.586] 176,20,3
[11:56:10.590] 177,22,2
[11:56:10.592] 178,23,1
[11:56:10.595] 179,31,3
[11:56:10.600] 180,34,2
[11:56:10.601] 181,38,3
[11:56:10.604] 182,44,0
[11:56:10.608] 183,41,8
[11:56:10.611] 184,45,3
[11:56:10.613] 185,47,3
[11:56:10.615] 186,41,5
[11:56:10.623] 187,41,3
[11:56:10.624] 188,39,3
[11:56:10.624] 189,34,7
[11:56:10.626] 190,27,1
[11:56:10.638] 191,26,0
[11:56:10.638] 192,24,4
[11:56:10.639] 193,19,8
[11:56:10.639] 194,4,3
[11:56:10.642] 195,3,4
[11:56:10.646] 196,0,7
[11:56:10.648] 197,0,8
[11:56:10.653] 198,0,5
[11:56:10.653] 199,0,8
[11:56:10.674] [HIT] t=2143030 i=3 note=51 vel=7 raw=2 ch=10 rescues=0 thresh=-1.000 peak=-1.000 mask=-1 decay=-1 decaylen=-1 xfilt=-1.000 xfiltdecay=-1.000
[11:56:10.676] [SysEx TX] F0 00 7D 00 05 03 03 00 02 07 F7
[11:56:10.682] [HIT] t=2143044 i=0 note=36 vel=56 raw=56 ch=10 rescues=0 thresh=-1.000 peak=-1.000 mask=-1 decay=-1 decaylen=-1 xfilt=-1.000 xfiltdecay=-1.000
[11:56:10.692] [SysEx TX] F0 00 7D 00 05 03 00 00 38 38 F7
[11:56:10.695] [SCOPE] input=0 pad_type=0 head_ch=1 rim_ch=0 head_peak=108 rim_peak=10 decision=HEAD samples=200
[11:56:10.698] T,H,R
[11:56:10.702] 0,3,6
[11:56:10.704] 1,0,2
[11:56:10.707] 2,3,4
[11:56:10.709] 3,0,3
[11:56:10.711] 4,0,0
[11:56:10.715] 5,2,5
[11:56:10.718] 6,0,10
[11:56:10.720] 7,0,2
[11:56:10.724] 8,1,5
[11:56:10.726] 9,1,0
[11:56:10.729] 10,0,2
[11:56:10.743] 11,0,2
[11:56:10.744] 12,1,8
[11:56:10.744] 13,1,6
[11:56:10.747] 14,3,0
[11:56:10.755] 15,0,3
[11:56:10.755] 16,5,2
[11:56:10.756] 17,0,2
[11:56:10.759] 18,0,2
[11:56:10.764] 19,1,3
[11:56:10.765] 20,0,4
[11:56:10.769] 21,1,5
[11:56:10.769] 22,2,3
[11:56:10.773] 23,2,1
[11:56:10.775] 24,2,3
[11:56:10.777] 25,0,5
[11:56:10.780] 26,2,3
[11:56:10.783] 27,0,0
[11:56:10.786] 28,3,2
[11:56:10.789] 29,0,1
[11:56:10.791] 30,0,5
[11:56:10.794] 31,1,4
[11:56:10.798] 32,3,3
[11:56:10.799] 33,0,2
[11:56:10.803] 34,2,2
[11:56:10.806] 35,0,0
[11:56:10.808] 36,0,2
[11:56:10.811] 37,0,0
[11:56:10.814] 38,0,0
[11:56:10.816] 39,0,0
[11:56:10.819] 40,0,2
[11:56:10.823] 41,0,3
[11:56:10.826] 42,1,1
[11:56:10.828] 43,0,2
[11:56:10.831] 44,1,1
[11:56:10.844] 45,1,3
[11:56:10.846] 46,0,3
[11:56:10.847] 47,2,3
[11:56:10.848] 48,0,0
[11:56:10.851] 49,1,2
[11:56:10.857] 50,0,4
[11:56:10.858] 51,1,0
[11:56:10.859] 52,0,4
[11:56:10.866] 53,1,3
[11:56:10.866] 54,0,6
[11:56:10.866] 55,2,2
[11:56:10.871] 56,0,0
[11:56:10.878] 57,0,0
[11:56:10.878] 58,1,1
[11:56:10.879] 59,0,0
[11:56:10.882] 60,0,0
[11:56:10.885] 61,1,2
[11:56:10.888] 62,3,2
[11:56:10.891] 63,2,4
[11:56:10.894] 64,4,5
[11:56:10.896] 65,2,2
[11:56:10.899] 66,2,2
[11:56:10.902] 67,3,0
[11:56:10.904] 68,0,3
[11:56:10.907] 69,3,3
[11:56:10.909] 70,0,1
[11:56:10.912] 71,6,1
[11:56:10.916] 72,0,0
[11:56:10.918] 73,1,10
[11:56:10.921] 74,2,4
[11:56:10.924] 75,2,2
[11:56:10.926] 76,5,4
[11:56:10.930] 77,2,0
[11:56:10.934] 78,0,2
[11:56:10.935] 79,0,3
[11:56:10.946] 80,0,3
[11:56:10.948] 81,8,1
[11:56:10.949] 82,4,2
[11:56:10.952] 83,4,2
[11:56:10.958] 84,4,5
[11:56:10.961] 85,2,0
[11:56:10.963] 86,0,0
[11:56:10.968] 87,3,1
[11:56:10.968] 88,3,0
[11:56:10.968] 89,5,1
[11:56:10.971] 90,0,1
[11:56:10.974] 91,0,3
[11:56:10.978] 92,0,2
[11:56:10.983] 93,0,1
[11:56:10.985] 94,0,0
[11:56:10.985] 95,0,0
[11:56:10.989] 96,0,1
[11:56:10.991] 97,2,1
[11:56:10.994] 98,19,5
[11:56:10.997] 99,25,0
[11:56:11.000] 100,41,0
[11:56:11.003] 101,45,2
[11:56:11.005] 102,56,0
[11:56:11.012] 103,73,0
[11:56:11.019] 104,87,0
[11:56:11.019] 105,88,0
[11:56:11.020] 106,94,0
[11:56:11.020] 107,108,0
[11:56:11.023] 108,107,2
[11:56:11.028] 109,103,0
[11:56:11.029] 110,98,0
[11:56:11.033] 111,90,1
[11:56:11.037] 112,73,2
[11:56:11.038] 113,54,1
[11:56:11.051] 114,46,4
[11:56:11.054] 115,33,2
[11:56:11.054] 116,16,1
[11:56:11.055] 117,2,2
[11:56:11.059] 118,0,1
[11:56:11.062] 119,0,4
[11:56:11.062] 120,0,0
[11:56:11.071] 121,0,0
[11:56:11.072] 122,0,0
[11:56:11.074] 123,0,3
[11:56:11.077] 124,0,3
[11:56:11.081] 125,0,10
[11:56:11.085] 126,0,3
[11:56:11.089] 127,0,6
[11:56:11.090] 128,0,4
[11:56:11.092] 129,0,8
[11:56:11.095] 130,0,1
[11:56:11.099] 131,0,6
[11:56:11.103] 132,1,3
[11:56:11.104] 133,11,3
[11:56:11.106] 134,21,3
[11:56:11.109] 135,31,5
[11:56:11.112] 136,33,6
[11:56:11.116] 137,34,3
[11:56:11.117] 138,54,4
[11:56:11.120] 139,57,3
[11:56:11.122] 140,61,0
[11:56:11.125] 141,59,2
[11:56:11.132] 142,71,0
[11:56:11.132] 143,63,2
[11:56:11.136] 144,71,2
[11:56:11.137] 145,62,0
[11:56:11.140] 146,59,4
[11:56:11.150] 147,55,0
[11:56:11.152] 148,53,1
[11:56:11.152] 149,47,4
[11:56:11.159] 150,38,1
[11:56:11.161] 151,39,1
[11:56:11.166] 152,37,0
[11:56:11.166] 153,27,1
[11:56:11.169] 154,34,0
[11:56:11.171] 155,29,1
[11:56:11.174] 156,24,0
[11:56:11.177] 157,10,0
[11:56:11.180] 158,6,3
[11:56:11.183] 159,0,4
[11:56:11.186] 160,0,1
[11:56:11.189] 161,0,5
[11:56:11.191] 162,0,0
[11:56:11.194] 163,0,0
[11:56:11.196] 164,0,1
[11:56:11.199] 165,0,0
[11:56:11.202] 166,0,8
[11:56:11.205] 167,0,2
[11:56:11.214] 168,0,2
[11:56:11.220] 169,0,2
[11:56:11.222] 170,0,7
[11:56:11.222] 171,0,2
[11:56:11.223] 172,0,5
[11:56:11.228] 173,0,3
[11:56:11.232] 174,0,3
[11:56:11.233] 175,0,3
[11:56:11.235] 176,8,2
[11:56:11.239] 177,21,4
[11:56:11.243] 178,34,5
[11:56:11.252] 179,48,2
[11:56:11.252] 180,58,6
[11:56:11.252] 181,63,8
[11:56:11.256] 182,77,8
[11:56:11.261] 183,76,3
[11:56:11.263] 184,85,2
[11:56:11.267] 185,88,3
[11:56:11.267] 186,86,5
[11:56:11.270] 187,86,2
[11:56:11.276] 188,86,7
[11:56:11.276] 189,73,3
[11:56:11.278] 190,67,4
[11:56:11.284] 191,56,2
[11:56:11.284] 192,44,8
[11:56:11.286] 193,34,6
[11:56:11.288] 194,19,6
[11:56:11.292] 195,7,8
[11:56:11.295] 196,0,2
[11:56:11.297] 197,0,7
[11:56:11.302] 198,0,3
[11:56:11.304] 199,0,3
[11:56:11.313] [RIM] t=2143676 i=0 note=36 vel=127 raw=127 ch=10 rescues=0 thresh=-1.000 peak=-1.000 mask=-1 decay=-1 decaylen=-1 xfilt=-1.000 xfiltdecay=-1.000
[11:56:11.323] [SysEx TX] F0 00 7D 00 05 03 00 01 7F 7F F7
[11:56:11.330] [SCOPE] input=0 pad_type=0 head_ch=1 rim_ch=0 head_peak=4095 rim_peak=2687 decision=RIM samples=200
[11:56:11.332] T,H,R
[11:56:11.333] 0,4,1
[11:56:11.335] 1,3,2
[11:56:11.337] 2,1,2
[11:56:11.340] 3,1,0
[11:56:11.343] 4,4,2
[11:56:11.357] 5,0,8
[11:56:11.358] 6,2,0
[11:56:11.358] 7,1,6
[11:56:11.362] 8,4,1
[11:56:11.364] 9,0,2
[11:56:11.370] 10,0,1
[11:56:11.371] 11,2,2
[11:56:11.376] 12,0,0
[11:56:11.376] 13,0,0
[11:56:11.377] 14,1,0
[11:56:11.379] 15,0,2
[11:56:11.385] 16,0,2
[11:56:11.387] 17,0,0
[11:56:11.388] 18,1,1
[11:56:11.390] 19,4,1
[11:56:11.393] 20,0,4
[11:56:11.397] 21,0,2
[11:56:11.400] 22,1,6
[11:56:11.401] 23,0,1
[11:56:11.407] 24,1,0
[11:56:11.410] 25,4,0
[11:56:11.412] 26,0,2
[11:56:11.415] 27,0,0
[11:56:11.419] 28,4,4
[11:56:11.423] 29,0,0
[11:56:11.424] 30,3,2
[11:56:11.427] 31,6,5
[11:56:11.430] 32,8,3
[11:56:11.432] 33,5,0
[11:56:11.435] 34,1,0
[11:56:11.440] 35,2,0
[11:56:11.441] 36,2,5
[11:56:11.443] 37,1,5
[11:56:11.445] 38,3,2
[11:56:11.450] 39,0,0
[11:56:11.456] 40,0,5
[11:56:11.456] 41,6,2
[11:56:11.459] 42,2,1
[11:56:11.463] 43,0,2
[11:56:11.466] 44,0,0
[11:56:11.471] 45,2,5
[11:56:11.471] 46,2,3
[11:56:11.474] 47,6,2
[11:56:11.478] 48,2,0
[11:56:11.479] 49,2,2
[11:56:11.480] 50,3,1
[11:56:11.483] 51,1,2
[11:56:11.487] 52,0,0
[11:56:11.489] 53,0,2
[11:56:11.492] 54,8,4
[11:56:11.495] 55,2,2
[11:56:11.513] 56,0,4
[11:56:11.514] 57,6,1
[11:56:11.516] 58,3,5
[11:56:11.520] 59,0,4
[11:56:11.525] 60,3,0
[11:56:11.528] 61,6,1
[11:56:11.529] 62,1,2
[11:56:11.532] 63,3,2
[11:56:11.535] 64,4,3
[11:56:11.538] 65,1,1
[11:56:11.544] 66,6,1
[11:56:11.544] 67,0,0
[11:56:11.547] 68,0,0
[11:56:11.549] 69,2,2
[11:56:11.570] 70,2,1
[11:56:11.570] 71,3,2
[11:56:11.571] 72,4,3
[11:56:11.579] 73,2,0
[11:56:11.585] 74,2,3
[11:56:11.594] 75,2,2
[11:56:11.595] 76,2,2
[11:56:11.595] 77,5,5
[11:56:11.595] 78,7,2
[11:56:11.602] 79,2,0
[11:56:11.603] 80,5,1
[11:56:11.606] 81,4,2
[11:56:11.614] 82,3,1
[11:56:11.614] 83,0,3
[11:56:11.614] 84,6,2
[11:56:11.615] 85,3,0
[11:56:11.618] 86,5,0
[11:56:11.621] 87,2,3
[11:56:11.624] 88,3,4
[11:56:11.628] 89,5,2
[11:56:11.630] 90,1,2
[11:56:11.636] 91,2,3
[11:56:11.636] 92,3,5
[11:56:11.637] 93,1,0
[11:56:11.641] 94,3,3
[11:56:11.645] 95,0,3
[11:56:11.647] 96,0,179
[11:56:11.650] 97,0,391
[11:56:11.656] 98,0,118
[11:56:11.661] 99,0,302
[11:56:11.661] 100,33,184
[11:56:11.662] 101,79,109
[11:56:11.664] 102,118,265
[11:56:11.668] 103,92,205
[11:56:11.670] 104,217,0
[11:56:11.675] 105,0,0
[11:56:11.677] 106,0,0
[11:56:11.685] 107,0,274
[11:56:11.686] 108,0,918
[11:56:11.686] 109,0,0
[11:56:11.686] 110,0,368
[11:56:11.691] 111,0,2210
[11:56:11.694] 112,0,1221
[11:56:11.698] 113,0,758
[11:56:11.699] 114,2854,1254
[11:56:11.703] 115,4095,0
[11:56:11.704] 116,4095,340
[11:56:11.707] 117,4095,1074
[11:56:11.709] 118,4095,0
[11:56:11.712] 119,4095,0
[11:56:11.715] 120,4095,301
[11:56:11.719] 121,4095,1093
[11:56:11.722] 122,4095,1449
[11:56:11.724] 123,4095,409
[11:56:11.727] 124,4095,1315
[11:56:11.730] 125,4095,1080
[11:56:11.732] 126,4095,649
[11:56:11.737] 127,4095,1679
[11:56:11.740] 128,4085,2103
[11:56:11.740] 129,4095,1101
[11:56:11.743] 130,4095,970
[11:56:11.747] 131,4095,668
[11:56:11.749] 132,4095,294
[11:56:11.753] 133,4095,331
[11:56:11.764] 134,4095,0
[11:56:11.772] 135,4095,0
[11:56:11.773] 136,2723,23
[11:56:11.773] 137,674,498
[11:56:11.773] 138,0,61
[11:56:11.790] 139,0,178
[11:56:11.790] 140,0,249
[11:56:11.791] 141,0,379
[11:56:11.791] 142,0,918
[11:56:11.797] 143,0,1321
[11:56:11.798] 144,41,1718
[11:56:11.800] 145,722,1800
[11:56:11.804] 146,1774,1894
[11:56:11.806] 147,2141,2240
[11:56:11.814] 148,1470,2237
[11:56:11.815] 149,0,1935
[11:56:11.816] 150,0,2245
[11:56:11.842] 151,0,2595
[11:56:11.848] 152,0,2687
[11:56:11.850] 153,0,2437
[11:56:11.853] 154,0,1421
[11:56:11.856] 155,350,1161
[11:56:11.866] 156,1080,1349
[11:56:11.869] 157,2089,1405
[11:56:11.870] 158,3029,1257
[11:56:11.892] 159,3501,1262
[11:56:11.895] 160,3813,1212
[11:56:11.902] 161,4022,1382
[11:56:11.902] 162,4095,1426
[11:56:11.903] 163,4095,1956
[11:56:11.906] 164,4095,2264
[11:56:11.909] 165,4095,2066
[11:56:11.911] 166,4095,1994
[11:56:11.915] 167,4095,2025
[11:56:11.917] 168,4095,1831
[11:56:11.920] 169,4095,1731
[11:56:11.923] 170,4095,1706
[11:56:11.926] 171,4095,1303
[11:56:11.928] 172,4095,1000
[11:56:11.931] 173,4095,763
[11:56:11.935] 174,4095,446
[11:56:11.937] 175,3722,378
[11:56:11.940] 176,3129,368
[11:56:11.942] 177,2663,173
[11:56:11.946] 178,2359,94
[11:56:11.949] 179,1774,0
[11:56:11.952] 180,825,0
[11:56:11.955] 181,0,252
[11:56:11.958] 182,0,493
[11:56:11.971] 183,0,685
[11:56:11.972] 184,0,843
[11:56:11.972] 185,0,1037
[11:56:11.972] 186,0,1176
[11:56:11.977] 187,0,1243
[11:56:11.983] 188,0,1403
[11:56:11.984] 189,0,1206
[11:56:11.985] 190,0,1260
[11:56:11.991] 191,0,1504
[11:56:11.991] 192,0,1202
[11:56:11.992] 193,517,841
[11:56:11.995] 194,1454,606
[11:56:11.999] 195,2651,565
[11:56:12.001] 196,4095,687
[11:56:12.004] 197,4095,717
[11:56:12.006] 198,4095,652
[11:56:12.009] 199,4095,823
[11:56:12.016] [HIT] t=2144379 i=0 note=36 vel=127 raw=127 ch=10 rescues=0 thresh=-1.000 peak=-1.000 mask=-1 decay=-1 decaylen=-1 xfilt=-1.000 xfiltdecay=-1.000
[11:56:12.026] [SysEx TX] F0 00 7D 00 05 03 00 00 7F 7F F7
[11:56:12.029] [SCOPE] input=0 pad_type=0 head_ch=1 rim_ch=0 head_peak=4095 rim_peak=4095 decision=HEAD samples=200
[11:56:12.032] T,H,R
[11:56:12.034] 0,0,33
[11:56:12.037] 1,0,33
[11:56:12.041] 2,0,33
[11:56:12.043] 3,0,30
[11:56:12.045] 4,30,34
[11:56:12.048] 5,73,42
[11:56:12.052] 6,117,35
[11:56:12.054] 7,172,42
[11:56:12.056] 8,243,42
[11:56:12.060] 9,328,42
[11:56:12.070] 10,409,31
[11:56:12.070] 11,524,37
[11:56:12.070] 12,635,33
[11:56:12.072] 13,733,32
[11:56:12.075] 14,829,26
[11:56:12.081] 15,901,24
[11:56:12.082] 16,961,25
[11:56:12.084] 17,999,22
[11:56:12.086] 18,1024,21
[11:56:12.099] 19,1040,18
[11:56:12.099] 20,1045,2
[11:56:12.101] 21,1035,1
[11:56:12.101] 22,1005,1
[11:56:12.112] 23,994,0
[11:56:12.112] 24,953,0
[11:56:12.112] 25,922,0
[11:56:12.112] 26,870,0
[11:56:12.117] 27,812,0
[11:56:12.120] 28,743,0
[11:56:12.121] 29,645,3
[11:56:12.124] 30,551,2
[11:56:12.127] 31,428,7
[11:56:12.130] 32,281,20
[11:56:12.135] 33,137,21
[11:56:12.140] 34,0,28
[11:56:12.142] 35,0,33
[11:56:12.144] 36,0,26
[11:56:12.147] 37,0,36
[11:56:12.148] 38,0,23
[11:56:12.151] 39,0,33
[11:56:12.155] 40,0,22
[11:56:12.156] 41,0,38
[11:56:12.159] 42,0,45
[11:56:12.162] 43,0,38
[11:56:12.175] 44,0,37
[11:56:12.175] 45,0,33
[11:56:12.175] 46,57,40
[11:56:12.176] 47,163,33
[11:56:12.179] 48,289,33
[11:56:12.182] 49,415,32
[11:56:12.184] 50,542,28
[11:56:12.188] 51,665,24
[11:56:12.189] 52,766,23
[11:56:12.191] 53,863,14
[11:56:12.197] 54,943,7
[11:56:12.200] 55,1005,11
[11:56:12.200] 56,1058,9
[11:56:12.204] 57,1085,5
[11:56:12.207] 58,1108,3
[11:56:12.210] 59,1109,0
[11:56:12.213] 60,1097,0
[11:56:12.216] 61,1066,0
[11:56:12.219] 62,1015,0
[11:56:12.221] 63,948,0
[11:56:12.224] 64,878,0
[11:56:12.227] 65,809,0
[11:56:12.230] 66,733,0
[11:56:12.232] 67,655,0
[11:56:12.235] 68,581,0
[11:56:12.238] 69,2,0
[11:56:12.240] 70,1,3
[11:56:12.243] 71,0,8
[11:56:12.246] 72,1,3
[11:56:12.250] 73,2,1
[11:56:12.252] 74,2,6
[11:56:12.254] 75,0,1
[11:56:12.258] 76,2,8
[11:56:12.261] 77,0,0
[11:56:12.264] 78,4,6
[11:56:12.266] 79,2,2
[11:56:12.276] 80,1,4
[11:56:12.276] 81,0,3
[11:56:12.277] 82,0,2
[11:56:12.281] 83,0,3
[11:56:12.284] 84,2,0
[11:56:12.291] 85,2,5
[11:56:12.292] 86,3,4
[11:56:12.292] 87,0,0
[11:56:12.296] 88,0,2
[11:56:12.299] 89,0,0
[11:56:12.301] 90,0,508
[11:56:12.305] 91,0,982
[11:56:12.307] 92,0,360
[11:56:12.311] 93,10,508
[11:56:12.313] 94,178,338
[11:56:12.316] 95,214,233
[11:56:12.318] 96,306,778
[11:56:12.321] 97,409,308
[11:56:12.324] 98,0,0
[11:56:12.327] 99,0,221
[11:56:12.330] 100,0,2281
[11:56:12.332] 101,0,4095
[11:56:12.335] 102,0,0
[11:56:12.338] 103,0,2415
[11:56:12.341] 104,0,4095
[11:56:12.344] 105,0,1327
[11:56:12.346] 106,4095,0
[11:56:12.349] 107,4095,83
[11:56:12.351] 108,4095,0
[11:56:12.354] 109,4095,0
[11:56:12.357] 110,4095,0
[11:56:12.360] 111,4095,0
[11:56:12.362] 112,4095,238
[11:56:12.365] 113,4095,0
[11:56:12.368] 114,4095,1567
[11:56:12.378] 115,4095,4095
[11:56:12.379] 116,4095,3689
[11:56:12.379] 117,4095,1676
[11:56:12.380] 118,4095,2843
[11:56:12.384] 119,4095,3529
[11:56:12.386] 120,4095,1372
[11:56:12.392] 121,3721,2451
[11:56:12.393] 122,3881,3410
[11:56:12.394] 123,4095,173
[11:56:12.397] 124,4095,609
[11:56:12.402] 125,4095,740
[11:56:12.403] 126,2615,0
[11:56:12.406] 127,0,0
[11:56:12.408] 128,0,1519
[11:56:12.414] 129,0,1245
[11:56:12.414] 130,0,2
[11:56:12.416] 131,0,1524
[11:56:12.420] 132,0,1702
[11:56:12.423] 133,0,750
[11:56:12.425] 134,520,3432
[11:56:12.428] 135,2073,4095
[11:56:12.431] 136,4095,4095
[11:56:12.433] 137,4095,2831
[11:56:12.435] 138,2505,4047
[11:56:12.439] 139,0,4095
[11:56:12.442] 140,0,3978
[11:56:12.445] 141,0,2824
[11:56:12.448] 142,0,4095
[11:56:12.450] 143,0,4095
[11:56:12.452] 144,1332,3220
[11:56:12.463] 145,3335,1239
[11:56:12.463] 146,4095,0
[11:56:12.463] 147,4095,180
[11:56:12.467] 148,4095,822
[11:56:12.470] 149,4095,0
[11:56:12.480] 150,4095,866
[11:56:12.480] 151,4095,306
[11:56:12.481] 152,4095,297
[11:56:12.482] 153,3381,828
[11:56:12.485] 154,3238,1816
[11:56:12.488] 155,4095,2781
[11:56:12.495] 156,4095,3481
[11:56:12.495] 157,4095,3723
[11:56:12.497] 158,4095,3269
[11:56:12.499] 159,4095,2089
[11:56:12.506] 160,4095,2167
[11:56:12.506] 161,4095,2926
[11:56:12.507] 162,3879,2633
[11:56:12.512] 163,3364,2061
[11:56:12.514] 164,2642,968
[11:56:12.517] 165,1829,137
[11:56:12.519] 166,1104,0
[11:56:12.522] 167,766,0
[11:56:12.525] 168,754,0
[11:56:12.529] 169,933,0
[11:56:12.532] 170,1305,550
[11:56:12.545] 171,1736,358
[11:56:12.545] 172,2086,0
[11:56:12.545] 173,2390,1129
[11:56:12.549] 174,3025,2829
[11:56:12.551] 175,3477,3290
[11:56:12.554] 176,1228,2733
[11:56:12.557] 177,0,3978
[11:56:12.560] 178,0,4095
[11:56:12.563] 179,0,3154
[11:56:12.565] 180,0,2911
[11:56:12.568] 181,0,4002
[11:56:12.571] 182,1,3077
[11:56:12.579] 183,1077,2510
[11:56:12.592] 184,2489,1630
[11:56:12.592] 185,4095,1182
[11:56:12.592] 186,4095,1042
[11:56:12.598] 187,4095,824
[11:56:12.598] 188,4095,573
[11:56:12.604] 189,4095,629
[11:56:12.606] 190,4095,753
[11:56:12.607] 191,4095,1021
[11:56:12.608] 192,4095,1126
[11:56:12.612] 193,4095,1734
[11:56:12.619] 194,4095,2492
[11:56:12.619] 195,4095,3317
[11:56:12.620] 196,4095,3783
[11:56:12.628] 197,4095,3062
[11:56:12.628] 198,3657,3063
[11:56:12.630] 199,2858,2389
[11:56:12.634] [HIT] t=2144997 i=3 note=51 vel=7 raw=2 ch=10 rescues=0 thresh=-1.000 peak=-1.000 mask=-1 decay=-1 decaylen=-1 xfilt=-1.000 xfiltdecay=-1.000
[11:56:12.644] [SysEx TX] F0 00 7D 00 05 03 03 00 02 07 F7
[11:56:12.651] [RIM] t=2145013 i=0 note=36 vel=127 raw=127 ch=10 rescues=0 thresh=-1.000 peak=-1.000 mask=-1 decay=-1 decaylen=-1 xfilt=-1.000 xfiltdecay=-1.000
[11:56:12.660] [SysEx TX] F0 00 7D 00 05 03 00 01 7F 7F F7
[11:56:12.663] [SCOPE] input=0 pad_type=0 head_ch=1 rim_ch=0 head_peak=4095 rim_peak=636 decision=RIM samples=200
[11:56:12.670] T,H,R
[11:56:12.670] 0,1700,471
[11:56:12.671] 1,2224,461
[11:56:12.674] 2,2742,453
[11:56:12.696] 3,3338,472
[11:56:12.696] 4,4067,481
[11:56:12.696] 5,4095,488
[11:56:12.696] 6,4095,499
[11:56:12.702] 7,4095,559
[11:56:12.715] 8,4095,623
[11:56:12.715] 9,4095,636
[11:56:12.715] 10,4095,614
[11:56:12.727] 11,4095,633
[11:56:12.727] 12,4095,629
[11:56:12.728] 13,3747,566
[11:56:12.731] 14,3164,462
[11:56:12.733] 15,2585,358
[11:56:12.736] 16,2253,235
[11:56:12.739] 17,1980,127
[11:56:12.741] 18,1865,73
[11:56:12.744] 19,1781,19
[11:56:12.746] 20,1751,0
[11:56:12.749] 21,1784,0
[11:56:12.752] 22,1822,0
[11:56:12.760] 23,1817,0
[11:56:12.761] 24,1775,0
[11:56:12.761] 25,1703,44
[11:56:12.763] 26,1617,137
[11:56:12.766] 27,1534,250
[11:56:12.775] 28,1467,329
[11:56:12.775] 29,1425,371
[11:56:12.776] 30,1103,498
[11:56:12.791] 31,704,571
[11:56:12.793] 32,98,589
[11:56:12.793] 33,0,625
[11:56:12.794] 34,0,621
[11:56:12.798] 35,0,559
[11:56:12.804] 36,0,473
[11:56:12.804] 37,0,414
[11:56:12.811] 38,0,389
[11:56:12.812] 39,0,361
[11:56:12.812] 40,189,374
[11:56:12.815] 41,457,350
[11:56:12.817] 42,775,331
[11:56:12.823] 43,1187,374
[11:56:12.823] 44,1596,396
[11:56:12.825] 45,1981,445
[11:56:12.828] 46,2300,507
[11:56:12.831] 47,2730,582
[11:56:12.834] 48,3179,604
[11:56:12.837] 49,3770,601
[11:56:12.840] 50,4095,600
[11:56:12.842] 51,4095,585
[11:56:12.850] 52,4095,566
[11:56:12.850] 53,4095,501
[11:56:12.851] 54,3744,425
[11:56:12.862] 55,3136,353
[11:56:12.864] 56,2750,278
[11:56:12.867] 57,2437,221
[11:56:12.870] 58,2192,121
[11:56:12.874] 59,2057,86
[11:56:12.876] 60,2022,23
[11:56:12.878] 61,2079,9
[11:56:12.882] 62,2148,54
[11:56:12.895] 63,2165,57
[11:56:12.895] 64,2137,90
[11:56:12.905] 65,2084,152
[11:56:12.907] 66,2009,239
[11:56:12.908] 67,1951,307
[11:56:12.916] 68,1644,352
[11:56:12.917] 69,1254,424
[11:56:12.917] 70,779,457
[11:56:12.919] 71,349,531
[11:56:12.924] 72,0,580
[11:56:12.924] 73,0,537
[11:56:12.927] 74,0,480
[11:56:12.934] 75,0,430
[11:56:12.935] 76,0,409
[11:56:12.937] 77,70,394
[11:56:12.938] 78,108,368
[11:56:12.942] 79,169,363
[11:56:12.948] 80,269,316
[11:56:12.948] 81,391,294
[11:56:12.951] 82,547,285
[11:56:12.953] 83,746,308
[11:56:12.956] 84,1016,319
[11:56:12.961] 85,1326,356
[11:56:12.961] 86,1625,406
[11:56:12.964] 87,1925,440
[11:56:12.967] 88,2110,460
[11:56:12.971] 89,2268,489
[11:56:12.972] 90,2482,494
[11:56:12.976] 91,2760,475
[11:56:12.978] 92,2921,441
[11:56:12.984] 93,3004,406
[11:56:12.993] 94,2982,350
[11:56:12.993] 95,2787,312
[11:56:12.994] 96,2348,289
[11:56:12.995] 97,2075,265
[11:56:12.998] 98,1843,233
[11:56:13.012] 99,1678,204
[11:56:13.012] 100,1585,89
[11:56:13.013] 101,1524,59
[11:56:13.016] 102,1535,91
[11:56:13.019] 103,1613,104
[11:56:13.022] 104,1656,122
[11:56:13.024] 105,1660,174
[11:56:13.028] 106,1623,217
[11:56:13.031] 107,1563,273
[11:56:13.033] 108,1494,334
[11:56:13.039] 109,1389,405
[11:56:13.039] 110,1193,442
[11:56:13.041] 111,790,480
[11:56:13.044] 112,233,518
[11:56:13.047] 113,0,543
[11:56:13.050] 114,0,554
[11:56:13.052] 115,0,511
[11:56:13.056] 116,0,448
[11:56:13.058] 117,0,394
[11:56:13.062] 118,0,374
[11:56:13.063] 119,0,385
[11:56:13.066] 120,0,401
[11:56:13.069] 121,7,392
[11:56:13.073] 122,216,374
[11:56:13.075] 123,542,380
[11:56:13.078] 124,954,377
[11:56:13.080] 125,1371,380
[11:56:13.083] 126,1795,406
[11:56:13.100] 127,2227,428
[11:56:13.100] 128,2655,452
[11:56:13.100] 129,3091,443
[11:56:13.102] 130,3420,430
[11:56:13.105] 131,3638,416
[11:56:13.109] 132,3688,384
[11:56:13.119] 133,3612,367
[11:56:13.119] 134,3427,342
[11:56:13.120] 135,2865,318
[11:56:13.120] 136,2404,273
[11:56:13.124] 137,2139,221
[11:56:13.127] 138,1928,195
[11:56:13.129] 139,1813,153
[11:56:13.132] 140,1746,78
[11:56:13.134] 141,1727,40
[11:56:13.137] 142,1780,57
[11:56:13.140] 143,1844,77
[11:56:13.142] 144,1854,96
[11:56:13.146] 145,1817,121
[11:56:13.149] 146,1750,160
[11:56:13.153] 147,1663,203
[11:56:13.154] 148,1562,216
[11:56:13.157] 149,1437,269
[11:56:13.159] 150,1229,321
[11:56:13.163] 151,904,336
[11:56:13.169] 152,461,335
[11:56:13.169] 153,137,367
[11:56:13.171] 154,0,392
[11:56:13.174] 155,0,344
[11:56:13.177] 156,0,272
[11:56:13.182] 157,0,242
[11:56:13.183] 158,0,232
[11:56:13.184] 159,0,214
[11:56:13.188] 160,0,220
[11:56:13.204] 161,0,215
[11:56:13.204] 162,0,210
[11:56:13.207] 163,0,213
[11:56:13.212] 164,0,201
[11:56:13.212] 165,0,203
[11:56:13.213] 166,139,250
[11:56:13.216] 167,415,265
[11:56:13.224] 168,771,279
[11:56:13.224] 169,1222,256
[11:56:13.225] 170,1738,247
[11:56:13.228] 171,2245,248
[11:56:13.231] 172,2645,249
[11:56:13.233] 173,2811,218
[11:56:13.236] 174,2826,210
[11:56:13.239] 175,2662,201
[11:56:13.242] 176,2247,153
[11:56:13.244] 177,1748,121
[11:56:13.248] 178,1415,96
[11:56:13.251] 179,1173,48
[11:56:13.252] 180,1084,10
[11:56:13.256] 181,1037,0
[11:56:13.259] 182,1044,0
[11:56:13.262] 183,1142,0
[11:56:13.265] 184,1245,0
[11:56:13.268] 185,1295,10
[11:56:13.270] 186,1280,30
[11:56:13.273] 187,1240,49
[11:56:13.276] 188,1169,104
[11:56:13.278] 189,1061,143
[11:56:13.281] 190,656,181
[11:56:13.284] 191,170,205
[11:56:13.287] 192,0,254
[11:56:13.292] 193,0,310
[11:56:13.303] 194,0,297
[11:56:13.307] 195,0,244
[11:56:13.307] 196,0,198
[11:56:13.317] 197,0,153
[11:56:13.322] 198,0,134
[11:56:13.322] 199,0,145
[11:56:13.328] [HIT] t=2145689 i=0 note=36 vel=127 raw=127 ch=10 rescues=0 thresh=-1.000 peak=-1.000 mask=-1 decay=-1 decaylen=-1 xfilt=-1.000 xfiltdecay=-1.000
[11:56:13.345] [SysEx TX] F0 00 7D 00 05 03 00 00 7F 7F F7
[11:56:13.345] [SCOPE] input=0 pad_type=0 head_ch=1 rim_ch=0 head_peak=1437 rim_peak=77 decision=HEAD samples=200
[11:56:13.349] T,H,R
[11:56:13.352] 0,0,52
[11:56:13.356] 1,0,48
[11:56:13.357] 2,0,41
[11:56:13.361] 3,0,57
[11:56:13.366] 4,0,73
[11:56:13.366] 5,0,73
[11:56:13.368] 6,0,60
[11:56:13.371] 7,0,62
[11:56:13.374] 8,0,57
[11:56:13.383] 9,0,57
[11:56:13.385] 10,0,62
[11:56:13.385] 11,109,58
[11:56:13.385] 12,266,53
[11:56:13.390] 13,444,54
[11:56:13.394] 14,614,45
[11:56:13.407] 15,780,63
[11:56:13.407] 16,926,69
[11:56:13.408] 17,1066,77
[11:56:13.411] 18,1178,74
[11:56:13.417] 19,1270,60
[11:56:13.417] 20,1338,58
[11:56:13.425] 21,1389,54
[11:56:13.425] 22,1430,48
[11:56:13.428] 23,1437,41
[11:56:13.429] 24,1414,36
[11:56:13.432] 25,1362,16
[11:56:13.437] 26,1289,17
[11:56:13.437] 27,1228,10
[11:56:13.440] 28,1150,4
[11:56:13.443] 29,1097,0
[11:56:13.445] 30,1032,0
[11:56:13.448] 31,981,0
[11:56:13.452] 32,925,10
[11:56:13.454] 33,826,3
[11:56:13.457] 34,681,7
[11:56:13.459] 35,555,23
[11:56:13.463] 36,413,27
[11:56:13.465] 37,253,45
[11:56:13.469] 38,106,40
[11:56:13.472] 39,2,42
[11:56:13.475] 40,0,44
[11:56:13.477] 41,0,44
[11:56:13.481] 42,0,45
[11:56:13.482] 43,0,41
[11:56:13.485] 44,0,38
[11:56:13.488] 45,0,36
[11:56:13.491] 46,0,23
[11:56:13.494] 47,0,30
[11:56:13.506] 48,0,29
[11:56:13.508] 49,0,33
[11:56:13.508] 50,0,22
[11:56:13.512] 51,0,19
[11:56:13.519] 52,54,25
[11:56:13.520] 53,164,20
[11:56:13.520] 54,285,17
[11:56:13.526] 55,414,26
[11:56:13.528] 56,528,27
[11:56:13.528] 57,636,23
[11:56:13.531] 58,729,22
[11:56:13.534] 59,797,25
[11:56:13.537] 60,840,31
[11:56:13.540] 61,880,22
[11:56:13.543] 62,917,17
[11:56:13.547] 63,969,1
[11:56:13.550] 64,1012,0
[11:56:13.552] 65,1046,0
[11:56:13.555] 66,1082,0
[11:56:13.558] 67,1101,0
[11:56:13.560] 68,1093,0
[11:56:13.562] 69,1057,0
[11:56:13.566] 70,986,0
[11:56:13.569] 71,889,0
[11:56:13.572] 72,798,0
[11:56:13.574] 73,705,0
[11:56:13.578] 74,574,0
[11:56:13.581] 75,454,3
[11:56:13.583] 76,281,9
[11:56:13.585] 77,121,19
[11:56:13.590] 78,0,26
[11:56:13.592] 79,0,27
[11:56:13.592] 80,0,31
[11:56:13.597] 81,0,22
[11:56:13.606] 82,0,26
[11:56:13.606] 83,0,22
[11:56:13.607] 84,0,24
[11:56:13.609] 85,0,23
[11:56:13.612] 86,0,28
[11:56:13.616] 87,0,26
[11:56:13.622] 88,0,26
[11:56:13.622] 89,0,22
[11:56:13.623] 90,41,23
[11:56:13.626] 91,127,25
[11:56:13.632] 92,240,30
[11:56:13.632] 93,361,21
[11:56:13.634] 94,488,22
[11:56:13.637] 95,601,21
[11:56:13.639] 96,703,22
[11:56:13.644] 97,779,23
[11:56:13.645] 98,845,19
[11:56:13.648] 99,904,19
[11:56:13.652] 100,953,11
[11:56:13.653] 101,991,0
[11:56:13.656] 102,1005,0
[11:56:13.659] 103,1003,0
[11:56:13.662] 104,1002,0
[11:56:13.665] 105,973,0
[11:56:13.667] 106,950,0
[11:56:13.670] 107,929,0
[11:56:13.676] 108,898,0
[11:56:13.681] 109,852,0
[11:56:13.681] 110,811,0
[11:56:13.684] 111,757,0
[11:56:13.687] 112,701,0
[11:56:13.703] 113,616,0
[11:56:13.703] 114,521,0
[11:56:13.712] 115,418,0
[11:56:13.717] 116,298,0
[11:56:13.724] 117,175,0
[11:56:13.726] 118,62,2
[11:56:13.731] 119,0,2
[11:56:13.735] 120,0,2
[11:56:13.735] 121,0,0
[11:56:13.738] 122,0,6
[11:56:13.740] 123,0,2
[11:56:13.743] 124,0,2
[11:56:13.746] 125,0,2
[11:56:13.749] 126,0,0
[11:56:13.752] 127,0,2
[11:56:13.755] 128,0,5
[11:56:13.757] 129,0,6
[11:56:13.760] 130,0,6
[11:56:13.762] 131,0,10
[11:56:13.766] 132,1,10
[11:56:13.769] 133,68,8
[11:56:13.772] 134,150,7
[11:56:13.775] 135,258,8
[11:56:13.779] 136,379,5
[11:56:13.780] 137,510,0
[11:56:13.783] 138,636,0
[11:56:13.786] 139,754,0
[11:56:13.789] 140,850,0
[11:56:13.791] 141,930,0
[11:56:13.795] 142,989,0
[11:56:13.798] 143,1013,0
[11:56:13.807] 144,997,0
[11:56:13.813] 145,984,0
[11:56:13.815] 146,949,0
[11:56:13.815] 147,906,0
[11:56:13.816] 148,856,0
[11:56:13.825] 149,793,0
[11:56:13.825] 150,719,0
[11:56:13.827] 151,645,0
[11:56:13.828] 152,559,0
[11:56:13.835] 153,472,0
[11:56:13.835] 154,366,0
[11:56:13.837] 155,254,0
[11:56:13.837] 156,138,0
[11:56:13.841] 157,20,4
[11:56:13.844] 158,0,2
[11:56:13.847] 159,0,7
[11:56:13.850] 160,0,5
[11:56:13.854] 161,0,10
[11:56:13.856] 162,0,8
[11:56:13.861] 163,0,20
[11:56:13.864] 164,0,12
[11:56:13.869] 165,0,21
[11:56:13.872] 166,0,21
[11:56:13.875] 167,0,25
[11:56:13.878] 168,0,21
[11:56:13.883] 169,0,23
[11:56:13.885] 170,0,30
[11:56:13.886] 171,21,30
[11:56:13.889] 172,79,34
[11:56:13.891] 173,170,19
[11:56:13.903] 174,254,16
[11:56:13.903] 175,349,25
[11:56:13.904] 176,447,10
[11:56:13.905] 177,541,17
[11:56:13.919] 178,618,6
[11:56:13.928] 179,676,0
[11:56:13.928] 180,719,2
[11:56:13.930] 181,752,2
[11:56:13.932] 182,763,6
[11:56:13.937] 183,773,6
[11:56:13.940] 184,788,1
[11:56:13.942] 185,776,1
[11:56:13.945] 186,756,0
[11:56:13.949] 187,740,0
[11:56:13.951] 188,698,2
[11:56:13.953] 189,662,0
[11:56:13.956] 190,614,0
[11:56:13.959] 191,565,0
[11:56:13.962] 192,506,0
[11:56:13.964] 193,446,2
[11:56:13.968] 194,388,0
[11:56:13.970] 195,305,5
[11:56:13.973] 196,214,8
[11:56:13.976] 197,138,20
[11:56:13.979] 198,45,16
[11:56:13.982] 199,0,14
[11:56:14.769] [RIM] t=2147132 i=0 note=36 vel=127 raw=127 ch=10 rescues=0 thresh=-1.000 peak=-1.000 mask=-1 decay=-1 decaylen=-1 xfilt=-1.000 xfiltdecay=-1.000
[11:56:14.779] [SysEx TX] F0 00 7D 00 05 03 00 01 7F 7F F7
[11:56:14.783] [SCOPE] input=0 pad_type=0 head_ch=1 rim_ch=0 head_peak=4095 rim_peak=601 decision=RIM samples=200
[11:56:14.785] T,H,R
[11:56:14.789] 0,6,3
[11:56:14.791] 1,2,4
[11:56:14.794] 2,4,2
[11:56:14.796] 3,5,2
[11:56:14.799] 4,2,10
[11:56:14.802] 5,6,3
[11:56:14.805] 6,3,8
[11:56:14.808] 7,6,3
[11:56:14.810] 8,3,6
[11:56:14.816] 9,0,5
[11:56:14.819] 10,3,2
[11:56:14.820] 11,0,7
[11:56:14.820] 12,3,0
[11:56:14.823] 13,5,3
[11:56:14.835] 14,0,5
[11:56:14.835] 15,4,2
[11:56:14.835] 16,8,2
[11:56:14.835] 17,3,6
[11:56:14.841] 18,2,3
[11:56:14.844] 19,6,3
[11:56:14.847] 20,4,0
[11:56:14.856] 21,0,5
[11:56:14.858] 22,4,0
[11:56:14.859] 23,6,2
[11:56:14.860] 24,0,5
[11:56:14.862] 25,0,4
[11:56:14.865] 26,2,6
[11:56:14.868] 27,2,3
[11:56:14.871] 28,2,3
[11:56:14.873] 29,0,5
[11:56:14.876] 30,2,2
[11:56:14.879] 31,4,0
[11:56:14.882] 32,4,2
[11:56:14.885] 33,0,3
[11:56:14.889] 34,4,2
[11:56:14.891] 35,5,0
[11:56:14.894] 36,0,6
[11:56:14.897] 37,4,2
[11:56:14.900] 38,2,4
[11:56:14.902] 39,1,6
[11:56:14.905] 40,1,6
[11:56:14.907] 41,2,3
[11:56:14.911] 42,3,6
[11:56:14.913] 43,0,4
[11:56:14.916] 44,1,10
[11:56:14.918] 45,1,0
[11:56:14.922] 46,2,4
[11:56:14.924] 47,2,3
[11:56:14.927] 48,4,4
[11:56:14.930] 49,1,6
[11:56:14.939] 50,0,3
[11:56:14.940] 51,2,3
[11:56:14.942] 52,0,0
[11:56:14.946] 53,0,6
[11:56:14.947] 54,0,1
[11:56:14.954] 55,0,4
[11:56:14.955] 56,0,4
[11:56:14.960] 57,0,3
[11:56:14.961] 58,0,4
[11:56:14.962] 59,2,5
[11:56:14.963] 60,0,4
[11:56:14.972] 61,2,1
[11:56:14.973] 62,0,5
[11:56:14.974] 63,0,0
[11:56:14.978] 64,1,3
[11:56:14.982] 65,0,6
[11:56:14.984] 66,1,2
[11:56:14.986] 67,4,0
[11:56:14.988] 68,1,0
[11:56:14.993] 69,4,2
[11:56:14.997] 70,8,4
[11:56:14.999] 71,2,3
[11:56:15.001] 72,0,6
[11:56:15.004] 73,1,2
[11:56:15.007] 74,1,0
[11:56:15.009] 75,2,5
[11:56:15.012] 76,2,3
[11:56:15.014] 77,0,0
[11:56:15.018] 78,1,2
[11:56:15.021] 79,0,8
[11:56:15.023] 80,2,0
[11:56:15.026] 81,4,2
[11:56:15.032] 82,2,3
[11:56:15.040] 83,1,2
[11:56:15.041] 84,2,0
[11:56:15.043] 85,0,6
[11:56:15.043] 86,0,6
[11:56:15.051] 87,0,6
[11:56:15.051] 88,4,3
[11:56:15.056] 89,2,0
[11:56:15.057] 90,4,2
[11:56:15.061] 91,1,26
[11:56:15.065] 92,0,94
[11:56:15.066] 93,2,23
[11:56:15.066] 94,0,97
[11:56:15.070] 95,6,38
[11:56:15.073] 96,8,25
[11:56:15.077] 97,14,92
[11:56:15.079] 98,25,80
[11:56:15.081] 99,39,20
[11:56:15.084] 100,137,0
[11:56:15.087] 101,0,10
[11:56:15.090] 102,0,0
[11:56:15.092] 103,0,0
[11:56:15.094] 104,0,45
[11:56:15.098] 105,0,221
[11:56:15.101] 106,0,265
[11:56:15.104] 107,0,569
[11:56:15.107] 108,0,491
[11:56:15.112] 109,0,299
[11:56:15.113] 110,284,377
[11:56:15.115] 111,1182,338
[11:56:15.119] 112,2176,205
[11:56:15.121] 113,3513,38
[11:56:15.124] 114,4095,0
[11:56:15.127] 115,4095,86
[11:56:15.129] 116,4095,143
[11:56:15.132] 117,4095,54
[11:56:15.144] 118,4095,38
[11:56:15.144] 119,4095,7
[11:56:15.145] 120,4095,23
[11:56:15.146] 121,4095,0
[11:56:15.149] 122,4095,42
[11:56:15.152] 123,4095,30
[11:56:15.154] 124,4095,0
[11:56:15.159] 125,4095,45
[11:56:15.159] 126,4095,0
[11:56:15.165] 127,4095,0
[11:56:15.166] 128,4085,72
[11:56:15.168] 129,4095,31
[11:56:15.171] 130,4095,0
[11:56:15.173] 131,4095,0
[11:56:15.176] 132,4095,0
[11:56:15.179] 133,4095,0
[11:56:15.184] 134,4015,0
[11:56:15.184] 135,3257,38
[11:56:15.188] 136,2254,86
[11:56:15.190] 137,1012,33
[11:56:15.194] 138,140,99
[11:56:15.197] 139,0,92
[11:56:15.199] 140,0,167
[11:56:15.202] 141,0,321
[11:56:15.204] 142,181,256
[11:56:15.207] 143,725,254
[11:56:15.210] 144,1246,345
[11:56:15.214] 145,1647,285
[11:56:15.217] 146,1744,304
[11:56:15.219] 147,1644,419
[11:56:15.222] 148,1373,394
[11:56:15.224] 149,923,422
[11:56:15.231] 150,404,523
[11:56:15.232] 151,0,473
[11:56:15.232] 152,0,446
[11:56:15.236] 153,0,527
[11:56:15.246] 154,0,512
[11:56:15.246] 155,0,601
[11:56:15.247] 156,0,589
[11:56:15.251] 157,115,444
[11:56:15.254] 158,250,445
[11:56:15.260] 159,457,441
[11:56:15.261] 160,543,437
[11:56:15.262] 161,341,528
[11:56:15.269] 162,0,489
[11:56:15.270] 163,0,426
[11:56:15.270] 164,76,534
[11:56:15.277] 165,707,585
[11:56:15.278] 166,1461,469
[11:56:15.280] 167,2313,350
[11:56:15.285] 168,3066,255
[11:56:15.286] 169,3731,206
[11:56:15.290] 170,3805,301
[11:56:15.291] 171,3449,269
[11:56:15.303] 172,2921,147
[11:56:15.303] 173,2462,145
[11:56:15.304] 174,2055,117
[11:56:15.308] 175,1874,82
[11:56:15.311] 176,1784,77
[11:56:15.313] 177,1777,52
[11:56:15.316] 178,1833,1
[11:56:15.320] 179,2150,11
[11:56:15.322] 180,2575,2
[11:56:15.325] 181,3062,0
[11:56:15.328] 182,3413,0
[11:56:15.330] 183,3446,0
[11:56:15.333] 184,2997,0
[11:56:15.336] 185,2351,36
[11:56:15.339] 186,1535,78
[11:56:15.350] 187,453,62
[11:56:15.351] 188,0,173
[11:56:15.351] 189,0,208
[11:56:15.356] 190,0,214
[11:56:15.358] 191,0,224
[11:56:15.362] 192,0,120
[11:56:15.364] 193,21,102
[11:56:15.370] 194,297,128
[11:56:15.376] 195,570,199
[11:56:15.376] 196,893,247
[11:56:15.377] 197,1097,238
[11:56:15.381] 198,1313,210
[11:56:15.384] 199,1801,254
[11:56:15.389] [RIM] t=2147752 i=0 note=36 vel=127 raw=127 ch=10 rescues=0 thresh=-1.000 peak=-1.000 mask=-1 decay=-1 decaylen=-1 xfilt=-1.000 xfiltdecay=-1.000
[11:56:15.402] [SysEx TX] F0 00 7D 00 05 03 00 01 7F 7F F7
[11:56:15.403] [SCOPE] input=0 pad_type=0 head_ch=1 rim_ch=0 head_peak=4095 rim_peak=601 decision=RIM samples=200
[11:56:15.407] T,H,R
[11:56:15.408] 0,3,6
[11:56:15.415] 1,0,4
[11:56:15.417] 2,1,10
[11:56:15.417] 3,1,0
[11:56:15.419] 4,2,4
[11:56:15.423] 5,2,3
[11:56:15.425] 6,4,4
[11:56:15.428] 7,1,6
[11:56:15.432] 8,0,3
[11:56:15.436] 9,2,3
[11:56:15.437] 10,0,0
[11:56:15.439] 11,0,6
[11:56:15.452] 12,0,1
[11:56:15.453] 13,0,4
[11:56:15.453] 14,0,4
[11:56:15.458] 15,0,3
[11:56:15.460] 16,0,4
[11:56:15.465] 17,2,5
[11:56:15.466] 18,0,4
[11:56:15.469] 19,2,1
[11:56:15.476] 20,0,5
[11:56:15.476] 21,0,0
[11:56:15.476] 22,1,3
[11:56:15.480] 23,0,6
[11:56:15.486] 24,1,2
[11:56:15.486] 25,4,0
[11:56:15.488] 26,1,0
[11:56:15.490] 27,4,2
[11:56:15.493] 28,8,4
[11:56:15.496] 29,2,3
[11:56:15.500] 30,0,6
[11:56:15.502] 31,1,2
[11:56:15.505] 32,1,0
[11:56:15.508] 33,2,5
[11:56:15.511] 34,2,3
[11:56:15.514] 35,0,0
[11:56:15.519] 36,1,2
[11:56:15.521] 37,0,8
[11:56:15.522] 38,2,0
[11:56:15.525] 39,4,2
[11:56:15.528] 40,2,3
[11:56:15.531] 41,1,2
[11:56:15.535] 42,2,0
[11:56:15.538] 43,0,6
[11:56:15.539] 44,0,6
[11:56:15.542] 45,0,6
[11:56:15.551] 46,4,3
[11:56:15.552] 47,2,0
[11:56:15.552] 48,4,2
[11:56:15.555] 49,1,26
[11:56:15.559] 50,0,94
[11:56:15.561] 51,2,23
[11:56:15.564] 52,0,97
[11:56:15.567] 53,6,38
[11:56:15.584] 54,8,25
[11:56:15.588] 55,14,92
[11:56:15.588] 56,25,80
[11:56:15.591] 57,39,20
[11:56:15.594] 58,137,0
[11:56:15.600] 59,0,10
[11:56:15.601] 60,0,0
[11:56:15.601] 61,0,0
[11:56:15.603] 62,0,45
[11:56:15.606] 63,0,221
[11:56:15.608] 64,0,265
[11:56:15.611] 65,0,569
[11:56:15.615] 66,0,491
[11:56:15.617] 67,0,299
[11:56:15.620] 68,284,377
[11:56:15.624] 69,1182,338
[11:56:15.626] 70,2176,205
[11:56:15.628] 71,3513,38
[11:56:15.632] 72,4095,0
[11:56:15.633] 73,4095,86
[11:56:15.637] 74,4095,143
[11:56:15.640] 75,4095,54
[11:56:15.643] 76,4095,38
[11:56:15.645] 77,4095,7
[11:56:15.656] 78,4095,23
[11:56:15.657] 79,4095,0
[11:56:15.658] 80,4095,42
[11:56:15.661] 81,4095,30
[11:56:15.662] 82,4095,0
[11:56:15.667] 83,4095,45
[11:56:15.671] 84,4095,0
[11:56:15.678] 85,4095,0
[11:56:15.679] 86,4085,72
[11:56:15.679] 87,4095,31
[11:56:15.679] 88,4095,0
[11:56:15.687] 89,4095,0
[11:56:15.690] 90,4095,0
[11:56:15.693] 91,4095,0
[11:56:15.694] 92,4015,0
[11:56:15.697] 93,3257,38
[11:56:15.703] 94,2254,86
[11:56:15.708] 95,1012,33
[11:56:15.709] 96,140,99
[11:56:15.710] 97,0,92
[11:56:15.712] 98,0,167
[11:56:15.715] 99,0,321
[11:56:15.720] 100,181,256
[11:56:15.722] 101,725,254
[11:56:15.726] 102,1246,345
[11:56:15.727] 103,1647,285
[11:56:15.729] 104,1744,304
[11:56:15.732] 105,1644,419
[11:56:15.736] 106,1373,394
[11:56:15.740] 107,923,422
[11:56:15.740] 108,404,523
[11:56:15.742] 109,0,473
[11:56:15.747] 110,0,446
[11:56:15.749] 111,0,527
[11:56:15.764] 112,0,512
[11:56:15.765] 113,0,601
[11:56:15.766] 114,0,589
[11:56:15.772] 115,115,444
[11:56:15.773] 116,250,445
[11:56:15.776] 117,457,441
[11:56:15.782] 118,543,437
[11:56:15.783] 119,341,528
[11:56:15.796] 120,0,489
[11:56:15.796] 121,0,426
[11:56:15.797] 122,76,534
[11:56:15.797] 123,707,585
[11:56:15.801] 124,1461,469
[11:56:15.809] 125,2313,350
[11:56:15.813] 126,3066,255
[11:56:15.813] 127,3731,206
[11:56:15.820] 128,3805,301
[11:56:15.821] 129,3449,269
[11:56:15.823] 130,2921,147
[11:56:15.829] 131,2462,145
[11:56:15.840] 132,2055,117
[11:56:15.840] 133,1874,82
[11:56:15.840] 134,1784,77
[11:56:15.846] 135,1777,52
[11:56:15.854] 136,1833,1
[11:56:15.868] 137,2150,11
[11:56:15.869] 138,2575,2
[11:56:15.875] 139,3062,0
[11:56:15.883] 140,3413,0
[11:56:15.883] 141,3446,0
[11:56:15.884] 142,2997,0
[11:56:15.884] 143,2351,36
[11:56:15.888] 144,1535,78
[11:56:15.891] 145,453,62
[11:56:15.894] 146,0,173
[11:56:15.899] 147,0,208
[11:56:15.900] 148,0,214
[11:56:15.902] 149,0,224
[11:56:15.904] 150,0,120
[11:56:15.908] 151,21,102
[11:56:15.911] 152,297,128
[11:56:15.913] 153,570,199
[11:56:15.916] 154,893,247
[11:56:15.919] 155,1097,238
[11:56:15.924] 156,1313,210
[11:56:15.925] 157,1801,254
[11:56:15.930] 158,2454,291
[11:56:15.931] 159,3210,293
[11:56:15.939] 160,3987,362
[11:56:15.941] 161,4095,417
[11:56:15.941] 162,4095,457
[11:56:15.942] 163,3956,471
[11:56:15.948] 164,3382,439
[11:56:15.949] 165,2685,459
[11:56:15.954] 166,1959,458
[11:56:15.971] 167,1723,425
[11:56:15.971] 168,1785,413
[11:56:15.971] 169,2039,399
[11:56:15.977] 170,2321,345
[11:56:15.978] 171,2726,276
[11:56:15.986] 172,3296,291
[11:56:15.986] 173,3957,350
[11:56:15.986] 174,4095,345
[11:56:15.986] 175,4095,305
[11:56:15.990] 176,4095,317
[11:56:15.997] 177,3933,286
[11:56:15.997] 178,3328,284
[11:56:15.998] 179,2870,323
[11:56:16.000] 180,2432,301
[11:56:16.005] 181,2180,284
[11:56:16.007] 182,1950,355
[11:56:16.010] 183,1725,350
[11:56:16.014] 184,1553,297
[11:56:16.016] 185,1256,297
[11:56:16.018] 186,949,345
[11:56:16.021] 187,655,360
[11:56:16.024] 188,368,377
[11:56:16.027] 189,111,310
[11:56:16.030] 190,0,325
[11:56:16.032] 191,0,318
[11:56:16.036] 192,104,289
[11:56:16.038] 193,289,301
[11:56:16.041] 194,473,262
[11:56:16.046] 195,596,232
[11:56:16.047] 196,638,218
[11:56:16.050] 197,470,246
[11:56:16.052] 198,181,314
[11:56:16.055] 199,0,333
[11:56:16.072] [HIT] t=2148424 i=0 note=36 vel=127 raw=127 ch=10 rescues=0 thresh=-1.000 peak=-1.000 mask=-1 decay=-1 decaylen=-1 xfilt=-1.000 xfiltdecay=-1.000
[11:56:16.079] [SysEx TX] F0 00 7D 00 05 03 00 00 7F 7F F7
[11:56:16.081] [SCOPE] input=0 pad_type=0 head_ch=1 rim_ch=0 head_peak=1982 rim_peak=146 decision=HEAD samples=200
[11:56:16.082] T,H,R
[11:56:16.090] 0,729,35
[11:56:16.090] 1,1012,36
[11:56:16.091] 2,1166,44
[11:56:16.095] 3,1116,39
[11:56:16.096] 4,942,41
[11:56:16.098] 5,761,62
[11:56:16.101] 6,666,85
[11:56:16.104] 7,635,91
[11:56:16.106] 8,684,86
[11:56:16.109] 9,808,78
[11:56:16.112] 10,969,76
[11:56:16.115] 11,1138,102
[11:56:16.119] 12,1263,121
[11:56:16.122] 13,1353,146
[11:56:16.123] 14,1366,126
[11:56:16.126] 15,1444,107
[11:56:16.129] 16,1500,79
[11:56:16.135] 17,1557,84
[11:56:16.136] 18,1564,61
[11:56:16.139] 19,1596,57
[11:56:16.140] 20,1647,53
[11:56:16.144] 21,1669,43
[11:56:16.147] 22,1641,45
[11:56:16.150] 23,1577,33
[11:56:16.153] 24,1525,26
[11:56:16.153] 25,1454,26
[11:56:16.156] 26,1388,34
[11:56:16.168] 27,1272,30
[11:56:16.174] 28,1077,43
[11:56:16.175] 29,889,42
[11:56:16.176] 30,780,58
[11:56:16.181] 31,727,70
[11:56:16.183] 32,694,66
[11:56:16.189] 33,662,69
[11:56:16.189] 34,633,40
[11:56:16.189] 35,672,48
[11:56:16.192] 36,644,56
[11:56:16.195] 37,519,61
[11:56:16.198] 38,315,77
[11:56:16.200] 39,72,85
[11:56:16.204] 40,0,74
[11:56:16.207] 41,0,73
[11:56:16.214] 42,0,77
[11:56:16.214] 43,0,105
[11:56:16.215] 44,0,97
[11:56:16.217] 45,0,95
[11:56:16.221] 46,4,94
[11:56:16.224] 47,146,116
[11:56:16.226] 48,345,129
[11:56:16.229] 49,577,121
[11:56:16.232] 50,821,125
[11:56:16.237] 51,1093,121
[11:56:16.238] 52,1350,118
[11:56:16.241] 53,1577,125
[11:56:16.244] 54,1757,126
[11:56:16.247] 55,1890,116
[11:56:16.253] 56,1950,114
[11:56:16.253] 57,1982,104
[11:56:16.257] 58,1980,89
[11:56:16.257] 59,1914,76
[11:56:16.264] 60,1837,88
[11:56:16.272] 61,1723,73
[11:56:16.279] 62,1582,82
[11:56:16.279] 63,1448,86
[11:56:16.283] 64,1290,86
[11:56:16.284] 65,1081,85
[11:56:16.295] 66,918,79
[11:56:16.295] 67,820,77
[11:56:16.295] 68,777,89
[11:56:16.295] 69,728,72
[11:56:16.299] 70,657,73
[11:56:16.302] 71,606,57
[11:56:16.304] 72,565,72
[11:56:16.308] 73,488,73
[11:56:16.310] 74,375,76
[11:56:16.314] 75,237,79
[11:56:16.316] 76,146,86
[11:56:16.318] 77,5,83
[11:56:16.321] 78,0,85
[11:56:16.324] 79,0,89
[11:56:16.327] 80,0,77
[11:56:16.330] 81,0,69
[11:56:16.332] 82,0,65
[11:56:16.335] 83,0,47
[11:56:16.339] 84,34,46
[11:56:16.341] 85,80,61
[11:56:16.343] 86,157,58
[11:56:16.347] 87,251,48
[11:56:16.349] 88,334,38
[11:56:16.351] 89,422,43
[11:56:16.355] 90,523,42
[11:56:16.359] 91,610,44
[11:56:16.361] 92,663,48
[11:56:16.364] 93,663,44
[11:56:16.383] 94,626,43
[11:56:16.383] 95,591,38
[11:56:16.386] 96,569,42
[11:56:16.387] 97,583,29
[11:56:16.393] 98,629,20
[11:56:16.394] 99,728,20
[11:56:16.397] 100,842,10
[11:56:16.401] 101,925,7
[11:56:16.401] 102,1035,2
[11:56:16.403] 103,1142,8
[11:56:16.405] 104,1199,8
[11:56:16.409] 105,1206,16
[11:56:16.415] 106,1177,0
[11:56:16.416] 107,1125,0
[11:56:16.418] 108,1021,7
[11:56:16.423] 109,930,8
[11:56:16.424] 110,768,13
[11:56:16.426] 111,547,30
[11:56:16.429] 112,256,16
[11:56:16.431] 113,36,24
[11:56:16.434] 114,0,51
[11:56:16.436] 115,0,60
[11:56:16.441] 116,0,41
[11:56:16.444] 117,0,45
[11:56:16.445] 118,0,43
[11:56:16.448] 119,0,49
[11:56:16.450] 120,0,59
[11:56:16.454] 121,0,57
[11:56:16.456] 122,106,49
[11:56:16.460] 123,248,35
[11:56:16.462] 124,382,39
[11:56:16.468] 125,504,51
[11:56:16.475] 126,585,56
[11:56:16.481] 127,629,67
[11:56:16.488] 128,662,68
[11:56:16.491] 129,702,68
[11:56:16.497] 130,754,65
[11:56:16.497] 131,821,68
[11:56:16.497] 132,923,57
[11:56:16.500] 133,1055,38
[11:56:16.502] 134,1182,41
[11:56:16.509] 135,1296,26
[11:56:16.509] 136,1368,20
[11:56:16.510] 137,1386,11
[11:56:16.513] 138,1358,8
[11:56:16.516] 139,1300,6
[11:56:16.519] 140,1204,11
[11:56:16.522] 141,1077,10
[11:56:16.524] 142,1001,2
[11:56:16.527] 143,940,0
[11:56:16.529] 144,895,0
[11:56:16.532] 145,871,0
[11:56:16.537] 146,814,0
[11:56:16.539] 147,737,0
[11:56:16.542] 148,651,0
[11:56:16.544] 149,546,0
[11:56:16.548] 150,423,0
[11:56:16.550] 151,271,0
[11:56:16.553] 152,136,0
[11:56:16.555] 153,83,0
[11:56:16.558] 154,84,0
[11:56:16.562] 155,79,0
[11:56:16.565] 156,112,0
[11:56:16.567] 157,149,0
[11:56:16.583] 158,155,0
[11:56:16.584] 159,158,0
[11:56:16.586] 160,168,0
[11:56:16.592] 161,153,0
[11:56:16.592] 162,119,0
[11:56:16.593] 163,54,0
[11:56:16.729] 164,0,0
[11:56:16.829] 165,0,0
[11:56:16.836] 166,0,2
[11:56:16.837] 167,0,3
[11:56:16.841] 168,0,2
[11:56:16.845] 169,0,0
[11:56:16.847] 170,12,0
[11:56:16.852] 171,190,0
[11:56:16.854] 172,413,0
[11:56:16.854] 173,620,0
[11:56:17.033] 174,815,0
[11:56:17.130] 175,1017,0
[11:56:17.133] 176,1159,0
[11:56:17.142] 177,1238,0
[11:56:17.142] 178,1261,0
[11:56:17.144] 179,1283,0
[11:56:17.147] 180,1276,0
[11:56:17.150] 181,1255,0
[11:56:17.152] 182,1199,4
[11:56:17.155] 183,1117,0
[11:56:17.158] 184,1018,2
[11:56:17.161] 185,926,0
[11:56:17.163] 186,763,0
[11:56:17.166] 187,614,0
[11:56:17.170] 188,463,0
[11:56:17.172] 189,370,1
[11:56:17.175] 190,281,2
[11:56:17.177] 191,178,8
[11:56:17.181] 192,101,3
[11:56:17.190] 193,38,13
[11:56:17.195] 194,1,15
[11:56:17.196] 195,0,20
[11:56:17.208] 196,0,22
[11:56:17.211] 197,0,23
[11:56:17.216] 198,0,16
[11:56:17.218] 199,0,25
[11:56:17.223] [HIT] t=2149585 i=0 note=36 vel=60 raw=60 ch=10 rescues=0 thresh=-1.000 peak=-1.000 mask=-1 decay=-1 decaylen=-1 xfilt=-1.000 xfiltdecay=-1.000
[11:56:17.234] [SysEx TX] F0 00 7D 00 05 03 00 00 3C 3C F7
[11:56:17.243] [SCOPE] input=0 pad_type=0 head_ch=1 rim_ch=0 head_peak=393 rim_peak=22 decision=HEAD samples=200
[11:56:17.244] T,H,R
[11:56:17.244] 0,0,4
[11:56:17.247] 1,0,6
[11:56:17.250] 2,0,0
[11:56:17.253] 3,0,1
[11:56:17.255] 4,0,1
[11:56:17.261] 5,0,1
[11:56:17.262] 6,0,3
[11:56:17.264] 7,0,3
[11:56:17.267] 8,0,2
[11:56:17.270] 9,0,2
[11:56:17.273] 10,0,2
[11:56:17.276] 11,0,3
[11:56:17.279] 12,24,1
[11:56:17.282] 13,64,6
[11:56:17.284] 14,123,6
[11:56:17.309] 15,173,16
[11:56:17.309] 16,209,0
[11:56:17.310] 17,246,0
[11:56:17.311] 18,290,0
[11:56:17.321] 19,327,0
[11:56:17.321] 20,349,0
[11:56:17.322] 21,357,0
[11:56:17.323] 22,366,0
[11:56:17.327] 23,385,0
[11:56:17.330] 24,393,0
[11:56:17.332] 25,368,0
[11:56:17.340] 26,357,0
[11:56:17.345] 27,341,0
[11:56:17.346] 28,308,0
[11:56:17.346] 29,290,0
[11:56:17.348] 30,269,0
[11:56:17.352] 31,245,0
[11:56:17.355] 32,208,0
[11:56:17.358] 33,201,0
[11:56:17.363] 34,166,0
[11:56:17.364] 35,146,0
[11:56:17.366] 36,104,0
[11:56:17.369] 37,73,0
[11:56:17.372] 38,42,0
[11:56:17.376] 39,4,0
[11:56:17.377] 40,0,0
[11:56:17.380] 41,0,0
[11:56:17.383] 42,0,0
[11:56:17.386] 43,0,2
[11:56:17.402] 44,0,0
[11:56:17.402] 45,0,0
[11:56:17.402] 46,0,0
[11:56:17.405] 47,0,0
[11:56:17.410] 48,0,0
[11:56:17.411] 49,0,1
[11:56:17.413] 50,0,0
[11:56:17.421] 51,1,4
[11:56:17.422] 52,8,0
[11:56:17.422] 53,35,0
[11:56:17.423] 54,52,0
[11:56:17.427] 55,84,5
[11:56:17.429] 56,103,0
[11:56:17.432] 57,135,0
[11:56:17.436] 58,160,0
[11:56:17.438] 59,175,5
[11:56:17.441] 60,207,0
[11:56:17.444] 61,228,0
[11:56:17.447] 62,254,0
[11:56:17.450] 63,271,0
[11:56:17.453] 64,276,0
[11:56:17.456] 65,297,0
[11:56:17.458] 66,299,0
[11:56:17.461] 67,303,1
[11:56:17.465] 68,310,0
[11:56:17.469] 69,304,0
[11:56:17.470] 70,284,0
[11:56:17.472] 71,251,0
[11:56:17.475] 72,220,1
[11:56:17.478] 73,186,1
[11:56:17.480] 74,153,1
[11:56:17.483] 75,93,0
[11:56:17.485] 76,36,5
[11:56:17.489] 77,0,1
[11:56:17.499] 78,0,7
[11:56:17.500] 79,0,9
[11:56:17.500] 80,0,8
[11:56:17.501] 81,0,4
[11:56:17.505] 82,0,11
[11:56:17.508] 83,0,7
[11:56:17.513] 84,0,11
[11:56:17.513] 85,0,22
[11:56:17.517] 86,0,20
[11:56:17.518] 87,0,13
[11:56:17.524] 88,0,17
[11:56:17.525] 89,0,6
[11:56:17.526] 90,0,10
[11:56:17.528] 91,0,16
[11:56:17.533] 92,3,17
[11:56:17.535] 93,27,9
[11:56:17.537] 94,59,7
[11:56:17.541] 95,86,16
[11:56:17.543] 96,109,9
[11:56:17.545] 97,134,4
[11:56:17.549] 98,157,10
[11:56:17.553] 99,181,7
[11:56:17.555] 100,208,5
[11:56:17.557] 101,234,5
[11:56:17.560] 102,250,1
[11:56:17.563] 103,256,3
[11:56:17.567] 104,277,8
[11:56:17.570] 105,284,3
[11:56:17.572] 106,281,6
[11:56:17.575] 107,276,1
[11:56:17.577] 108,240,2
[11:56:17.581] 109,220,4
[11:56:17.583] 110,200,8
[11:56:17.586] 111,165,8
[11:56:17.591] 112,133,0
[11:56:17.592] 113,105,8
[11:56:17.601] 114,76,3
[11:56:17.601] 115,54,10
[11:56:17.608] 116,30,7
[11:56:17.609] 117,5,7
[11:56:17.610] 118,0,8
[11:56:17.615] 119,0,9
[11:56:17.616] 120,0,2
[11:56:17.619] 121,0,20
[11:56:17.623] 122,0,14
[11:56:17.624] 123,0,17
[11:56:17.626] 124,0,14
[11:56:17.628] 125,0,19
[11:56:17.632] 126,0,14
[11:56:17.633] 127,0,13
[11:56:17.638] 128,0,19
[11:56:17.640] 129,0,22
[11:56:17.642] 130,0,18
[11:56:17.645] 131,0,22
[11:56:17.648] 132,0,21
[11:56:17.650] 133,10,15
[11:56:17.653] 134,25,16
[11:56:17.656] 135,47,18
[11:56:17.659] 136,81,19
[11:56:17.662] 137,117,21
[11:56:17.664] 138,152,9
[11:56:17.669] 139,183,15
[11:56:17.671] 140,207,6
[11:56:17.674] 141,238,9
[11:56:17.676] 142,251,3
[11:56:17.679] 143,263,8
[11:56:17.683] 144,252,3
[11:56:17.685] 145,253,5
[11:56:17.688] 146,233,5
[11:56:17.691] 147,207,6
[11:56:17.694] 148,181,4
[11:56:17.702] 149,170,4
[11:56:17.702] 150,151,2
[11:56:17.702] 151,135,3
[11:56:17.706] 152,111,2
[11:56:17.710] 153,93,0
[11:56:17.712] 154,77,3
[11:56:17.717] 155,63,3
[11:56:17.718] 156,37,4
[11:56:17.720] 157,11,8
[11:56:17.722] 158,0,0
[11:56:17.731] 159,0,6
[11:56:17.731] 160,0,5
[11:56:17.732] 161,0,7
[11:56:17.734] 162,0,3
[11:56:17.736] 163,0,4
[11:56:17.740] 164,0,2
[11:56:17.742] 165,0,11
[11:56:17.745] 166,0,10
[11:56:17.748] 167,0,5
[11:56:17.751] 168,0,10
[11:56:17.753] 169,0,2
[11:56:17.758] 170,0,5
[11:56:17.760] 171,0,1
[11:56:17.762] 172,2,3
[11:56:17.766] 173,23,3
[11:56:17.768] 174,48,10
[11:56:17.772] 175,89,1
[11:56:17.774] 176,121,1
[11:56:17.777] 177,139,0
[11:56:17.780] 178,152,0
[11:56:17.783] 179,175,0
[11:56:17.788] 180,182,0
[11:56:17.788] 181,202,0
[11:56:17.791] 182,201,0
[11:56:17.794] 183,204,0
[11:56:17.808] 184,208,0
[11:56:17.808] 185,212,0
[11:56:17.808] 186,208,0
[11:56:17.813] 187,207,0
[11:56:17.819] 188,193,0
[11:56:17.820] 189,182,0
[11:56:17.827] 190,170,0
[11:56:17.828] 191,149,0
[11:56:17.828] 192,126,0
[11:56:17.832] 193,96,0
[11:56:17.834] 194,77,0
[11:56:17.837] 195,45,0
[11:56:17.841] 196,24,0
[11:56:17.844] 197,1,0
[11:56:17.846] 198,0,0
[11:56:17.851] 199,0,0
[11:56:35.419] [RIM] t=2167775 i=0 note=36 vel=110 raw=110 ch=10 rescues=0 thresh=-1.000 peak=-1.000 mask=-1 decay=-1 decaylen=-1 xfilt=-1.000 xfiltdecay=-1.000
[11:56:35.424] [SysEx TX] F0 00 7D 00 05 03 00 01 6E 6E F7
[11:56:35.427] [SCOPE] input=0 pad_type=0 head_ch=1 rim_ch=0 head_peak=219 rim_peak=1097 decision=RIM samples=200
[11:56:35.433] T,H,R
[11:56:35.434] 0,0,6
[11:56:35.435] 1,4,2
[11:56:35.440] 2,1,0
[11:56:35.444] 3,4,2
[11:56:35.444] 4,0,6
[11:56:35.445] 5,2,3
[11:56:35.449] 6,1,0
[11:56:35.454] 7,0,2
[11:56:35.454] 8,4,2
[11:56:35.457] 9,4,2
[11:56:35.461] 10,0,5
[11:56:35.463] 11,0,6
[11:56:35.465] 12,0,3
[11:56:35.468] 13,4,2
[11:56:35.471] 14,0,6
[11:56:35.473] 15,2,3
[11:56:35.476] 16,1,0
[11:56:35.479] 17,0,3
[11:56:35.482] 18,1,0
[11:56:35.485] 19,4,2
[11:56:35.489] 20,1,6
[11:56:35.490] 21,0,6
[11:56:35.492] 22,2,5
[11:56:35.496] 23,4,2
[11:56:35.499] 24,1,0
[11:56:35.502] 25,2,3
[11:56:35.505] 26,2,1
[11:56:35.508] 27,1,0
[11:56:35.510] 28,0,6
[11:56:35.523] 29,2,1
[11:56:35.523] 30,1,0
[11:56:35.524] 31,8,4
[11:56:35.526] 32,2,3
[11:56:35.530] 33,1,6
[11:56:35.536] 34,1,2
[11:56:35.537] 35,1,0
[11:56:35.542] 36,1,0
[11:56:35.543] 37,0,4
[11:56:35.543] 38,1,2
[11:56:35.545] 39,0,4
[11:56:35.548] 40,1,0
[11:56:35.551] 41,2,3
[11:56:35.554] 42,4,2
[11:56:35.556] 43,2,5
[11:56:35.560] 44,1,2
[11:56:35.562] 45,1,2
[11:56:35.565] 46,2,0
[11:56:35.567] 47,2,4
[11:56:35.571] 48,4,2
[11:56:35.573] 49,4,5
[11:56:35.576] 50,2,0
[11:56:35.579] 51,5,2
[11:56:35.582] 52,1,0
[11:56:35.585] 53,2,0
[11:56:35.588] 54,0,5
[11:56:35.590] 55,1,2
[11:56:35.593] 56,0,6
[11:56:35.596] 57,4,2
[11:56:35.598] 58,0,4
[11:56:35.610] 59,0,2
[11:56:35.610] 60,0,8
[11:56:35.610] 61,0,5
[11:56:35.614] 62,4,3
[11:56:35.622] 63,0,2
[11:56:35.622] 64,6,0
[11:56:35.623] 65,1,0
[11:56:35.626] 66,2,8
[11:56:35.629] 67,5,3
[11:56:35.637] 68,2,8
[11:56:35.638] 69,2,4
[11:56:35.639] 70,4,1
[11:56:35.644] 71,3,6
[11:56:35.645] 72,5,3
[11:56:35.645] 73,6,2
[11:56:35.647] 74,3,0
[11:56:35.651] 75,5,2
[11:56:35.654] 76,2,8
[11:56:35.657] 77,6,5
[11:56:35.660] 78,3,0
[11:56:35.662] 79,6,4
[11:56:35.665] 80,3,2
[11:56:35.668] 81,6,3
[11:56:35.670] 82,4,3
[11:56:35.674] 83,0,4
[11:56:35.676] 84,6,3
[11:56:35.679] 85,3,0
[11:56:35.682] 86,3,5
[11:56:35.685] 87,2,0
[11:56:35.687] 88,0,6
[11:56:35.692] 89,3,2
[11:56:35.693] 90,2,6
[11:56:35.696] 91,2,6
[11:56:35.699] 92,5,3
[11:56:35.702] 93,2,5
[11:56:35.704] 94,5,2
[11:56:35.708] 95,0,4
[11:56:35.710] 96,5,2
[11:56:35.712] 97,2,6
[11:56:35.715] 98,5,2
[11:56:35.730] 99,7,99
[11:56:35.731] 100,39,614
[11:56:35.732] 101,158,793
[11:56:35.733] 102,219,169
[11:56:35.740] 103,90,0
[11:56:35.741] 104,0,429
[11:56:35.742] 105,0,1097
[11:56:35.744] 106,0,457
[11:56:35.751] 107,56,0
[11:56:35.752] 108,0,0
[11:56:35.752] 109,0,125
[11:56:35.754] 110,0,169
[11:56:35.758] 111,34,105
[11:56:35.760] 112,119,118
[11:56:35.763] 113,139,0
[11:56:35.767] 114,33,0
[11:56:35.770] 115,0,0
[11:56:35.774] 116,0,265
[11:56:35.775] 117,0,382
[11:56:35.777] 118,16,42
[11:56:35.780] 119,0,0
[11:56:35.783] 120,0,104
[11:56:35.786] 121,1,73
[11:56:35.789] 122,40,0
[11:56:35.792] 123,47,10
[11:56:35.794] 124,41,179
[11:56:35.799] 125,42,139
[11:56:35.800] 126,53,158
[11:56:35.803] 127,24,302
[11:56:35.805] 128,47,299
[11:56:35.809] 129,58,153
[11:56:35.811] 130,65,86
[11:56:35.815] 131,11,90
[11:56:35.817] 132,0,28
[11:56:35.832] 133,0,0
[11:56:35.832] 134,0,0
[11:56:35.832] 135,2,86
[11:56:35.832] 136,33,126
[11:56:35.837] 137,78,164
[11:56:35.842] 138,127,232
[11:56:35.842] 139,143,238
[11:56:35.850] 140,112,220
[11:56:35.850] 141,60,200
[11:56:35.850] 142,23,213
[11:56:35.851] 143,3,222
[11:56:35.853] 144,0,210
[11:56:35.857] 145,7,210
[11:56:35.860] 146,14,200
[11:56:35.862] 147,55,197
[11:56:35.865] 148,89,166
[11:56:35.868] 149,99,166
[11:56:35.872] 150,105,158
[11:56:35.874] 151,109,142
[11:56:35.876] 152,88,135
[11:56:35.879] 153,61,128
[11:56:35.882] 154,73,150
[11:56:35.886] 155,94,185
[11:56:35.888] 156,111,206
[11:56:35.891] 157,94,208
[11:56:35.894] 158,60,184
[11:56:35.897] 159,38,163
[11:56:35.899] 160,7,153
[11:56:35.902] 161,0,148
[11:56:35.905] 162,0,149
[11:56:35.907] 163,0,172
[11:56:35.911] 164,1,180
[11:56:35.912] 165,7,157
[11:56:35.915] 166,7,150
[11:56:35.918] 167,1,173
[11:56:35.931] 168,0,174
[11:56:35.931] 169,0,167
[11:56:35.932] 170,0,141
[11:56:35.932] 171,0,138
[11:56:35.935] 172,0,125
[11:56:35.939] 173,0,111
[11:56:35.945] 174,0,106
[11:56:35.945] 175,9,97
[11:56:35.946] 176,26,72
[11:56:35.952] 177,23,83
[11:56:35.953] 178,30,93
[11:56:35.954] 179,24,89
[11:56:35.956] 180,32,89
[11:56:35.959] 181,30,117
[11:56:35.965] 182,30,136
[11:56:35.965] 183,40,141
[11:56:35.967] 184,43,144
[11:56:35.970] 185,57,137
[11:56:35.973] 186,61,116
[11:56:35.976] 187,62,114
[11:56:35.978] 188,57,107
[11:56:35.981] 189,46,105
[11:56:35.985] 190,41,98
[11:56:35.987] 191,31,89
[11:56:35.990] 192,31,68
[11:56:35.992] 193,27,68
[11:56:35.995] 194,26,57
[11:56:35.999] 195,26,60
[11:56:36.001] 196,19,70
[11:56:36.004] 197,25,84
[11:56:36.007] 198,34,112
[11:56:36.009] 199,39,124
[11:56:36.015] [RIM] t=2168379 i=0 note=36 vel=127 raw=127 ch=10 rescues=0 thresh=-1.000 peak=-1.000 mask=-1 decay=-1 decaylen=-1 xfilt=-1.000 xfiltdecay=-1.000
[11:56:36.031] [SysEx TX] F0 00 7D 00 05 03 00 01 7F 7F F7
[11:56:36.032] [SCOPE] input=0 pad_type=0 head_ch=1 rim_ch=0 head_peak=219 rim_peak=1097 decision=RIM samples=200
[11:56:36.032] T,H,R
[11:56:36.035] 0,1,0
[11:56:36.038] 1,0,4
[11:56:36.041] 2,1,2
[11:56:36.044] 3,0,4
[11:56:36.046] 4,1,0
[11:56:36.055] 5,2,3
[11:56:36.056] 6,4,2
[11:56:36.057] 7,2,5
[11:56:36.057] 8,1,2
[11:56:36.061] 9,1,2
[11:56:36.063] 10,2,0
[11:56:36.068] 11,2,4
[11:56:36.069] 12,4,2
[11:56:36.072] 13,4,5
[11:56:36.075] 14,2,0
[11:56:36.078] 15,5,2
[11:56:36.081] 16,1,0
[11:56:36.084] 17,2,0
[11:56:36.086] 18,0,5
[11:56:36.089] 19,1,2
[11:56:36.092] 20,0,6
[11:56:36.095] 21,4,2
[11:56:36.098] 22,0,4
[11:56:36.102] 23,0,2
[11:56:36.106] 24,0,8
[11:56:36.107] 25,0,5
[11:56:36.108] 26,4,3
[11:56:36.111] 27,0,2
[11:56:36.114] 28,6,0
[11:56:36.117] 29,1,0
[11:56:36.120] 30,2,8
[11:56:36.123] 31,5,3
[11:56:36.125] 32,2,8
[11:56:36.134] 33,2,4
[11:56:36.135] 34,4,1
[11:56:36.135] 35,3,6
[11:56:36.138] 36,5,3
[11:56:36.141] 37,6,2
[11:56:36.144] 38,3,0
[11:56:36.146] 39,5,2
[11:56:36.154] 40,2,8
[11:56:36.159] 41,6,5
[11:56:36.159] 42,3,0
[11:56:36.160] 43,6,4
[11:56:36.160] 44,3,2
[11:56:36.164] 45,6,3
[11:56:36.168] 46,4,3
[11:56:36.170] 47,0,4
[11:56:36.173] 48,6,3
[11:56:36.176] 49,3,0
[11:56:36.180] 50,3,5
[11:56:36.181] 51,2,0
[11:56:36.184] 52,0,6
[11:56:36.187] 53,3,2
[11:56:36.190] 54,2,6
[11:56:36.192] 55,2,6
[11:56:36.196] 56,5,3
[11:56:36.200] 57,2,5
[11:56:36.202] 58,5,2
[11:56:36.213] 59,0,4
[11:56:36.213] 60,5,2
[11:56:36.213] 61,2,6
[11:56:36.214] 62,5,2
[11:56:36.221] 63,7,99
[11:56:36.221] 64,39,614
[11:56:36.223] 65,158,793
[11:56:36.226] 66,219,169
[11:56:36.236] 67,90,0
[11:56:36.237] 68,0,429
[11:56:36.239] 69,0,1097
[11:56:36.240] 70,0,457
[11:56:36.242] 71,56,0
[11:56:36.246] 72,0,0
[11:56:36.252] 73,0,125
[11:56:36.253] 74,0,169
[11:56:36.254] 75,34,105
[11:56:36.255] 76,119,118
[11:56:36.262] 77,139,0
[11:56:36.263] 78,33,0
[11:56:36.264] 79,0,0
[11:56:36.265] 80,0,265
[11:56:36.269] 81,0,382
[11:56:36.272] 82,16,42
[11:56:36.274] 83,0,0
[11:56:36.278] 84,0,104
[11:56:36.280] 85,1,73
[11:56:36.283] 86,40,0
[11:56:36.286] 87,47,10
[11:56:36.288] 88,41,179
[11:56:36.291] 89,42,139
[11:56:36.294] 90,53,158
[11:56:36.300] 91,24,302
[11:56:36.300] 92,47,299
[11:56:36.302] 93,58,153
[11:56:36.307] 94,65,86
[11:56:36.310] 95,11,90
[11:56:36.312] 96,0,28
[11:56:36.315] 97,0,0
[11:56:36.318] 98,0,0
[11:56:36.321] 99,2,86
[11:56:36.324] 100,33,126
[11:56:36.327] 101,78,164
[11:56:36.329] 102,127,232
[11:56:36.342] 103,143,238
[11:56:36.344] 104,112,220
[11:56:36.344] 105,60,200
[11:56:36.344] 106,23,213
[11:56:36.349] 107,3,222
[11:56:36.354] 108,0,210
[11:56:36.355] 109,7,210
[11:56:36.356] 110,14,200
[11:56:36.364] 111,55,197
[11:56:36.364] 112,89,166
[11:56:36.367] 113,99,166
[11:56:36.367] 114,105,158
[11:56:36.370] 115,109,142
[11:56:36.372] 116,88,135
[11:56:36.375] 117,61,128
[11:56:36.378] 118,73,150
[11:56:36.382] 119,94,185
[11:56:36.386] 120,111,206
[11:56:36.386] 121,94,208
[11:56:36.394] 122,60,184
[11:56:36.394] 123,38,163
[11:56:36.394] 124,7,153
[11:56:36.397] 125,0,148
[11:56:36.401] 126,0,149
[11:56:36.403] 127,0,172
[11:56:36.406] 128,1,180
[11:56:36.408] 129,7,157
[11:56:36.411] 130,7,150
[11:56:36.414] 131,1,173
[11:56:36.417] 132,0,174
[11:56:36.420] 133,0,167
[11:56:36.422] 134,0,141
[11:56:36.425] 135,0,138
[11:56:36.428] 136,0,125
[11:56:36.431] 137,0,111
[11:56:36.443] 138,0,106
[11:56:36.444] 139,9,97
[11:56:36.446] 140,26,72
[11:56:36.446] 141,23,83
[11:56:36.452] 142,30,93
[11:56:36.452] 143,24,89
[11:56:36.457] 144,32,89
[11:56:36.457] 145,30,117
[11:56:36.458] 146,30,136
[11:56:36.465] 147,40,141
[11:56:36.465] 148,43,144
[11:56:36.466] 149,57,137
[11:56:36.468] 150,61,116
[11:56:36.471] 151,62,114
[11:56:36.478] 152,57,107
[11:56:36.479] 153,46,105
[11:56:36.480] 154,41,98
[11:56:36.482] 155,31,89
[11:56:36.486] 156,31,68
[11:56:36.488] 157,27,68
[11:56:36.491] 158,26,57
[11:56:36.494] 159,26,60
[11:56:36.496] 160,19,70
[11:56:36.500] 161,25,84
[11:56:36.502] 162,34,112
[11:56:36.505] 163,39,124
[11:56:36.508] 164,31,153
[11:56:36.511] 165,31,153
[11:56:36.514] 166,33,162
[11:56:36.516] 167,29,153
[11:56:36.519] 168,12,142
[11:56:36.522] 169,3,116
[11:56:36.525] 170,0,106
[11:56:36.528] 171,1,102
[11:56:36.531] 172,0,98
[11:56:36.534] 173,0,94
[11:56:36.544] 174,0,108
[11:56:36.544] 175,0,102
[11:56:36.544] 176,0,116
[11:56:36.547] 177,0,124
[11:56:36.550] 178,0,126
[11:56:36.553] 179,0,137
[11:56:36.555] 180,0,128
[11:56:36.567] 181,8,137
[11:56:36.567] 182,4,121
[11:56:36.569] 183,3,128
[11:56:36.569] 184,0,124
[11:56:36.573] 185,7,124
[11:56:36.576] 186,17,122
[11:56:36.579] 187,10,115
[11:56:36.582] 188,26,107
[11:56:36.584] 189,51,107
[11:56:36.587] 190,81,111
[11:56:36.590] 191,105,108
[11:56:36.593] 192,99,99
[11:56:36.595] 193,94,95
[11:56:36.604] 194,78,102
[11:56:36.604] 195,51,102
[11:56:36.604] 196,30,95
[11:56:36.607] 197,10,91
[11:56:36.611] 198,5,88
[11:56:36.613] 199,0,89
[11:56:36.620] [RIM] t=2168982 i=0 note=36 vel=4 raw=4 ch=10 rescues=0 thresh=-1.000 peak=-1.000 mask=-1 decay=-1 decaylen=-1 xfilt=-1.000 xfiltdecay=-1.000
[11:56:36.629] [SysEx TX] F0 00 7D 00 05 03 00 01 04 04 F7
[11:56:36.633] [SCOPE] input=0 pad_type=0 head_ch=1 rim_ch=0 head_peak=29 rim_peak=54 decision=RIM samples=200
[11:56:36.636] T,H,R
[11:56:36.649] 0,0,43
[11:56:36.649] 1,0,49
[11:56:36.649] 2,0,46
[11:56:36.649] 3,0,54
[11:56:36.654] 4,0,54
[11:56:36.656] 5,0,54
[11:56:36.662] 6,4,51
[11:56:36.662] 7,0,54
[11:56:36.663] 8,1,46
[11:56:36.666] 9,2,48
[11:56:36.672] 10,1,45
[11:56:36.672] 11,9,48
[11:56:36.673] 12,16,44
[11:56:36.678] 13,10,53
[11:56:36.681] 14,22,46
[11:56:36.684] 15,14,47
[11:56:36.691] 16,20,44
[11:56:36.691] 17,17,45
[11:56:36.692] 18,9,31
[11:56:36.696] 19,10,35
[11:56:36.701] 20,20,29
[11:56:36.702] 21,18,27
[11:56:36.703] 22,15,21
[11:56:36.707] 23,17,26
[11:56:36.709] 24,12,19
[11:56:36.712] 25,8,13
[11:56:36.716] 26,16,20
[11:56:36.718] 27,10,7
[11:56:36.720] 28,6,7
[11:56:36.723] 29,2,2
[11:56:36.726] 30,0,2
[11:56:36.728] 31,2,0
[11:56:36.732] 32,0,1
[11:56:36.734] 33,0,0
[11:56:36.738] 34,0,0
[11:56:36.742] 35,0,0
[11:56:36.748] 36,0,0
[11:56:36.772] 37,0,0
[11:56:36.773] 38,0,0
[11:56:36.773] 39,0,0
[11:56:36.773] 40,0,4
[11:56:36.778] 41,0,6
[11:56:36.780] 42,0,4
[11:56:36.784] 43,0,1
[11:56:36.785] 44,0,0
[11:56:36.788] 45,0,6
[11:56:36.790] 46,0,1
[11:56:36.795] 47,0,0
[11:56:36.796] 48,0,0
[11:56:36.799] 49,0,0
[11:56:36.803] 50,0,0
[11:56:36.804] 51,0,0
[11:56:36.807] 52,0,0
[11:56:36.810] 53,0,0
[11:56:36.812] 54,0,0
[11:56:36.816] 55,6,0
[11:56:36.819] 56,4,0
[11:56:36.821] 57,2,0
[11:56:36.824] 58,6,0
[11:56:36.827] 59,2,0
[11:56:36.830] 60,5,0
[11:56:36.833] 61,6,0
[11:56:36.835] 62,1,0
[11:56:36.838] 63,12,0
[11:56:36.841] 64,16,0
[11:56:36.856] 65,16,0
[11:56:36.857] 66,17,0
[11:56:36.857] 67,6,0
[11:56:36.859] 68,5,0
[11:56:36.862] 69,2,0
[11:56:36.867] 70,0,0
[11:56:36.867] 71,0,0
[11:56:36.869] 72,0,2
[11:56:36.874] 73,0,0
[11:56:36.877] 74,0,0
[11:56:36.877] 75,0,1
[11:56:36.879] 76,0,0
[11:56:36.883] 77,0,0
[11:56:36.885] 78,0,0
[11:56:36.889] 79,0,0
[11:56:36.891] 80,0,0
[11:56:36.895] 81,0,0
[11:56:36.897] 82,0,2
[11:56:36.900] 83,0,0
[11:56:36.902] 84,0,0
[11:56:36.904] 85,0,4
[11:56:36.907] 86,0,10
[11:56:36.910] 87,0,7
[11:56:36.913] 88,0,10
[11:56:36.915] 89,0,10
[11:56:36.918] 90,4,16
[11:56:36.921] 91,8,6
[11:56:36.924] 92,11,8
[11:56:36.927] 93,10,16
[11:56:36.929] 94,6,8
[11:56:36.932] 95,9,6
[11:56:36.936] 96,14,20
[11:56:36.938] 97,10,12
[11:56:36.942] 98,19,14
[11:56:36.944] 99,23,10
[11:56:36.954] 100,25,10
[11:56:36.954] 101,29,8
[11:56:36.954] 102,23,8
[11:56:36.958] 103,26,10
[11:56:36.961] 104,19,2
[11:56:36.964] 105,13,9
[11:56:36.968] 106,10,10
[11:56:36.969] 107,14,2
[11:56:36.976] 108,20,4
[11:56:36.976] 109,14,4
[11:56:36.977] 110,18,4
[11:56:36.979] 111,19,6
[11:56:36.982] 112,10,2
[11:56:36.988] 113,9,1
[11:56:36.988] 114,2,3
[11:56:36.990] 115,1,2
[11:56:36.993] 116,0,0
[11:56:36.999] 117,0,1
[11:56:36.999] 118,2,7
[11:56:37.001] 119,0,2
[11:56:37.005] 120,0,3
[11:56:37.008] 121,0,3
[11:56:37.010] 122,0,10
[11:56:37.013] 123,0,2
[11:56:37.017] 124,1,6
[11:56:37.018] 125,3,2
[11:56:37.020] 126,0,3
[11:56:37.023] 127,4,3
[11:56:37.026] 128,5,3
[11:56:37.029] 129,4,5
[11:56:37.032] 130,2,10
[11:56:37.035] 131,5,8
[11:56:37.039] 132,0,8
[11:56:37.041] 133,3,14
[11:56:37.042] 134,5,7
[11:56:37.045] 135,5,11
[11:56:37.050] 136,6,17
[11:56:37.056] 137,12,12
[11:56:37.056] 138,19,12
[11:56:37.061] 139,17,14
[11:56:37.062] 140,21,10
[11:56:37.064] 141,21,3
[11:56:37.067] 142,24,7
[11:56:37.071] 143,26,18
[11:56:37.072] 144,23,16
[11:56:37.074] 145,18,16
[11:56:37.082] 146,18,23
[11:56:37.084] 147,15,22
[11:56:37.084] 148,16,26
[11:56:37.087] 149,7,21
[11:56:37.091] 150,5,19
[11:56:37.093] 151,8,22
[11:56:37.095] 152,4,21
[11:56:37.100] 153,8,22
[11:56:37.102] 154,6,23
[11:56:37.104] 155,3,21
[11:56:37.107] 156,2,22
[11:56:37.110] 157,1,24
[11:56:37.113] 158,6,24
[11:56:37.116] 159,1,15
[11:56:37.118] 160,5,24
[11:56:37.125] 161,4,16
[11:56:37.125] 162,1,27
[11:56:37.126] 163,2,30
[11:56:37.130] 164,0,24
[11:56:37.134] 165,1,30
[11:56:37.136] 166,1,23
[11:56:37.138] 167,3,26
[11:56:37.141] 168,0,35
[11:56:37.144] 169,5,25
[11:56:37.148] 170,6,22
[11:56:37.161] 171,16,23
[11:56:37.161] 172,10,22
[11:56:37.161] 173,16,21
[11:56:37.162] 174,7,25
[11:56:37.165] 175,10,25
[11:56:37.169] 176,7,22
[11:56:37.174] 177,11,23
[11:56:37.175] 178,10,20
[11:56:37.176] 179,12,19
[11:56:37.183] 180,18,20
[11:56:37.183] 181,8,11
[11:56:37.184] 182,5,20
[11:56:37.187] 183,10,22
[11:56:37.189] 184,9,17
[11:56:37.192] 185,7,4
[11:56:37.196] 186,6,11
[11:56:37.199] 187,2,10
[11:56:37.204] 188,2,10
[11:56:37.204] 189,2,9
[11:56:37.205] 190,0,9
[11:56:37.209] 191,0,16
[11:56:37.212] 192,0,11
[11:56:37.215] 193,0,7
[11:56:37.217] 194,0,3
[11:56:37.220] 195,0,8
[11:56:37.223] 196,2,8
[11:56:37.226] 197,0,2
[11:56:37.229] 198,0,2
[11:56:37.235] 199,0,4
[11:56:37.246] [HIT] t=2169606 i=3 note=51 vel=1 raw=1 ch=10 rescues=0 thresh=-1.000 peak=-1.000 mask=-1 decay=-1 decaylen=-1 xfilt=-1.000 xfiltdecay=-1.000
[11:56:37.255] [SysEx TX] F0 00 7D 00 05 03 03 00 01 01 F7
[11:56:38.000] [RIM] t=2170358 i=0 note=36 vel=127 raw=127 ch=10 rescues=0 thresh=-1.000 peak=-1.000 mask=-1 decay=-1 decaylen=-1 xfilt=-1.000 xfiltdecay=-1.000
[11:56:38.004] [SysEx TX] F0 00 7D 00 05 03 00 01 7F 7F F7
[11:56:38.008] [SCOPE] input=0 pad_type=0 head_ch=1 rim_ch=0 head_peak=226 rim_peak=985 decision=RIM samples=200
[11:56:38.012] T,H,R
[11:56:38.013] 0,4,3
[11:56:38.015] 1,0,0
[11:56:38.018] 2,1,3
[11:56:38.022] 3,2,5
[11:56:38.024] 4,0,0
[11:56:38.027] 5,0,0
[11:56:38.030] 6,2,5
[11:56:38.033] 7,0,0
[11:56:38.040] 8,1,2
[11:56:38.042] 9,2,6
[11:56:38.042] 10,0,0
[11:56:38.044] 11,0,2
[11:56:38.048] 12,2,2
[11:56:38.050] 13,1,2
[11:56:38.052] 14,1,1
[11:56:38.057] 15,0,6
[11:56:38.060] 16,0,2
[11:56:38.062] 17,0,2
[11:56:38.065] 18,6,1
[11:56:38.068] 19,4,6
[11:56:38.071] 20,0,0
[11:56:38.081] 21,1,3
[11:56:38.084] 22,4,2
[11:56:38.084] 23,0,0
[11:56:38.086] 24,2,2
[11:56:38.089] 25,2,3
[11:56:38.096] 26,4,3
[11:56:38.096] 27,4,0
[11:56:38.097] 28,0,2
[11:56:38.103] 29,1,2
[11:56:38.103] 30,2,0
[11:56:38.104] 31,6,3
[11:56:38.106] 32,2,0
[11:56:38.110] 33,3,2
[11:56:38.113] 34,5,5
[11:56:38.115] 35,2,1
[11:56:38.118] 36,1,6
[11:56:38.121] 37,2,2
[11:56:38.125] 38,2,3
[11:56:38.127] 39,3,1
[11:56:38.129] 40,2,6
[11:56:38.132] 41,0,0
[11:56:38.135] 42,1,0
[11:56:38.138] 43,2,6
[11:56:38.141] 44,2,4
[11:56:38.143] 45,3,0
[11:56:38.147] 46,1,0
[11:56:38.150] 47,0,4
[11:56:38.152] 48,2,6
[11:56:38.155] 49,5,0
[11:56:38.158] 50,3,0
[11:56:38.160] 51,2,6
[11:56:38.166] 52,4,2
[11:56:38.167] 53,3,2
[11:56:38.168] 54,2,6
[11:56:38.171] 55,3,2
[11:56:38.184] 56,2,8
[11:56:38.184] 57,5,2
[11:56:38.185] 58,4,2
[11:56:38.185] 59,2,4
[11:56:38.189] 60,2,4
[11:56:38.191] 61,3,0
[11:56:38.197] 62,3,2
[11:56:38.198] 63,6,3
[11:56:38.204] 64,3,0
[11:56:38.205] 65,3,2
[11:56:38.206] 66,2,6
[11:56:38.207] 67,0,5
[11:56:38.210] 68,4,2
[11:56:38.213] 69,6,3
[11:56:38.216] 70,2,6
[11:56:38.218] 71,2,6
[11:56:38.222] 72,2,6
[11:56:38.224] 73,5,0
[11:56:38.227] 74,5,2
[11:56:38.230] 75,5,2
[11:56:38.233] 76,2,0
[11:56:38.236] 77,6,3
[11:56:38.239] 78,2,6
[11:56:38.242] 79,8,5
[11:56:38.243] 80,5,2
[11:56:38.247] 81,3,2
[11:56:38.250] 82,0,5
[11:56:38.253] 83,6,3
[11:56:38.255] 84,5,2
[11:56:38.258] 85,2,6
[11:56:38.260] 86,3,2
[11:56:38.264] 87,3,0
[11:56:38.268] 88,6,3
[11:56:38.269] 89,6,3
[11:56:38.272] 90,5,2
[11:56:38.275] 91,6,2
[11:56:38.284] 92,5,2
[11:56:38.284] 93,6,2
[11:56:38.285] 94,3,8
[11:56:38.288] 95,2,4
[11:56:38.291] 96,0,2
[11:56:38.294] 97,5,2
[11:56:38.300] 98,8,4
[11:56:38.301] 99,5,57
[11:56:38.309] 100,33,550
[11:56:38.312] 101,146,841
[11:56:38.312] 102,226,393
[11:56:38.312] 103,157,0
[11:56:38.316] 104,0,233
[11:56:38.319] 105,0,985
[11:56:38.322] 106,0,562
[11:56:38.325] 107,8,0
[11:56:38.328] 108,0,0
[11:56:38.330] 109,0,118
[11:56:38.333] 110,0,183
[11:56:38.335] 111,22,54
[11:56:38.338] 112,146,0
[11:56:38.341] 113,143,0
[11:56:38.344] 114,55,20
[11:56:38.347] 115,0,86
[11:56:38.350] 116,0,92
[11:56:38.353] 117,0,297
[11:56:38.355] 118,0,224
[11:56:38.358] 119,0,72
[11:56:38.361] 120,0,121
[11:56:38.364] 121,0,149
[11:56:38.366] 122,53,0
[11:56:38.369] 123,86,0
[11:56:38.372] 124,61,133
[11:56:38.375] 125,41,205
[11:56:38.378] 126,52,273
[11:56:38.394] 127,50,303
[11:56:38.395] 128,57,345
[11:56:38.397] 129,45,246
[11:56:38.401] 130,34,121
[11:56:38.401] 131,4,75
[11:56:38.410] 132,0,35
[11:56:38.410] 133,0,0
[11:56:38.411] 134,0,0
[11:56:38.412] 135,0,48
[11:56:38.417] 136,19,152
[11:56:38.419] 137,72,187
[11:56:38.421] 138,121,240
[11:56:38.424] 139,126,269
[11:56:38.437] 140,121,276
[11:56:38.437] 141,75,268
[11:56:38.438] 142,33,261
[11:56:38.438] 143,2,275
[11:56:38.438] 144,0,257
[11:56:38.441] 145,0,242
[11:56:38.444] 146,0,216
[11:56:38.447] 147,35,204
[11:56:38.450] 148,77,185
[11:56:38.453] 149,91,182
[11:56:38.455] 150,108,182
[11:56:38.458] 151,134,162
[11:56:38.461] 152,106,153
[11:56:38.463] 153,85,160
[11:56:38.466] 154,75,172
[11:56:38.469] 155,98,215
[11:56:38.471] 156,100,228
[11:56:38.474] 157,84,233
[11:56:38.477] 158,46,213
[11:56:38.480] 159,38,206
[11:56:38.490] 160,5,193
[11:56:38.490] 161,0,172
[11:56:38.491] 162,0,169
[11:56:38.493] 163,0,182
[11:56:38.497] 164,0,205
[11:56:38.501] 165,0,194
[11:56:38.502] 166,0,175
[11:56:38.504] 167,0,200
[11:56:38.516] 168,0,197
[11:56:38.516] 169,0,176
[11:56:38.517] 170,0,169
[11:56:38.518] 171,0,162
[11:56:38.520] 172,0,150
[11:56:38.525] 173,0,137
[11:56:38.526] 174,0,114
[11:56:38.529] 175,9,104
[11:56:38.532] 176,29,97
[11:56:38.535] 177,41,90
[11:56:38.537] 178,40,99
[11:56:38.540] 179,47,99
[11:56:38.542] 180,56,110
[11:56:38.546] 181,53,134
[11:56:38.548] 182,51,150
[11:56:38.551] 183,57,164
[11:56:38.557] 184,58,164
[11:56:38.557] 185,58,166
[11:56:38.559] 186,59,150
[11:56:38.563] 187,76,148
[11:56:38.567] 188,69,139
[11:56:38.568] 189,46,122
[11:56:38.570] 190,42,116
[11:56:38.573] 191,36,103
[11:56:38.575] 192,26,88
[11:56:38.581] 193,26,83
[11:56:38.582] 194,23,64
[11:56:38.594] 195,23,73
[11:56:38.594] 196,18,81
[11:56:38.594] 197,23,90
[11:56:38.596] 198,31,122
[11:56:38.599] 199,36,153
[11:56:38.606] [RIM] t=2170969 i=0 note=36 vel=127 raw=127 ch=10 rescues=0 thresh=-1.000 peak=-1.000 mask=-1 decay=-1 decaylen=-1 xfilt=-1.000 xfiltdecay=-1.000
[11:56:38.618] [SysEx TX] F0 00 7D 00 05 03 00 01 7F 7F F7
[11:56:38.619] [SCOPE] input=0 pad_type=0 head_ch=1 rim_ch=0 head_peak=226 rim_peak=985 decision=RIM samples=200
[11:56:38.624] T,H,R
[11:56:38.627] 0,4,2
[11:56:38.629] 1,3,2
[11:56:38.632] 2,2,6
[11:56:38.635] 3,3,2
[11:56:38.638] 4,2,8
[11:56:38.641] 5,5,2
[11:56:38.644] 6,4,2
[11:56:38.647] 7,2,4
[11:56:38.650] 8,2,4
[11:56:38.652] 9,3,0
[11:56:38.656] 10,3,2
[11:56:38.659] 11,6,3
[11:56:38.662] 12,3,0
[11:56:38.665] 13,3,2
[11:56:38.667] 14,2,6
[11:56:38.670] 15,0,5
[11:56:38.673] 16,4,2
[11:56:38.676] 17,6,3
[11:56:38.679] 18,2,6
[11:56:38.681] 19,2,6
[11:56:38.684] 20,2,6
[11:56:38.697] 21,5,0
[11:56:38.697] 22,5,2
[11:56:38.697] 23,5,2
[11:56:38.698] 24,2,0
[11:56:38.704] 25,6,3
[11:56:38.707] 26,2,6
[11:56:38.719] 27,8,5
[11:56:38.719] 28,5,2
[11:56:38.719] 29,3,2
[11:56:38.719] 30,0,5
[11:56:38.725] 31,6,3
[11:56:38.728] 32,5,2
[11:56:38.733] 33,2,6
[11:56:38.734] 34,3,2
[11:56:38.735] 35,3,0
[11:56:38.738] 36,6,3
[11:56:38.741] 37,6,3
[11:56:38.743] 38,5,2
[11:56:38.746] 39,6,2
[11:56:38.749] 40,5,2
[11:56:38.752] 41,6,2
[11:56:38.755] 42,3,8
[11:56:38.758] 43,2,4
[11:56:38.761] 44,0,2
[11:56:38.764] 45,5,2
[11:56:38.766] 46,8,4
[11:56:38.769] 47,5,57
[11:56:38.772] 48,33,550
[11:56:38.775] 49,146,841
[11:56:38.780] 50,226,393
[11:56:38.781] 51,157,0
[11:56:38.783] 52,0,233
[11:56:38.787] 53,0,985
[11:56:38.802] 54,0,562
[11:56:38.802] 55,8,0
[11:56:38.803] 56,0,0
[11:56:38.803] 57,0,118
[11:56:38.808] 58,0,183
[11:56:38.812] 59,22,54
[11:56:38.814] 60,146,0
[11:56:38.820] 61,143,0
[11:56:38.820] 62,55,20
[11:56:38.821] 63,0,86
[11:56:38.823] 64,0,92
[11:56:38.826] 65,0,297
[11:56:38.829] 66,0,224
[11:56:38.831] 67,0,72
[11:56:38.835] 68,0,121
[11:56:38.837] 69,0,149
[11:56:38.840] 70,53,0
[11:56:38.843] 71,86,0
[11:56:38.845] 72,61,133
[11:56:38.848] 73,41,205
[11:56:38.851] 74,52,273
[11:56:38.854] 75,50,303
[11:56:38.857] 76,57,345
[11:56:38.860] 77,45,246
[11:56:38.862] 78,34,121
[11:56:38.867] 79,4,75
[11:56:38.868] 80,0,35
[11:56:38.871] 81,0,0
[11:56:38.874] 82,0,0
[11:56:38.876] 83,0,48
[11:56:38.880] 84,19,152
[11:56:38.883] 85,72,187
[11:56:38.884] 86,121,240
[11:56:38.887] 87,126,269
[11:56:38.890] 88,121,276
[11:56:38.900] 89,75,268
[11:56:38.900] 90,33,261
[11:56:38.901] 91,2,275
[11:56:38.903] 92,0,257
[11:56:38.906] 93,0,242
[11:56:38.909] 94,0,216
[11:56:38.915] 95,35,204
[11:56:38.915] 96,77,185
[11:56:38.916] 97,91,182
[11:56:38.923] 98,108,182
[11:56:38.923] 99,134,162
[11:56:38.924] 100,106,153
[11:56:38.927] 101,85,160
[11:56:38.929] 102,75,172
[11:56:38.934] 103,98,215
[11:56:38.934] 104,100,228
[11:56:38.937] 105,84,233
[11:56:38.940] 106,46,213
[11:56:38.944] 107,38,206
[11:56:38.945] 108,5,193
[11:56:38.949] 109,0,172
[11:56:38.951] 110,0,169
[11:56:38.954] 111,0,182
[11:56:38.958] 112,0,205
[11:56:38.961] 113,0,194
[11:56:38.963] 114,0,175
[11:56:38.966] 115,0,200
[11:56:38.969] 116,0,197
[11:56:38.971] 117,0,176
[11:56:38.974] 118,0,169
[11:56:38.977] 119,0,162
[11:56:38.980] 120,0,150
[11:56:38.985] 121,0,137
[11:56:38.986] 122,0,114
[11:56:38.988] 123,9,104
[11:56:38.992] 124,29,97
[11:56:39.002] 125,41,90
[11:56:39.002] 126,40,99
[11:56:39.002] 127,47,99
[11:56:39.005] 128,56,110
[11:56:39.009] 129,53,134
[11:56:39.011] 130,51,150
[11:56:39.016] 131,57,164
[11:56:39.017] 132,58,164
[11:56:39.024] 133,58,166
[11:56:39.024] 134,59,150
[11:56:39.025] 135,76,148
[11:56:39.026] 136,69,139
[11:56:39.032] 137,46,122
[11:56:39.038] 138,42,116
[11:56:39.038] 139,36,103
[11:56:39.039] 140,26,88
[11:56:39.040] 141,26,83
[11:56:39.046] 142,23,64
[11:56:39.050] 143,23,73
[11:56:39.051] 144,18,81
[11:56:39.053] 145,23,90
[11:56:39.056] 146,31,122
[11:56:39.059] 147,36,153
[11:56:39.061] 148,38,172
[11:56:39.064] 149,36,189
[11:56:39.067] 150,38,189
[11:56:39.071] 151,34,188
[11:56:39.073] 152,23,169
[11:56:39.076] 153,11,153
[11:56:39.079] 154,0,126
[11:56:39.082] 155,0,118
[11:56:39.085] 156,0,105
[11:56:39.088] 157,0,107
[11:56:39.090] 158,0,117
[11:56:39.094] 159,0,116
[11:56:39.106] 160,0,125
[11:56:39.106] 161,0,148
[11:56:39.106] 162,0,153
[11:56:39.107] 163,0,154
[11:56:39.111] 164,0,161
[11:56:39.114] 165,7,152
[11:56:39.120] 166,9,154
[11:56:39.120] 167,7,159
[11:56:39.126] 168,3,150
[11:56:39.127] 169,10,140
[11:56:39.127] 170,6,142
[11:56:39.128] 171,18,126
[11:56:39.131] 172,26,133
[11:56:39.135] 173,54,118
[11:56:39.141] 174,83,112
[11:56:39.145] 175,111,114
[11:56:39.146] 176,122,106
[11:56:39.147] 177,114,111
[11:56:39.152] 178,97,111
[11:56:39.152] 179,62,111
[11:56:39.154] 180,38,114
[11:56:39.157] 181,18,107
[11:56:39.160] 182,0,101
[11:56:39.163] 183,0,103
[11:56:39.165] 184,0,101
[11:56:39.168] 185,0,93
[11:56:39.171] 186,0,105
[11:56:39.174] 187,0,116
[11:56:39.177] 188,0,121
[11:56:39.180] 189,0,123
[11:56:39.182] 190,0,144
[11:56:39.186] 191,0,147
[11:56:39.188] 192,0,150
[11:56:39.191] 193,0,143
[11:56:39.194] 194,0,143
[11:56:39.197] 195,0,127
[11:56:39.209] 196,0,123
[11:56:39.210] 197,0,111
[11:56:39.210] 198,0,111
[11:56:39.221] 199,0,118
[11:56:39.223] [RIM] t=2171586 i=0 note=36 vel=127 raw=127 ch=10 rescues=0 thresh=-1.000 peak=-1.000 mask=-1 decay=-1 decaylen=-1 xfilt=-1.000 xfiltdecay=-1.000
[11:56:39.231] [SysEx TX] F0 00 7D 00 05 03 00 01 7F 7F F7
[11:56:39.235] [SCOPE] input=0 pad_type=0 head_ch=1 rim_ch=0 head_peak=92 rim_peak=407 decision=RIM samples=200
[11:56:39.237] T,H,R
[11:56:39.240] 0,43,19
[11:56:39.243] 1,46,23
[11:56:39.246] 2,52,20
[11:56:39.250] 3,44,27
[11:56:39.252] 4,48,33
[11:56:39.254] 5,47,26
[11:56:39.257] 6,44,30
[11:56:39.260] 7,33,30
[11:56:39.262] 8,30,45
[11:56:39.268] 9,24,39
[11:56:39.271] 10,19,29
[11:56:39.271] 11,20,36
[11:56:39.275] 12,7,38
[11:56:39.278] 13,20,153
[11:56:39.280] 14,48,345
[11:56:39.282] 15,87,320
[11:56:39.286] 16,92,3
[11:56:39.288] 17,10,0
[11:56:39.292] 18,0,294
[11:56:39.294] 19,0,407
[11:56:39.296] 20,0,31
[11:56:39.300] 21,1,0
[11:56:39.314] 22,0,0
[11:56:39.315] 23,0,29
[11:56:39.316] 24,0,0
[11:56:39.319] 25,10,0
[11:56:39.324] 26,5,0
[11:56:39.324] 27,0,0
[11:56:39.331] 28,0,0
[11:56:39.331] 29,0,21
[11:56:39.332] 30,0,76
[11:56:39.336] 31,0,36
[11:56:39.338] 32,0,18
[11:56:39.341] 33,2,7
[11:56:39.343] 34,3,0
[11:56:39.347] 35,13,0
[11:56:39.350] 36,22,0
[11:56:39.352] 37,10,0
[11:56:39.355] 38,2,11
[11:56:39.357] 39,8,33
[11:56:39.360] 40,11,50
[11:56:39.363] 41,7,71
[11:56:39.366] 42,0,61
[11:56:39.369] 43,7,19
[11:56:39.371] 44,0,8
[11:56:39.374] 45,0,4
[11:56:39.378] 46,0,0
[11:56:39.380] 47,0,0
[11:56:39.382] 48,0,0
[11:56:39.386] 49,0,0
[11:56:39.389] 50,19,0
[11:56:39.392] 51,39,0
[11:56:39.393] 52,61,6
[11:56:39.396] 53,53,43
[11:56:39.399] 54,32,46
[11:56:39.402] 55,17,57
[11:56:39.411] 56,2,52
[11:56:39.412] 57,0,62
[11:56:39.413] 58,0,47
[11:56:39.416] 59,0,38
[11:56:39.419] 60,0,24
[11:56:39.421] 61,1,8
[11:56:39.426] 62,3,4
[11:56:39.427] 63,6,0
[11:56:39.429] 64,6,0
[11:56:39.437] 65,0,0
[11:56:39.437] 66,0,0
[11:56:39.438] 67,0,0
[11:56:39.439] 68,13,10
[11:56:39.442] 69,17,26
[11:56:39.446] 70,11,31
[11:56:39.449] 71,7,21
[11:56:39.451] 72,2,12
[11:56:39.454] 73,0,11
[11:56:39.457] 74,0,2
[11:56:39.460] 75,0,0
[11:56:39.462] 76,0,0
[11:56:39.466] 77,0,0
[11:56:39.469] 78,8,0
[11:56:39.471] 79,9,0
[11:56:39.474] 80,5,0
[11:56:39.476] 81,0,2
[11:56:39.481] 82,0,4
[11:56:39.485] 83,0,5
[11:56:39.486] 84,0,3
[11:56:39.487] 85,0,0
[11:56:39.491] 86,0,0
[11:56:39.494] 87,0,0
[11:56:39.497] 88,0,0
[11:56:39.500] 89,0,0
[11:56:39.502] 90,3,0
[11:56:39.504] 91,0,0
[11:56:39.513] 92,5,0
[11:56:39.514] 93,8,0
[11:56:39.516] 94,11,0
[11:56:39.518] 95,2,0
[11:56:39.522] 96,5,5
[11:56:39.524] 97,7,7
[11:56:39.536] 98,16,14
[11:56:39.536] 99,19,54
[11:56:39.536] 100,27,82
[11:56:39.541] 101,41,54
[11:56:39.544] 102,34,0
[11:56:39.548] 103,5,0
[11:56:39.549] 104,0,57
[11:56:39.552] 105,0,43
[11:56:39.555] 106,0,0
[11:56:39.558] 107,2,0
[11:56:39.560] 108,7,0
[11:56:39.563] 109,10,0
[11:56:39.566] 110,9,0
[11:56:39.569] 111,10,19
[11:56:39.571] 112,22,21
[11:56:39.574] 113,16,18
[11:56:39.577] 114,6,26
[11:56:39.580] 115,6,31
[11:56:39.585] 116,4,41
[11:56:39.586] 117,0,59
[11:56:39.588] 118,5,44
[11:56:39.592] 119,10,8
[11:56:39.594] 120,14,0
[11:56:39.597] 121,18,0
[11:56:39.599] 122,12,0
[11:56:39.602] 123,7,0
[11:56:39.605] 124,2,7
[11:56:39.610] 125,3,14
[11:56:39.626] 126,10,27
[11:56:39.626] 127,10,33
[11:56:39.626] 128,11,52
[11:56:39.631] 129,19,45
[11:56:39.639] 130,19,30
[11:56:39.639] 131,15,22
[11:56:39.639] 132,10,14
[11:56:39.644] 133,1,3
[11:56:39.648] 134,0,6
[11:56:39.652] 135,4,10
[11:56:39.652] 136,8,11
[11:56:39.654] 137,9,10
[11:56:39.658] 138,27,15
[11:56:39.661] 139,38,31
[11:56:39.664] 140,41,42
[11:56:39.668] 141,40,34
[11:56:39.669] 142,27,37
[11:56:39.672] 143,24,38
[11:56:39.676] 144,12,31
[11:56:39.677] 145,7,47
[11:56:39.680] 146,3,47
[11:56:39.683] 147,6,45
[11:56:39.686] 148,6,19
[11:56:39.688] 149,3,7
[11:56:39.691] 150,0,8
[11:56:39.694] 151,0,11
[11:56:39.697] 152,0,16
[11:56:39.700] 153,0,7
[11:56:39.703] 154,4,11
[11:56:39.705] 155,8,10
[11:56:39.708] 156,13,23
[11:56:39.718] 157,10,23
[11:56:39.719] 158,3,18
[11:56:39.719] 159,0,27
[11:56:39.720] 160,0,18
[11:56:39.724] 161,0,10
[11:56:39.727] 162,0,18
[11:56:39.729] 163,0,14
[11:56:39.734] 164,0,14
[11:56:39.734] 165,7,17
[11:56:39.737] 166,14,18
[11:56:39.745] 167,31,21
[11:56:39.747] 168,31,23
[11:56:39.747] 169,34,38
[11:56:39.748] 170,34,43
[11:56:39.751] 171,27,39
[11:56:39.754] 172,31,36
[11:56:39.757] 173,26,37
[11:56:39.760] 174,24,29
[11:56:39.764] 175,21,22
[11:56:39.766] 176,13,21
[11:56:39.768] 177,10,16
[11:56:39.771] 178,7,12
[11:56:39.774] 179,10,21
[11:56:39.778] 180,10,33
[11:56:39.779] 181,9,41
[11:56:39.782] 182,7,53
[11:56:39.784] 183,12,58
[11:56:39.788] 184,22,55
[11:56:39.790] 185,6,58
[11:56:39.792] 186,4,54
[11:56:39.796] 187,0,60
[11:56:39.799] 188,0,52
[11:56:39.804] 189,4,41
[11:56:39.804] 190,8,29
[11:56:39.806] 191,6,10
[11:56:39.809] 192,9,10
[11:56:39.812] 193,16,7
[11:56:39.855] 194,22,6
[11:56:39.856] 195,12,0
[11:56:39.857] 196,11,2
[11:56:39.860] 197,3,10
[11:56:39.862] 198,0,15
[11:56:39.867] 199,0,29
[11:56:40.902] [RIM] t=2173266 i=0 note=36 vel=127 raw=127 ch=10 rescues=0 thresh=-1.000 peak=-1.000 mask=-1 decay=-1 decaylen=-1 xfilt=-1.000 xfiltdecay=-1.000
[11:56:40.912] [SysEx TX] F0 00 7D 00 05 03 00 01 7F 7F F7
[11:56:40.915] [SCOPE] input=0 pad_type=0 head_ch=1 rim_ch=0 head_peak=4095 rim_peak=4095 decision=RIM samples=200
[11:56:40.918] T,H,R
[11:56:40.921] 0,2,3
[11:56:40.924] 1,5,2
[11:56:40.926] 2,3,0
[11:56:40.929] 3,2,6
[11:56:40.932] 4,6,5
[11:56:40.935] 5,2,6
[11:56:40.938] 6,6,3
[11:56:40.950] 7,6,3
[11:56:40.950] 8,5,2
[11:56:40.950] 9,2,6
[11:56:40.952] 10,6,2
[11:56:40.955] 11,5,0
[11:56:40.962] 12,6,3
[11:56:40.962] 13,6,3
[11:56:40.965] 14,6,3
[11:56:40.970] 15,2,5
[11:56:40.971] 16,2,5
[11:56:40.972] 17,2,4
[11:56:40.974] 18,0,5
[11:56:40.977] 19,6,2
[11:56:40.980] 20,2,6
[11:56:40.983] 21,0,5
[11:56:40.986] 22,5,2
[11:56:40.989] 23,4,2
[11:56:40.992] 24,5,2
[11:56:40.995] 25,5,2
[11:56:40.998] 26,3,0
[11:56:41.001] 27,3,0
[11:56:41.003] 28,5,2
[11:56:41.006] 29,8,3
[11:56:41.008] 30,6,3
[11:56:41.011] 31,5,0
[11:56:41.016] 32,3,8
[11:56:41.017] 33,0,6
[11:56:41.020] 34,8,4
[11:56:41.023] 35,0,5
[11:56:41.025] 36,2,6
[11:56:41.028] 37,2,10
[11:56:41.032] 38,1,5
[11:56:41.034] 39,6,3
[11:56:41.036] 40,4,3
[11:56:41.039] 41,4,2
[11:56:41.050] 42,3,10
[11:56:41.051] 43,2,6
[11:56:41.052] 44,1,0
[11:56:41.054] 45,5,2
[11:56:41.057] 46,2,6
[11:56:41.059] 47,2,7
[11:56:41.066] 48,0,6
[11:56:41.067] 49,8,5
[11:56:41.067] 50,8,4
[11:56:41.076] 51,0,6
[11:56:41.076] 52,3,6
[11:56:41.077] 53,6,3
[11:56:41.078] 54,2,5
[11:56:41.082] 55,3,3
[11:56:41.084] 56,2,3
[11:56:41.086] 57,2,3
[11:56:41.089] 58,6,5
[11:56:41.092] 59,0,6
[11:56:41.095] 60,2,6
[11:56:41.097] 61,4,6
[11:56:41.100] 62,0,6
[11:56:41.105] 63,2,3
[11:56:41.106] 64,1,3
[11:56:41.108] 65,3,3
[11:56:41.111] 66,2,4
[11:56:41.114] 67,1,0
[11:56:41.119] 68,1,2
[11:56:41.120] 69,2,10
[11:56:41.122] 70,4,3
[11:56:41.125] 71,4,3
[11:56:41.128] 72,4,2
[11:56:41.132] 73,1,2
[11:56:41.134] 74,4,2
[11:56:41.137] 75,4,3
[11:56:41.140] 76,2,4
[11:56:41.143] 77,0,5
[11:56:41.154] 78,1,2
[11:56:41.155] 79,0,4
[11:56:41.156] 80,0,6
[11:56:41.157] 81,0,8
[11:56:41.161] 82,0,6
[11:56:41.163] 83,2,6
[11:56:41.167] 84,0,6
[11:56:41.169] 85,0,4
[11:56:41.180] 86,4,3
[11:56:41.180] 87,2,1
[11:56:41.180] 88,2,4
[11:56:41.184] 89,0,4
[11:56:41.187] 90,0,6
[11:56:41.190] 91,0,3
[11:56:41.192] 92,2,3
[11:56:41.195] 93,0,5
[11:56:41.198] 94,2,4
[11:56:41.201] 95,0,4
[11:56:41.209] 96,1,8
[11:56:41.209] 97,2,3
[11:56:41.209] 98,0,2
[11:56:41.212] 99,2,1
[11:56:41.215] 100,43,375
[11:56:41.218] 101,534,4095
[11:56:41.221] 102,2439,3406
[11:56:41.223] 103,3417,0
[11:56:41.226] 104,1954,0
[11:56:41.229] 105,141,4095
[11:56:41.232] 106,0,4095
[11:56:41.235] 107,810,0
[11:56:41.237] 108,676,0
[11:56:41.240] 109,0,4095
[11:56:41.244] 110,0,4095
[11:56:41.247] 111,0,1999
[11:56:41.254] 112,2077,0
[11:56:41.255] 113,4095,2278
[11:56:41.257] 114,3945,1724
[11:56:41.260] 115,2985,3276
[11:56:41.262] 116,2687,4095
[11:56:41.267] 117,2310,569
[11:56:41.268] 118,325,1178
[11:56:41.279] 119,537,2422
[11:56:41.280] 120,0,1705
[11:56:41.280] 121,0,4095
[11:56:41.281] 122,1039,4095
[11:56:41.284] 123,1932,2053
[11:56:41.288] 124,2456,0
[11:56:41.290] 125,1979,4095
[11:56:41.292] 126,2345,4095
[11:56:41.296] 127,3620,0
[11:56:41.301] 128,3231,182
[11:56:41.301] 129,2361,2958
[11:56:41.304] 130,2186,2669
[11:56:41.318] 131,1760,2479
[11:56:41.318] 132,1529,950
[11:56:41.318] 133,1368,0
[11:56:41.326] 134,904,231
[11:56:41.326] 135,711,76
[11:56:41.327] 136,975,0
[11:56:41.329] 137,1083,66
[11:56:41.333] 138,1426,1641
[11:56:41.336] 139,1998,1714
[11:56:41.340] 140,2228,1455
[11:56:41.340] 141,1709,2104
[11:56:41.343] 142,2005,3818
[11:56:41.346] 143,1341,4095
[11:56:41.358] 144,1571,3208
[11:56:41.360] 145,1406,4095
[11:56:41.361] 146,1359,3766
[11:56:41.362] 147,1318,2273
[11:56:41.367] 148,1043,1894
[11:56:41.371] 149,875,1853
[11:56:41.379] 150,847,1464
[11:56:41.379] 151,1078,1721
[11:56:41.380] 152,1427,1944
[11:56:41.383] 153,1728,1422
[11:56:41.387] 154,1852,1943
[11:56:41.390] 155,1886,2350
[11:56:41.392] 156,2144,2093
[11:56:41.395] 157,2393,2057
[11:56:41.398] 158,2492,2069
[11:56:41.401] 159,2175,2449
[11:56:41.403] 160,1836,2648
[11:56:41.406] 161,1392,2653
[11:56:41.410] 162,996,2982
[11:56:41.412] 163,728,2361
[11:56:41.415] 164,397,2208
[11:56:41.417] 165,239,3043
[11:56:41.420] 166,342,3262
[11:56:41.422] 167,548,3070
[11:56:41.427] 168,707,2621
[11:56:41.429] 169,767,2314
[11:56:41.436] 170,759,2217
[11:56:41.436] 171,761,2137
[11:56:41.437] 172,637,1799
[11:56:41.440] 173,429,1510
[11:56:41.444] 174,311,1888
[11:56:41.446] 175,373,1644
[11:56:41.449] 176,481,1477
[11:56:41.461] 177,581,1638
[11:56:41.461] 178,701,2118
[11:56:41.462] 179,874,2073
[11:56:41.462] 180,1072,1878
[11:56:41.465] 181,1183,2045
[11:56:41.467] 182,1165,2077
[11:56:41.470] 183,1172,2022
[11:56:41.475] 184,1078,1886
[11:56:41.475] 185,990,1801
[11:56:41.478] 186,864,1704
[11:56:41.485] 187,761,1495
[11:56:41.486] 188,674,1398
[11:56:41.487] 189,585,1267
[11:56:41.490] 190,442,1089
[11:56:41.492] 191,379,956
[11:56:41.494] 192,414,862
[11:56:41.497] 193,461,838
[11:56:41.501] 194,406,866
[11:56:41.503] 195,254,888
[11:56:41.505] 196,160,957
[11:56:41.508] 197,268,1098
[11:56:41.511] 198,335,1196
[11:56:41.514] 199,457,1355
[11:56:41.520] [RIM] t=2173883 i=0 note=36 vel=127 raw=127 ch=10 rescues=0 thresh=-1.000 peak=-1.000 mask=-1 decay=-1 decaylen=-1 xfilt=-1.000 xfiltdecay=-1.000
[11:56:41.530] [SysEx TX] F0 00 7D 00 05 03 00 01 7F 7F F7
[11:56:41.541] [SCOPE] input=0 pad_type=0 head_ch=1 rim_ch=0 head_peak=4095 rim_peak=4095 decision=RIM samples=200
[11:56:41.541] T,H,R
[11:56:41.542] 0,1,8
[11:56:41.542] 1,2,3
[11:56:41.547] 2,0,2
[11:56:41.550] 3,2,1
[11:56:41.552] 4,43,375
[11:56:41.562] 5,534,4095
[11:56:41.562] 6,2439,3406
[11:56:41.562] 7,3417,0
[11:56:41.573] 8,1954,0
[11:56:41.574] 9,141,4095
[11:56:41.574] 10,0,4095
[11:56:41.574] 11,810,0
[11:56:41.580] 12,676,0
[11:56:41.588] 13,0,4095
[11:56:41.589] 14,0,4095
[11:56:41.589] 15,0,1999
[11:56:41.590] 16,2077,0
[11:56:41.597] 17,4095,2278
[11:56:41.597] 18,3945,1724
[11:56:41.599] 19,2985,3276
[11:56:41.602] 20,2687,4095
[11:56:41.605] 21,2310,569
[11:56:41.608] 22,325,1178
[11:56:41.610] 23,537,2422
[11:56:41.614] 24,0,1705
[11:56:41.617] 25,0,4095
[11:56:41.620] 26,1039,4095
[11:56:41.622] 27,1932,2053
[11:56:41.625] 28,2456,0
[11:56:41.628] 29,1979,4095
[11:56:41.632] 30,2345,4095
[11:56:41.634] 31,3620,0
[11:56:41.636] 32,3231,182
[11:56:41.639] 33,2361,2958
[11:56:41.642] 34,2186,2669
[11:56:41.645] 35,1760,2479
[11:56:41.647] 36,1529,950
[11:56:41.651] 37,1368,0
[11:56:41.654] 38,904,231
[11:56:41.666] 39,711,76
[11:56:41.666] 40,975,0
[11:56:41.667] 41,1083,66
[11:56:41.668] 42,1426,1641
[11:56:41.673] 43,1998,1714
[11:56:41.686] 44,2228,1455
[11:56:41.687] 45,1709,2104
[11:56:41.687] 46,2005,3818
[11:56:41.688] 47,1341,4095
[11:56:41.695] 48,1571,3208
[11:56:41.701] 49,1406,4095
[11:56:41.701] 50,1359,3766
[11:56:41.702] 51,1318,2273
[11:56:41.702] 52,1043,1894
[11:56:41.706] 53,875,1853
[11:56:41.709] 54,847,1464
[11:56:41.711] 55,1078,1721
[11:56:41.715] 56,1427,1944
[11:56:41.717] 57,1728,1422
[11:56:41.720] 58,1852,1943
[11:56:41.723] 59,1886,2350
[11:56:41.726] 60,2144,2093
[11:56:41.729] 61,2393,2057
[11:56:41.732] 62,2492,2069
[11:56:41.735] 63,2175,2449
[11:56:41.740] 64,1836,2648
[11:56:41.741] 65,1392,2653
[11:56:41.743] 66,996,2982
[11:56:41.746] 67,728,2361
[11:56:41.749] 68,397,2208
[11:56:41.752] 69,239,3043
[11:56:41.755] 70,342,3262
[11:56:41.767] 71,548,3070
[11:56:41.769] 72,707,2621
[11:56:41.769] 73,767,2314
[11:56:41.770] 74,759,2217
[11:56:41.783] 75,761,2137
[11:56:41.784] 76,637,1799
[11:56:41.784] 77,429,1510
[11:56:41.784] 78,311,1888
[11:56:41.793] 79,373,1644
[11:56:41.793] 80,481,1477
[11:56:41.794] 81,581,1638
[11:56:41.797] 82,701,2118
[11:56:41.800] 83,874,2073
[11:56:41.803] 84,1072,1878
[11:56:41.806] 85,1183,2045
[11:56:41.809] 86,1165,2077
[11:56:41.815] 87,1172,2022
[11:56:41.821] 88,1078,1886
[11:56:41.822] 89,990,1801
[11:56:41.844] 90,864,1704
[11:56:41.848] 91,761,1495
[11:56:41.853] 92,674,1398
[11:56:41.853] 93,585,1267
[11:56:41.856] 94,442,1089
[11:56:41.858] 95,379,956
[11:56:41.866] 96,414,862
[11:56:41.867] 97,461,838
[11:56:41.867] 98,406,866
[11:56:41.868] 99,254,888
[11:56:41.872] 100,160,957
[11:56:41.876] 101,268,1098
[11:56:41.878] 102,335,1196
[11:56:41.884] 103,457,1355
[11:56:41.885] 104,608,1519
[11:56:41.887] 105,804,1568
[11:56:41.893] 106,888,1578
[11:56:41.893] 107,818,1497
[11:56:41.894] 108,758,1480
[11:56:41.897] 109,688,1468
[11:56:41.900] 110,581,1368
[11:56:41.902] 111,466,1277
[11:56:41.906] 112,406,1258
[11:56:41.909] 113,346,1209
[11:56:41.911] 114,290,1224
[11:56:41.914] 115,262,1381
[11:56:41.917] 116,242,1449
[11:56:41.921] 117,246,1502
[11:56:41.923] 118,201,1641
[11:56:41.926] 119,122,1721
[11:56:41.928] 120,124,1785
[11:56:41.931] 121,199,1869
[11:56:41.934] 122,269,1938
[11:56:41.937] 123,278,1949
[11:56:41.939] 124,233,1949
[11:56:41.942] 125,244,1894
[11:56:41.946] 126,288,1888
[11:56:41.949] 127,379,1881
[11:56:41.951] 128,475,1863
[11:56:41.953] 129,634,1804
[11:56:41.956] 130,864,1832
[11:56:41.960] 131,1104,1863
[11:56:41.962] 132,1359,1783
[11:56:41.997] 133,1427,1747
[11:56:41.998] 134,1399,1781
[11:56:41.998] 135,1333,1762
[11:56:42.001] 136,1245,1711
[11:56:42.002] 137,1066,1737
[11:56:42.006] 138,783,1769
[11:56:42.011] 139,419,1775
[11:56:42.012] 140,282,1721
[11:56:42.015] 141,230,1696
[11:56:42.017] 142,228,1692
[11:56:42.020] 143,193,1657
[11:56:42.023] 144,224,1616
[11:56:42.025] 145,275,1559
[11:56:42.029] 146,254,1565
[11:56:42.031] 147,164,1632
[11:56:42.033] 148,61,1563
[11:56:42.037] 149,0,1498
[11:56:42.041] 150,0,1501
[11:56:42.043] 151,0,1477
[11:56:42.046] 152,0,1417
[11:56:42.049] 153,0,1385
[11:56:42.052] 154,0,1362
[11:56:42.054] 155,0,1353
[11:56:42.057] 156,8,1280
[11:56:42.060] 157,207,1261
[11:56:42.063] 158,386,1264
[11:56:42.073] 159,594,1238
[11:56:42.073] 160,746,1240
[11:56:42.074] 161,808,1257
[11:56:42.075] 162,793,1248
[11:56:42.081] 163,722,1212
[11:56:42.082] 164,633,1182
[11:56:42.084] 165,542,1116
[11:56:42.090] 166,474,1046
[11:56:42.090] 167,423,998
[11:56:42.092] 168,378,932
[11:56:42.099] 169,378,885
[11:56:42.099] 170,378,853
[11:56:42.100] 171,378,802
[11:56:42.102] 172,361,754
[11:56:42.109] 173,380,745
[11:56:42.110] 174,382,762
[11:56:42.112] 175,352,762
[11:56:42.115] 176,350,743
[11:56:42.119] 177,384,740
[11:56:42.121] 178,408,768
[11:56:42.124] 179,395,766
[11:56:42.127] 180,409,751
[11:56:42.130] 181,480,748
[11:56:42.133] 182,536,745
[11:56:42.135] 183,624,730
[11:56:42.138] 184,695,722
[11:56:42.140] 185,733,717
[11:56:42.144] 186,758,724
[11:56:42.146] 187,703,734
[11:56:42.150] 188,512,757
[11:56:42.152] 189,329,771
[11:56:42.155] 190,111,796
[11:56:42.158] 191,0,827
[11:56:42.160] 192,0,825
[11:56:42.162] 193,0,824
[11:56:42.166] 194,0,868
[11:56:42.176] 195,0,867
[11:56:42.176] 196,18,813
[11:56:42.178] 197,169,807
[11:56:42.180] 198,303,853
[11:56:42.184] 199,490,871
[11:56:42.191] [RIM] t=2174553 i=0 note=36 vel=127 raw=127 ch=10 rescues=0 thresh=-1.000 peak=-1.000 mask=-1 decay=-1 decaylen=-1 xfilt=-1.000 xfiltdecay=-1.000
[11:56:42.203] [SysEx TX] F0 00 7D 00 05 03 00 01 7F 7F F7
[11:56:42.204] [SCOPE] input=0 pad_type=0 head_ch=1 rim_ch=0 head_peak=568 rim_peak=1203 decision=RIM samples=200
[11:56:42.204] T,H,R
[11:56:42.207] 0,125,1081
[11:56:42.210] 1,131,1103
[11:56:42.214] 2,150,1126
[11:56:42.216] 3,111,1165
[11:56:42.219] 4,64,1198
[11:56:42.222] 5,20,1184
[11:56:42.225] 6,0,1203
[11:56:42.227] 7,0,1178
[11:56:42.230] 8,0,1161
[11:56:42.233] 9,0,1146
[11:56:42.235] 10,0,1130
[11:56:42.238] 11,0,1121
[11:56:42.241] 12,41,1101
[11:56:42.244] 13,102,1108
[11:56:42.247] 14,149,1113
[11:56:42.250] 15,202,1126
[11:56:42.252] 16,249,1124
[11:56:42.255] 17,300,1126
[11:56:42.258] 18,338,1129
[11:56:42.261] 19,397,1120
[11:56:42.263] 20,474,1126
[11:56:42.266] 21,541,1115
[11:56:42.269] 22,568,1108
[11:56:42.279] 23,559,1106
[11:56:42.281] 24,500,1082
[11:56:42.281] 25,410,1063
[11:56:42.287] 26,325,1049
[11:56:42.287] 27,237,1031
[11:56:42.289] 28,137,1010
[11:56:42.293] 29,97,1001
[11:56:42.293] 30,111,973
[11:56:42.296] 31,168,976
[11:56:42.302] 32,208,942
[11:56:42.302] 33,232,908
[11:56:42.304] 34,207,883
[11:56:42.307] 35,162,863
[11:56:42.310] 36,79,848
[11:56:42.313] 37,0,823
[11:56:42.315] 38,0,798
[11:56:42.318] 39,0,798
[11:56:42.321] 40,0,802
[11:56:42.324] 41,0,809
[11:56:42.326] 42,0,814
[11:56:42.330] 43,0,806
[11:56:42.332] 44,0,812
[11:56:42.336] 45,0,821
[11:56:42.339] 46,0,806
[11:56:42.341] 47,0,766
[11:56:42.344] 48,0,721
[11:56:42.346] 49,38,716
[11:56:42.349] 50,86,702
[11:56:42.352] 51,104,689
[11:56:42.355] 52,98,694
[11:56:42.357] 53,93,708
[11:56:42.360] 54,101,720
[11:56:42.369] 55,105,718
[11:56:42.369] 56,138,725
[11:56:42.369] 57,169,761
[11:56:42.371] 58,201,775
[11:56:42.382] 59,212,782
[11:56:42.382] 60,219,808
[11:56:42.383] 61,203,810
[11:56:42.383] 62,204,805
[11:56:42.387] 63,217,810
[11:56:42.389] 64,224,811
[11:56:42.392] 65,262,792
[11:56:42.397] 66,329,790
[11:56:42.397] 67,359,786
[11:56:42.404] 68,389,805
[11:56:42.404] 69,375,813
[11:56:42.405] 70,384,817
[11:56:42.407] 71,370,829
[11:56:42.411] 72,310,856
[11:56:42.415] 73,282,886
[11:56:42.417] 74,226,888
[11:56:42.419] 75,193,889
[11:56:42.422] 76,153,894
[11:56:42.425] 77,106,886
[11:56:42.428] 78,48,873
[11:56:42.430] 79,14,847
[11:56:42.434] 80,7,861
[11:56:42.435] 81,0,869
[11:56:42.438] 82,0,870
[11:56:42.441] 83,0,861
[11:56:42.445] 84,0,876
[11:56:42.446] 85,0,891
[11:56:42.450] 86,0,888
[11:56:42.452] 87,0,879
[11:56:42.456] 88,0,880
[11:56:42.458] 89,0,875
[11:56:42.461] 90,0,859
[11:56:42.463] 91,0,829
[11:56:42.466] 92,30,804
[11:56:42.469] 93,100,782
[11:56:42.472] 94,162,762
[11:56:42.483] 95,237,734
[11:56:42.483] 96,297,732
[11:56:42.483] 97,342,729
[11:56:42.485] 98,346,730
[11:56:42.489] 99,336,740
[11:56:42.492] 100,316,742
[11:56:42.499] 101,285,745
[11:56:42.499] 102,235,736
[11:56:42.500] 103,201,719
[11:56:42.502] 104,161,704
[11:56:42.509] 105,124,690
[11:56:42.509] 106,103,654
[11:56:42.510] 107,78,619
[11:56:42.513] 108,73,585
[11:56:42.515] 109,72,569
[11:56:42.519] 110,82,539
[11:56:42.521] 111,89,534
[11:56:42.524] 112,56,533
[11:56:42.528] 113,24,505
[11:56:42.530] 114,0,523
[11:56:42.532] 115,0,523
[11:56:42.536] 116,0,529
[11:56:42.539] 117,0,530
[11:56:42.541] 118,0,540
[11:56:42.543] 119,0,533
[11:56:42.547] 120,0,532
[11:56:42.551] 121,0,506
[11:56:42.552] 122,0,493
[11:56:42.554] 123,0,478
[11:56:42.557] 124,0,462
[11:56:42.561] 125,0,454
[11:56:42.563] 126,0,452
[11:56:42.566] 127,0,449
[11:56:42.569] 128,0,442
[11:56:42.572] 129,0,467
[11:56:42.576] 130,0,476
[11:56:42.585] 131,0,490
[11:56:42.585] 132,0,505
[11:56:42.585] 133,1,532
[11:56:42.587] 134,0,538
[11:56:42.590] 135,30,527
[11:56:42.593] 136,82,526
[11:56:42.596] 137,144,518
[11:56:42.601] 138,185,508
[11:56:42.602] 139,202,502
[11:56:42.611] 140,211,505
[11:56:42.611] 141,218,499
[11:56:42.612] 142,217,499
[11:56:42.612] 143,207,488
[11:56:42.615] 144,203,505
[11:56:42.621] 145,188,525
[11:56:42.622] 146,178,526
[11:56:42.623] 147,180,532
[11:56:42.625] 148,182,540
[11:56:42.628] 149,182,528
[11:56:42.631] 150,164,523
[11:56:42.634] 151,159,502
[11:56:42.637] 152,153,497
[11:56:42.640] 153,127,488
[11:56:42.642] 154,91,477
[11:56:42.645] 155,58,462
[11:56:42.648] 156,3,457
[11:56:42.651] 157,0,462
[11:56:42.654] 158,0,462
[11:56:42.656] 159,0,459
[11:56:42.659] 160,0,471
[11:56:42.662] 161,0,477
[11:56:42.665] 162,0,461
[11:56:42.668] 163,0,458
[11:56:42.670] 164,0,447
[11:56:42.673] 165,0,428
[11:56:42.676] 166,0,404
[11:56:42.687] 167,0,389
[11:56:42.688] 168,7,359
[11:56:42.688] 169,59,337
[11:56:42.690] 170,112,313
[11:56:42.694] 171,150,310
[11:56:42.711] 172,172,309
[11:56:42.711] 173,172,303
[11:56:42.712] 174,158,326
[11:56:42.715] 175,137,331
[11:56:42.718] 176,105,333
[11:56:42.721] 177,73,333
[11:56:42.724] 178,45,332
[11:56:42.726] 179,27,333
[11:56:42.729] 180,26,312
[11:56:42.733] 181,52,300
[11:56:42.735] 182,83,282
[11:56:42.738] 183,103,261
[11:56:42.742] 184,135,237
[11:56:42.742] 185,153,235
[11:56:42.746] 186,173,229
[11:56:42.749] 187,185,226
[11:56:42.752] 188,196,221
[11:56:42.754] 189,196,235
[11:56:42.761] 190,176,254
[11:56:42.762] 191,141,253
[11:56:42.762] 192,105,264
[11:56:42.768] 193,52,264
[11:56:42.768] 194,9,274
[11:56:42.771] 195,0,270
[11:56:42.773] 196,0,249
[11:56:42.777] 197,0,245
[11:56:42.779] 198,0,224
[11:56:42.798] 199,0,207
[11:56:44.205] [RIM] t=2176568 i=0 note=36 vel=77 raw=77 ch=10 rescues=0 thresh=-1.000 peak=-1.000 mask=-1 decay=-1 decaylen=-1 xfilt=-1.000 xfiltdecay=-1.000
[11:56:44.215] [SysEx TX] F0 00 7D 00 05 03 00 01 4D 4D F7
[11:56:44.234] [SCOPE] input=0 pad_type=0 head_ch=1 rim_ch=0 head_peak=1835 rim_peak=4095 decision=RIM samples=200
[11:56:44.234] T,H,R
[11:56:44.235] 0,3,0
[11:56:44.239] 1,3,6
[11:56:44.241] 2,2,2
[11:56:44.248] 3,5,2
[11:56:44.248] 4,0,5
[11:56:44.249] 5,2,4
[11:56:44.250] 6,6,3
[11:56:44.254] 7,3,0
[11:56:44.256] 8,4,3
[11:56:44.259] 9,6,5
[11:56:44.262] 10,0,7
[11:56:44.265] 11,0,2
[11:56:44.267] 12,8,5
[11:56:44.271] 13,4,2
[11:56:44.273] 14,0,5
[11:56:44.276] 15,1,0
[11:56:44.279] 16,0,4
[11:56:44.281] 17,4,2
[11:56:44.284] 18,2,10
[11:56:44.288] 19,2,3
[11:56:44.290] 20,1,0
[11:56:44.294] 21,0,2
[11:56:44.296] 22,6,5
[11:56:44.299] 23,1,0
[11:56:44.302] 24,1,2
[11:56:44.304] 25,0,6
[11:56:44.306] 26,2,3
[11:56:44.309] 27,0,6
[11:56:44.312] 28,1,10
[11:56:44.315] 29,0,5
[11:56:44.317] 30,2,5
[11:56:44.326] 31,4,2
[11:56:44.327] 32,1,0
[11:56:44.328] 33,0,6
[11:56:44.332] 34,2,4
[11:56:44.334] 35,2,3
[11:56:44.337] 36,1,0
[11:56:44.342] 37,0,3
[11:56:44.343] 38,2,3
[11:56:44.354] 39,1,0
[11:56:44.354] 40,2,8
[11:56:44.354] 41,1,6
[11:56:44.354] 42,0,6
[11:56:44.360] 43,4,3
[11:56:44.362] 44,1,2
[11:56:44.363] 45,1,3
[11:56:44.368] 46,2,5
[11:56:44.371] 47,4,3
[11:56:44.391] 48,2,6
[11:56:44.391] 49,0,3
[11:56:44.392] 50,0,0
[11:56:44.396] 51,0,6
[11:56:44.398] 52,2,3
[11:56:44.401] 53,1,4
[11:56:44.402] 54,1,2
[11:56:44.406] 55,0,5
[11:56:44.412] 56,4,3
[11:56:44.412] 57,1,0
[11:56:44.415] 58,0,5
[11:56:44.418] 59,1,2
[11:56:44.428] 60,2,1
[11:56:44.429] 61,1,2
[11:56:44.429] 62,0,0
[11:56:44.430] 63,2,0
[11:56:44.433] 64,1,3
[11:56:44.437] 65,0,0
[11:56:44.440] 66,1,0
[11:56:44.445] 67,0,0
[11:56:44.445] 68,2,0
[11:56:44.451] 69,0,0
[11:56:44.452] 70,0,0
[11:56:44.453] 71,0,0
[11:56:44.455] 72,4,2
[11:56:44.459] 73,1,2
[11:56:44.461] 74,1,0
[11:56:44.464] 75,0,8
[11:56:44.467] 76,2,5
[11:56:44.470] 77,2,2
[11:56:44.473] 78,0,1
[11:56:44.475] 79,0,3
[11:56:44.478] 80,1,0
[11:56:44.481] 81,1,0
[11:56:44.483] 82,1,0
[11:56:44.487] 83,0,6
[11:56:44.489] 84,2,4
[11:56:44.492] 85,2,2
[11:56:44.495] 86,4,1
[11:56:44.498] 87,1,3
[11:56:44.500] 88,2,1
[11:56:44.503] 89,0,3
[11:56:44.506] 90,1,0
[11:56:44.509] 91,0,4
[11:56:44.512] 92,1,6
[11:56:44.514] 93,0,3
[11:56:44.517] 94,0,3
[11:56:44.520] 95,0,3
[11:56:44.531] 96,1,2
[11:56:44.531] 97,2,5
[11:56:44.532] 98,4,2
[11:56:44.533] 99,0,2
[11:56:44.536] 100,40,868
[11:56:44.539] 101,365,4095
[11:56:44.541] 102,1670,650
[11:56:44.546] 103,1835,0
[11:56:44.546] 104,760,2628
[11:56:44.554] 105,809,2142
[11:56:44.555] 106,382,1545
[11:56:44.555] 107,620,1879
[11:56:44.557] 108,630,1
[11:56:44.561] 109,509,0
[11:56:44.563] 110,0,0
[11:56:44.565] 111,0,1357
[11:56:44.568] 112,0,979
[11:56:44.571] 113,169,205
[11:56:44.574] 114,0,0
[11:56:44.577] 115,0,0
[11:56:44.579] 116,0,0
[11:56:44.582] 117,0,0
[11:56:44.585] 118,0,133
[11:56:44.587] 119,0,0
[11:56:44.590] 120,0,0
[11:56:44.593] 121,0,36
[11:56:44.596] 122,0,452
[11:56:44.598] 123,0,161
[11:56:44.602] 124,0,114
[11:56:44.604] 125,11,74
[11:56:44.608] 126,77,84
[11:56:44.611] 127,180,985
[11:56:44.613] 128,496,1511
[11:56:44.616] 129,783,1525
[11:56:44.618] 130,1097,1606
[11:56:44.621] 131,1298,1262
[11:56:44.625] 132,1129,1376
[11:56:44.633] 133,922,1344
[11:56:44.633] 134,751,981
[11:56:44.635] 135,600,758
[11:56:44.638] 136,496,815
[11:56:44.641] 137,528,1070
[11:56:44.643] 138,590,978
[11:56:44.649] 139,581,958
[11:56:44.650] 140,630,1263
[11:56:44.656] 141,719,1438
[11:56:44.656] 142,811,1398
[11:56:44.656] 143,843,1502
[11:56:44.658] 144,855,1574
[11:56:44.662] 145,790,1680
[11:56:44.670] 146,687,1669
[11:56:44.670] 147,628,1651
[11:56:44.671] 148,554,1769
[11:56:44.673] 149,517,1894
[11:56:44.676] 150,545,1830
[11:56:44.680] 151,566,1705
[11:56:44.682] 152,571,1590
[11:56:44.685] 153,598,1548
[11:56:44.689] 154,695,1512
[11:56:44.692] 155,829,1424
[11:56:44.692] 156,950,1370
[11:56:44.696] 157,1064,1353
[11:56:44.699] 158,1147,1498
[11:56:44.702] 159,1254,1838
[11:56:44.704] 160,1409,1967
[11:56:44.707] 161,1501,2013
[11:56:44.710] 162,1449,2136
[11:56:44.712] 163,1292,2182
[11:56:44.716] 164,1118,2204
[11:56:44.719] 165,938,2171
[11:56:44.722] 166,673,2228
[11:56:44.725] 167,461,2274
[11:56:44.728] 168,234,2194
[11:56:44.739] 169,64,2080
[11:56:44.739] 170,0,2045
[11:56:44.741] 171,0,2065
[11:56:44.745] 172,0,2013
[11:56:44.751] 173,77,2017
[11:56:44.752] 174,172,2032
[11:56:44.752] 175,240,2002
[11:56:44.755] 176,266,1931
[11:56:44.764] 177,292,1900
[11:56:44.764] 178,340,1916
[11:56:44.765] 179,446,1885
[11:56:44.766] 180,537,1821
[11:56:44.769] 181,543,1762
[11:56:44.772] 182,519,1686
[11:56:44.774] 183,523,1646
[11:56:44.777] 184,518,1596
[11:56:44.781] 185,492,1543
[11:56:44.783] 186,505,1449
[11:56:44.785] 187,561,1326
[11:56:44.788] 188,598,1223
[11:56:44.791] 189,594,1091
[11:56:44.794] 190,489,886
[11:56:44.797] 191,394,755
[11:56:44.800] 192,298,676
[11:56:44.802] 193,186,607
[11:56:44.805] 194,85,570
[11:56:44.807] 195,3,548
[11:56:44.810] 196,0,566
[11:56:44.813] 197,0,606
[11:56:44.816] 198,0,673
[11:56:44.818] 199,20,734
[11:56:44.825] [HIT] t=2177188 i=0 note=36 vel=127 raw=127 ch=10 rescues=0 thresh=-1.000 peak=-1.000 mask=-1 decay=-1 decaylen=-1 xfilt=-1.000 xfiltdecay=-1.000
[11:56:44.840] [SysEx TX] F0 00 7D 00 05 03 00 00 7F 7F F7
[11:56:44.841] [SCOPE] input=0 pad_type=0 head_ch=1 rim_ch=0 head_peak=1835 rim_peak=4095 decision=HEAD samples=200
[11:56:44.842] T,H,R
[11:56:44.845] 0,2,3
[11:56:44.852] 1,1,4
[11:56:44.854] 2,1,2
[11:56:44.855] 3,0,5
[11:56:44.859] 4,4,3
[11:56:44.862] 5,1,0
[11:56:44.863] 6,0,5
[11:56:44.867] 7,1,2
[11:56:44.869] 8,2,1
[11:56:44.872] 9,1,2
[11:56:44.875] 10,0,0
[11:56:44.878] 11,2,0
[11:56:44.881] 12,1,3
[11:56:44.885] 13,0,0
[11:56:44.886] 14,1,0
[11:56:44.889] 15,0,0
[11:56:44.892] 16,2,0
[11:56:44.895] 17,0,0
[11:56:44.898] 18,0,0
[11:56:44.901] 19,0,0
[11:56:44.903] 20,4,2
[11:56:44.906] 21,1,2
[11:56:44.909] 22,1,0
[11:56:44.912] 23,0,8
[11:56:44.915] 24,2,5
[11:56:44.918] 25,2,2
[11:56:44.920] 26,0,1
[11:56:44.926] 27,0,3
[11:56:44.926] 28,1,0
[11:56:44.928] 29,1,0
[11:56:44.931] 30,1,0
[11:56:44.941] 31,0,6
[11:56:44.941] 32,2,4
[11:56:44.941] 33,2,2
[11:56:44.945] 34,4,1
[11:56:44.948] 35,1,3
[11:56:44.951] 36,2,1
[11:56:44.957] 37,0,3
[11:56:44.958] 38,1,0
[11:56:44.959] 39,0,4
[11:56:44.962] 40,1,6
[11:56:44.966] 41,0,3
[11:56:44.968] 42,0,3
[11:56:44.969] 43,0,3
[11:56:44.972] 44,1,2
[11:56:44.975] 45,2,5
[11:56:44.978] 46,4,2
[11:56:44.981] 47,0,2
[11:56:44.983] 48,40,868
[11:56:44.986] 49,365,4095
[11:56:44.989] 50,1670,650
[11:56:44.992] 51,1835,0
[11:56:44.995] 52,760,2628
[11:56:44.997] 53,809,2142
[11:56:45.005] 54,382,1545
[11:56:45.005] 55,620,1879
[11:56:45.006] 56,630,1
[11:56:45.008] 57,509,0
[11:56:45.011] 58,0,0
[11:56:45.015] 59,0,1357
[11:56:45.018] 60,0,979
[11:56:45.021] 61,169,205
[11:56:45.023] 62,0,0
[11:56:45.026] 63,0,0
[11:56:45.029] 64,0,0
[11:56:45.032] 65,0,0
[11:56:45.035] 66,0,133
[11:56:45.042] 67,0,0
[11:56:45.044] 68,0,0
[11:56:45.044] 69,0,36
[11:56:45.048] 70,0,452
[11:56:45.049] 71,0,161
[11:56:45.052] 72,0,114
[11:56:45.058] 73,11,74
[11:56:45.060] 74,77,84
[11:56:45.061] 75,180,985
[11:56:45.069] 76,496,1511
[11:56:45.069] 77,783,1525
[11:56:45.070] 78,1097,1606
[11:56:45.070] 79,1298,1262
[11:56:45.074] 80,1129,1376
[11:56:45.077] 81,922,1344
[11:56:45.080] 82,751,981
[11:56:45.083] 83,600,758
[11:56:45.085] 84,496,815
[11:56:45.088] 85,528,1070
[11:56:45.091] 86,590,978
[11:56:45.094] 87,581,958
[11:56:45.097] 88,630,1263
[11:56:45.100] 89,719,1438
[11:56:45.102] 90,811,1398
[11:56:45.105] 91,843,1502
[11:56:45.108] 92,855,1574
[11:56:45.115] 93,790,1680
[11:56:45.116] 94,687,1669
[11:56:45.116] 95,628,1651
[11:56:45.118] 96,554,1769
[11:56:45.121] 97,517,1894
[11:56:45.124] 98,545,1830
[11:56:45.127] 99,566,1705
[11:56:45.131] 100,571,1590
[11:56:45.133] 101,598,1548
[11:56:45.135] 102,695,1512
[11:56:45.147] 103,829,1424
[11:56:45.147] 104,950,1370
[11:56:45.147] 105,1064,1353
[11:56:45.149] 106,1147,1498
[11:56:45.153] 107,1254,1838
[11:56:45.156] 108,1409,1967
[11:56:45.161] 109,1501,2013
[11:56:45.162] 110,1449,2136
[11:56:45.168] 111,1292,2182
[11:56:45.168] 112,1118,2204
[11:56:45.169] 113,938,2171
[11:56:45.170] 114,673,2228
[11:56:45.174] 115,461,2274
[11:56:45.181] 116,234,2194
[11:56:45.182] 117,64,2080
[11:56:45.182] 118,0,2045
[11:56:45.185] 119,0,2065
[11:56:45.189] 120,0,2013
[11:56:45.192] 121,77,2017
[11:56:45.194] 122,172,2032
[11:56:45.197] 123,240,2002
[11:56:45.200] 124,266,1931
[11:56:45.203] 125,292,1900
[11:56:45.205] 126,340,1916
[11:56:45.208] 127,446,1885
[11:56:45.211] 128,537,1821
[11:56:45.215] 129,543,1762
[11:56:45.217] 130,519,1686
[11:56:45.220] 131,523,1646
[11:56:45.223] 132,518,1596
[11:56:45.228] 133,492,1543
[11:56:45.228] 134,505,1449
[11:56:45.231] 135,561,1326
[11:56:45.234] 136,598,1223
[11:56:45.237] 137,594,1091
[11:56:45.249] 138,489,886
[11:56:45.249] 139,394,755
[11:56:45.250] 140,298,676
[11:56:45.250] 141,186,607
[11:56:45.255] 142,85,570
[11:56:45.259] 143,3,548
[11:56:45.264] 144,0,566
[11:56:45.264] 145,0,606
[11:56:45.266] 146,0,673
[11:56:45.273] 147,20,734
[11:56:45.274] 148,51,773
[11:56:45.274] 149,98,734
[11:56:45.275] 150,137,760
[11:56:45.279] 151,181,814
[11:56:45.282] 152,224,833
[11:56:45.287] 153,236,808
[11:56:45.288] 154,250,804
[11:56:45.291] 155,252,839
[11:56:45.293] 156,285,892
[11:56:45.297] 157,301,935
[11:56:45.299] 158,309,973
[11:56:45.302] 159,304,1035
[11:56:45.305] 160,276,1098
[11:56:45.308] 161,253,1172
[11:56:45.310] 162,229,1240
[11:56:45.313] 163,213,1292
[11:56:45.318] 164,193,1362
[11:56:45.323] 165,149,1433
[11:56:45.324] 166,72,1492
[11:56:45.324] 167,9,1556
[11:56:45.328] 168,0,1594
[11:56:45.332] 169,0,1593
[11:56:45.334] 170,0,1581
[11:56:45.338] 171,20,1577
[11:56:45.341] 172,76,1549
[11:56:45.352] 173,206,1526
[11:56:45.352] 174,353,1526
[11:56:45.353] 175,506,1522
[11:56:45.353] 176,671,1513
[11:56:45.358] 177,805,1517
[11:56:45.361] 178,930,1536
[11:56:45.363] 179,978,1567
[11:56:45.366] 180,998,1582
[11:56:45.368] 181,969,1599
[11:56:45.378] 182,925,1593
[11:56:45.378] 183,876,1561
[11:56:45.379] 184,809,1528
[11:56:45.379] 185,722,1500
[11:56:45.384] 186,605,1487
[11:56:45.387] 187,493,1492
[11:56:45.390] 188,374,1514
[11:56:45.392] 189,312,1524
[11:56:45.397] 190,268,1525
[11:56:45.398] 191,217,1518
[11:56:45.400] 192,172,1517
[11:56:45.404] 193,121,1505
[11:56:45.406] 194,63,1497
[11:56:45.409] 195,0,1487
[11:56:45.412] 196,0,1459
[11:56:45.415] 197,0,1403
[11:56:45.418] 198,0,1349
[11:56:45.421] 199,0,1320
[11:56:45.436] [RIM] t=2177791 i=0 note=36 vel=127 raw=127 ch=10 rescues=0 thresh=-1.000 peak=-1.000 mask=-1 decay=-1 decaylen=-1 xfilt=-1.000 xfiltdecay=-1.000
[11:56:45.440] [SysEx TX] F0 00 7D 00 05 03 00 01 7F 7F F7
[11:56:45.444] [SCOPE] input=0 pad_type=0 head_ch=1 rim_ch=0 head_peak=360 rim_peak=385 decision=RIM samples=200
[11:56:45.458] T,H,R
[11:56:45.458] 0,100,225
[11:56:45.460] 1,116,233
[11:56:45.463] 2,118,251
[11:56:45.468] 3,102,274
[11:56:45.469] 4,88,287
[11:56:45.475] 5,73,308
[11:56:45.476] 6,52,310
[11:56:45.476] 7,13,313
[11:56:45.478] 8,0,319
[11:56:45.482] 9,0,330
[11:56:45.485] 10,0,340
[11:56:45.488] 11,0,342
[11:56:45.490] 12,0,348
[11:56:45.493] 13,0,356
[11:56:45.496] 14,0,368
[11:56:45.499] 15,0,358
[11:56:45.502] 16,0,349
[11:56:45.505] 17,18,354
[11:56:45.508] 18,77,351
[11:56:45.510] 19,153,341
[11:56:45.512] 20,213,319
[11:56:45.516] 21,274,294
[11:56:45.519] 22,303,281
[11:56:45.523] 23,340,269
[11:56:45.524] 24,346,242
[11:56:45.527] 25,350,246
[11:56:45.530] 26,355,242
[11:56:45.535] 27,350,235
[11:56:45.546] 28,358,234
[11:56:45.546] 29,360,228
[11:56:45.547] 30,341,222
[11:56:45.547] 31,312,216
[11:56:45.558] 32,282,207
[11:56:45.561] 33,259,202
[11:56:45.563] 34,212,179
[11:56:45.566] 35,157,159
[11:56:45.570] 36,117,125
[11:56:45.571] 37,66,121
[11:56:45.578] 38,37,104
[11:56:45.578] 39,11,93
[11:56:45.579] 40,0,82
[11:56:45.581] 41,0,73
[11:56:45.585] 42,0,70
[11:56:45.587] 43,0,82
[11:56:45.592] 44,0,88
[11:56:45.593] 45,0,79
[11:56:45.596] 46,0,86
[11:56:45.600] 47,0,91
[11:56:45.602] 48,0,92
[11:56:45.604] 49,0,86
[11:56:45.607] 50,0,64
[11:56:45.610] 51,0,63
[11:56:45.613] 52,21,44
[11:56:45.615] 53,62,40
[11:56:45.618] 54,96,28
[11:56:45.621] 55,123,23
[11:56:45.624] 56,134,18
[11:56:45.627] 57,126,26
[11:56:45.629] 58,104,11
[11:56:45.632] 59,93,15
[11:56:45.636] 60,64,21
[11:56:45.638] 61,52,21
[11:56:45.641] 62,38,14
[11:56:45.643] 63,26,26
[11:56:45.646] 64,33,21
[11:56:45.657] 65,37,28
[11:56:45.657] 66,47,30
[11:56:45.658] 67,74,25
[11:56:45.659] 68,88,36
[11:56:45.663] 69,118,39
[11:56:45.666] 70,152,35
[11:56:45.672] 71,188,45
[11:56:45.673] 72,228,46
[11:56:45.674] 73,261,64
[11:56:45.676] 74,289,78
[11:56:45.685] 75,289,100
[11:56:45.686] 76,287,105
[11:56:45.686] 77,264,137
[11:56:45.693] 78,217,154
[11:56:45.694] 79,176,173
[11:56:45.695] 80,136,192
[11:56:45.698] 81,87,214
[11:56:45.702] 82,50,223
[11:56:45.706] 83,19,244
[11:56:45.707] 84,0,255
[11:56:45.709] 85,0,270
[11:56:45.713] 86,0,286
[11:56:45.716] 87,0,306
[11:56:45.718] 88,0,309
[11:56:45.721] 89,0,316
[11:56:45.724] 90,0,342
[11:56:45.727] 91,0,350
[11:56:45.730] 92,0,371
[11:56:45.732] 93,0,377
[11:56:45.735] 94,21,385
[11:56:45.738] 95,57,367
[11:56:45.742] 96,96,363
[11:56:45.744] 97,142,364
[11:56:45.747] 98,185,359
[11:56:45.749] 99,237,347
[11:56:45.764] 100,264,341
[11:56:45.764] 101,294,340
[11:56:45.764] 102,305,339
[11:56:45.766] 103,308,334
[11:56:45.769] 104,301,316
[11:56:45.774] 105,280,306
[11:56:45.776] 106,268,308
[11:56:45.782] 107,242,294
[11:56:45.783] 108,236,270
[11:56:45.783] 109,224,254
[11:56:45.783] 110,202,238
[11:56:45.788] 111,185,228
[11:56:45.791] 112,157,212
[11:56:45.793] 113,134,198
[11:56:45.796] 114,97,178
[11:56:45.799] 115,53,158
[11:56:45.802] 116,22,150
[11:56:45.805] 117,0,139
[11:56:45.807] 118,0,124
[11:56:45.811] 119,0,126
[11:56:45.813] 120,0,117
[11:56:45.816] 121,0,117
[11:56:45.819] 122,0,117
[11:56:45.822] 123,0,104
[11:56:45.824] 124,0,100
[11:56:45.827] 125,0,82
[11:56:45.830] 126,0,89
[11:56:45.833] 127,0,79
[11:56:45.835] 128,0,74
[11:56:45.838] 129,0,67
[11:56:45.841] 130,0,61
[11:56:45.846] 131,0,68
[11:56:45.847] 132,0,62
[11:56:45.850] 133,0,64
[11:56:45.853] 134,0,81
[11:56:45.856] 135,0,75
[11:56:45.878] 136,0,88
[11:56:45.879] 137,0,96
[11:56:45.879] 138,0,95
[11:56:45.882] 139,0,98
[11:56:45.889] 140,0,104
[11:56:45.890] 141,23,97
[11:56:45.892] 142,65,102
[11:56:45.894] 143,99,117
[11:56:45.896] 144,136,115
[11:56:45.900] 145,168,112
[11:56:45.902] 146,190,132
[11:56:45.905] 147,207,124
[11:56:45.908] 148,223,128
[11:56:45.911] 149,230,141
[11:56:45.913] 150,224,159
[11:56:45.916] 151,215,170
[11:56:45.918] 152,217,172
[11:56:45.921] 153,201,173
[11:56:45.924] 154,186,188
[11:56:45.927] 155,169,200
[11:56:45.930] 156,149,198
[11:56:45.944] 157,116,204
[11:56:45.944] 158,90,202
[11:56:45.944] 159,54,201
[11:56:45.949] 160,26,220
[11:56:45.951] 161,0,227
[11:56:45.953] 162,0,233
[11:56:45.956] 163,0,240
[11:56:45.965] 164,0,245
[11:56:45.974] 165,0,248
[11:56:45.979] 166,0,253
[11:56:45.981] 167,0,266
[11:56:45.983] 168,0,265
[11:56:45.988] 169,0,254
[11:56:45.989] 170,0,265
[11:56:45.991] 171,0,251
[11:56:45.994] 172,9,239
[11:56:45.997] 173,30,244
[11:56:46.000] 174,53,236
[11:56:46.002] 175,71,234
[11:56:46.005] 176,90,229
[11:56:46.008] 177,93,228
[11:56:46.011] 178,107,222
[11:56:46.013] 179,117,218
[11:56:46.016] 180,118,207
[11:56:46.021] 181,116,203
[11:56:46.022] 182,115,197
[11:56:46.031] 183,105,182
[11:56:46.032] 184,89,169
[11:56:46.032] 185,79,158
[11:56:46.036] 186,78,143
[11:56:46.038] 187,74,121
[11:56:46.041] 188,64,105
[11:56:46.043] 189,66,101
[11:56:46.046] 190,59,86
[11:56:46.050] 191,62,71
[11:56:46.053] 192,59,61
[11:56:46.056] 193,58,57
[11:56:46.058] 194,55,53
[11:56:46.078] 195,51,40
[11:56:46.078] 196,33,33
[11:56:46.078] 197,20,25
[11:56:46.083] 198,10,19
[11:56:46.084] 199,0,7
[11:56:46.090] [HIT] t=2178453 i=0 note=36 vel=1 raw=1 ch=10 rescues=0 thresh=-1.000 peak=-1.000 mask=-1 decay=-1 decaylen=-1 xfilt=-1.000 xfiltdecay=-1.000
[11:56:46.100] [SysEx TX] F0 00 7D 00 05 03 00 00 01 01 F7
[11:56:46.103] [SCOPE] input=0 pad_type=0 head_ch=1 rim_ch=0 head_peak=90 rim_peak=73 decision=HEAD samples=200
[11:56:46.106] T,H,R
[11:56:46.109] 0,0,0
[11:56:46.112] 1,0,0
[11:56:46.114] 2,0,0
[11:56:46.117] 3,0,0
[11:56:46.120] 4,0,0
[11:56:46.123] 5,0,0
[11:56:46.126] 6,0,0
[11:56:46.128] 7,0,0
[11:56:46.132] 8,0,0
[11:56:46.134] 9,0,0
[11:56:46.138] 10,0,0
[11:56:46.141] 11,0,0
[11:56:46.144] 12,0,0
[11:56:46.147] 13,2,4
[11:56:46.149] 14,8,1
[11:56:46.152] 15,18,0
[11:56:46.155] 16,27,5
[11:56:46.157] 17,38,7
[11:56:46.160] 18,48,10
[11:56:46.178] 19,61,19
[11:56:46.178] 20,65,21
[11:56:46.179] 21,73,22
[11:56:46.184] 22,84,26
[11:56:46.185] 23,80,37
[11:56:46.186] 24,89,30
[11:56:46.192] 25,90,33
[11:56:46.193] 26,89,36
[11:56:46.194] 27,79,37
[11:56:46.196] 28,84,31
[11:56:46.200] 29,71,45
[11:56:46.204] 30,49,50
[11:56:46.205] 31,43,42
[11:56:46.208] 32,36,45
[11:56:46.211] 33,31,57
[11:56:46.215] 34,21,46
[11:56:46.217] 35,8,57
[11:56:46.220] 36,4,59
[11:56:46.223] 37,3,62
[11:56:46.226] 38,0,61
[11:56:46.229] 39,1,62
[11:56:46.235] 40,0,58
[11:56:46.235] 41,0,73
[11:56:46.240] 42,0,69
[11:56:46.241] 43,0,57
[11:56:46.242] 44,0,57
[11:56:46.244] 45,0,59
[11:56:46.248] 46,0,63
[11:56:46.250] 47,4,55
[11:56:46.253] 48,11,52
[11:56:46.256] 49,19,63
[11:56:46.263] 50,19,52
[11:56:46.263] 51,25,50
[11:56:46.274] 52,31,47
[11:56:46.279] 53,31,48
[11:56:46.288] 54,30,45
[11:56:46.289] 55,35,37
[11:56:46.296] 56,25,40
[11:56:46.299] 57,27,34
[11:56:46.299] 58,25,22
[11:56:46.299] 59,24,26
[11:56:46.301] 60,29,24
[11:56:46.305] 61,27,25
[11:56:46.308] 62,33,21
[11:56:46.312] 63,29,13
[11:56:46.313] 64,26,22
[11:56:46.317] 65,24,20
[11:56:46.319] 66,31,17
[11:56:46.322] 67,26,17
[11:56:46.325] 68,31,8
[11:56:46.328] 69,23,3
[11:56:46.331] 70,21,0
[11:56:46.333] 71,19,8
[11:56:46.337] 72,11,2
[11:56:46.339] 73,4,0
[11:56:46.342] 74,0,0
[11:56:46.346] 75,0,0
[11:56:46.349] 76,0,0
[11:56:46.352] 77,0,0
[11:56:46.354] 78,0,0
[11:56:46.357] 79,0,0
[11:56:46.359] 80,0,0
[11:56:46.362] 81,0,0
[11:56:46.365] 82,0,0
[11:56:46.382] 83,0,1
[11:56:46.383] 84,0,0
[11:56:46.383] 85,0,2
[11:56:46.385] 86,0,0
[11:56:46.402] 87,0,0
[11:56:46.408] 88,0,0
[11:56:46.408] 89,0,0
[11:56:46.409] 90,0,2
[11:56:46.413] 91,0,0
[11:56:46.415] 92,0,0
[11:56:46.426] 93,8,1
[11:56:46.426] 94,10,0
[11:56:46.426] 95,23,6
[11:56:46.427] 96,33,5
[11:56:46.432] 97,38,0
[11:56:46.435] 98,40,1
[11:56:46.437] 99,49,4
[11:56:46.440] 100,52,7
[11:56:46.448] 101,47,3
[11:56:46.448] 102,45,7
[11:56:46.449] 103,44,3
[11:56:46.452] 104,45,6
[11:56:46.455] 105,48,8
[11:56:46.460] 106,41,10
[11:56:46.461] 107,39,16
[11:56:46.463] 108,41,19
[11:56:46.466] 109,31,13
[11:56:46.480] 110,25,22
[11:56:46.484] 111,19,24
[11:56:46.485] 112,8,21
[11:56:46.486] 113,3,24
[11:56:46.515] 114,0,26
[11:56:46.518] 115,0,22
[11:56:46.522] 116,0,23
[11:56:46.524] 117,0,19
[11:56:46.527] 118,0,14
[11:56:46.529] 119,0,14
[11:56:46.535] 120,0,17
[11:56:46.536] 121,0,20
[11:56:46.537] 122,0,18
[11:56:46.540] 123,0,21
[11:56:46.542] 124,0,23
[11:56:46.549] 125,0,26
[11:56:46.549] 126,0,17
[11:56:46.551] 127,0,4
[11:56:46.553] 128,0,16
[11:56:46.557] 129,0,13
[11:56:46.560] 130,0,7
[11:56:46.562] 131,0,5
[11:56:46.565] 132,1,0
[11:56:46.568] 133,2,1
[11:56:46.594] 134,1,0
[11:56:46.594] 135,0,1
[11:56:46.594] 136,2,0
[11:56:46.595] 137,2,1
[11:56:46.733] 138,8,0
[11:56:46.736] 139,14,0
[11:56:46.738] 140,19,0
[11:56:46.831] 141,21,0
[11:56:46.844] 142,30,0
[11:56:46.845] 143,30,0
[11:56:46.845] 144,34,0
[11:56:47.019] 145,37,0
[11:56:47.126] 146,30,0
[11:56:47.130] 147,26,0
[11:56:47.136] 148,26,0
[11:56:47.146] 149,20,0
[11:56:47.153] 150,8,0
[11:56:47.157] 151,1,0
[11:56:47.162] 152,0,0
[11:56:47.162] 153,0,0
[11:56:47.164] 154,0,0
[11:56:47.167] 155,0,0
[11:56:47.170] 156,0,0
[11:56:47.173] 157,0,0
[11:56:47.176] 158,0,0
[11:56:47.179] 159,0,0
[11:56:47.181] 160,0,0
[11:56:47.185] 161,0,0
[11:56:47.199] 162,0,0
[11:56:47.209] 163,0,0
[11:56:47.222] 164,0,0
[11:56:47.225] 165,0,0
[11:56:47.230] 166,0,0
[11:56:47.231] 167,0,0
[11:56:47.232] 168,0,0
[11:56:47.235] 169,0,0
[11:56:47.250] 170,1,0
[11:56:47.250] 171,4,0
[11:56:47.250] 172,4,1
[11:56:47.251] 173,9,0
[11:56:47.253] 174,23,0
[11:56:47.256] 175,26,0
[11:56:47.259] 176,25,2
[11:56:47.264] 177,35,0
[11:56:47.265] 178,40,1
[11:56:47.267] 179,46,2
[11:56:47.270] 180,33,0
[11:56:47.273] 181,41,3
[11:56:47.277] 182,42,3
[11:56:47.279] 183,38,5
[11:56:47.285] 184,35,6
[11:56:47.285] 185,34,5
[11:56:47.287] 186,33,20
[11:56:47.303] 187,31,13
[11:56:47.304] 188,29,12
[11:56:47.304] 189,25,12
[11:56:47.310] 190,23,10
[11:56:47.312] 191,14,22
[11:56:47.318] 192,14,18
[11:56:47.319] 193,7,22
[11:56:47.319] 194,6,22
[11:56:47.320] 195,3,21
[11:56:47.324] 196,5,14
[11:56:47.327] 197,2,19
[11:56:47.329] 198,2,23
[11:56:47.332] 199,0,19
[11:56:47.352] [HIT] t=2179705 i=3 note=51 vel=7 raw=2 ch=10 rescues=0 thresh=-1.000 peak=-1.000 mask=-1 decay=-1 decaylen=-1 xfilt=-1.000 xfiltdecay=-1.000
[11:56:47.352] [SysEx TX] F0 00 7D 00 05 03 03 00 02 07 F7
[11:56:48.756] [RIM] t=2181117 i=0 note=36 vel=113 raw=113 ch=10 rescues=0 thresh=-1.000 peak=-1.000 mask=-1 decay=-1 decaylen=-1 xfilt=-1.000 xfiltdecay=-1.000
[11:56:48.764] [SysEx TX] F0 00 7D 00 05 03 00 01 71 71 F7
[11:56:48.766] [SCOPE] input=0 pad_type=0 head_ch=1 rim_ch=0 head_peak=2977 rim_peak=4095 decision=RIM samples=200
[11:56:48.769] T,H,R
[11:56:48.772] 0,0,6
[11:56:48.775] 1,0,2
[11:56:48.777] 2,2,5
[11:56:48.780] 3,0,0
[11:56:48.783] 4,0,0
[11:56:48.785] 5,0,3
[11:56:48.789] 6,0,0
[11:56:48.792] 7,0,4
[11:56:48.794] 8,2,4
[11:56:48.797] 9,2,3
[11:56:48.800] 10,1,2
[11:56:48.803] 11,0,4
[11:56:48.806] 12,0,4
[11:56:48.809] 13,0,0
[11:56:48.812] 14,0,5
[11:56:48.817] 15,0,0
[11:56:48.818] 16,0,5
[11:56:48.819] 17,1,2
[11:56:48.821] 18,0,0
[11:56:48.835] 19,2,2
[11:56:48.835] 20,2,2
[11:56:48.835] 21,2,5
[11:56:48.840] 22,0,6
[11:56:48.842] 23,1,2
[11:56:48.844] 24,0,8
[11:56:48.847] 25,0,4
[11:56:48.859] 26,1,0
[11:56:48.859] 27,0,6
[11:56:48.859] 28,2,5
[11:56:48.860] 29,212,4095
[11:56:48.863] 30,929,4095
[11:56:48.865] 31,2923,0
[11:56:48.868] 32,2977,48
[11:56:48.871] 33,1510,4095
[11:56:48.874] 34,1515,1782
[11:56:48.877] 35,1341,275
[11:56:48.879] 36,1437,0
[11:56:48.883] 37,828,0
[11:56:48.885] 38,0,0
[11:56:48.887] 39,0,1081
[11:56:48.890] 40,0,4095
[11:56:48.893] 41,1077,1960
[11:56:48.896] 42,1213,416
[11:56:48.899] 43,960,0
[11:56:48.902] 44,845,1365
[11:56:48.904] 45,758,902
[11:56:48.906] 46,889,205
[11:56:48.910] 47,788,679
[11:56:48.919] 48,605,0
[11:56:48.919] 49,218,0
[11:56:48.919] 50,0,1124
[11:56:48.923] 51,0,2492
[11:56:48.925] 52,381,1648
[11:56:48.935] 53,720,182
[11:56:48.935] 54,748,577
[11:56:48.935] 55,1145,2217
[11:56:48.936] 56,1391,2893
[11:56:48.940] 57,1879,2186
[11:56:48.943] 58,2275,2157
[11:56:48.945] 59,2409,3480
[11:56:48.949] 60,2505,3604
[11:56:48.959] 61,2400,2636
[11:56:48.959] 62,2177,2534
[11:56:48.959] 63,1798,2348
[11:56:48.963] 64,1483,2061
[11:56:48.965] 65,1275,2061
[11:56:48.968] 66,1160,2188
[11:56:48.971] 67,1174,2041
[11:56:48.973] 68,1182,1633
[11:56:48.976] 69,1110,1775
[11:56:48.979] 70,1209,2157
[11:56:48.982] 71,1321,2584
[11:56:48.985] 72,1556,3042
[11:56:48.988] 73,1657,3214
[11:56:48.991] 74,1641,3222
[11:56:48.993] 75,1614,3068
[11:56:48.996] 76,1391,2912
[11:56:48.999] 77,1086,3068
[11:56:49.002] 78,857,3126
[11:56:49.005] 79,842,2849
[11:56:49.008] 80,808,2458
[11:56:49.010] 81,889,2168
[11:56:49.013] 82,988,2169
[11:56:49.015] 83,1264,2223
[11:56:49.020] 84,1497,2214
[11:56:49.021] 85,1760,2313
[11:56:49.023] 86,2074,2325
[11:56:49.027] 87,2203,2340
[11:56:49.041] 88,2310,2505
[11:56:49.041] 89,2315,2808
[11:56:49.041] 90,2304,3245
[11:56:49.045] 91,2165,3372
[11:56:49.048] 92,1849,3219
[11:56:49.052] 93,1446,3247
[11:56:49.052] 94,825,3565
[11:56:49.054] 95,350,3555
[11:56:49.061] 96,0,3550
[11:56:49.062] 97,0,3481
[11:56:49.062] 98,0,3406
[11:56:49.065] 99,0,3397
[11:56:49.068] 100,139,3293
[11:56:49.071] 101,502,3225
[11:56:49.074] 102,942,3120
[11:56:49.076] 103,1278,3077
[11:56:49.079] 104,1417,3044
[11:56:49.082] 105,1420,2848
[11:56:49.085] 106,1318,2805
[11:56:49.088] 107,1300,2885
[11:56:49.090] 108,1252,2787
[11:56:49.093] 109,1167,2693
[11:56:49.096] 110,1117,2618
[11:56:49.100] 111,1097,2638
[11:56:49.103] 112,1106,2706
[11:56:49.104] 113,1174,2593
[11:56:49.108] 114,1202,2461
[11:56:49.109] 115,1273,2387
[11:56:49.113] 116,1278,2217
[11:56:49.116] 117,1209,2004
[11:56:49.119] 118,1081,1785
[11:56:49.121] 119,866,1583
[11:56:49.124] 120,683,1366
[11:56:49.127] 121,532,1202
[11:56:49.141] 122,353,1060
[11:56:49.141] 123,152,1034
[11:56:49.142] 124,31,1005
[11:56:49.142] 125,0,957
[11:56:49.145] 126,20,1073
[11:56:49.148] 127,89,1225
[11:56:49.154] 128,111,1241
[11:56:49.155] 129,193,1234
[11:56:49.162] 130,297,1277
[11:56:49.162] 131,412,1562
[11:56:49.162] 132,544,1662
[11:56:49.163] 133,662,1630
[11:56:49.167] 134,715,1602
[11:56:49.170] 135,758,1615
[11:56:49.172] 136,797,1667
[11:56:49.175] 137,785,1581
[11:56:49.178] 138,730,1579
[11:56:49.185] 139,678,1658
[11:56:49.185] 140,633,1720
[11:56:49.188] 141,598,1772
[11:56:49.191] 142,532,1889
[11:56:49.194] 143,472,2003
[11:56:49.197] 144,422,2128
[11:56:49.199] 145,353,2230
[11:56:49.202] 146,276,2343
[11:56:49.204] 147,157,2430
[11:56:49.207] 148,69,2514
[11:56:49.210] 149,54,2575
[11:56:49.212] 150,94,2587
[11:56:49.216] 151,182,2567
[11:56:49.219] 152,328,2544
[11:56:49.222] 153,517,2496
[11:56:49.225] 154,734,2440
[11:56:49.228] 155,980,2407
[11:56:49.230] 156,1190,2361
[11:56:49.233] 157,1369,2317
[11:56:49.252] 158,1466,2270
[11:56:49.252] 159,1513,2255
[11:56:49.253] 160,1503,2257
[11:56:49.257] 161,1447,2254
[11:56:49.258] 162,1367,2238
[11:56:49.260] 163,1254,2233
[11:56:49.268] 164,1133,2249
[11:56:49.268] 165,1017,2233
[11:56:49.268] 166,825,2221
[11:56:49.276] 167,585,2230
[11:56:49.277] 168,368,2272
[11:56:49.278] 169,280,2326
[11:56:49.280] 170,257,2320
[11:56:49.284] 171,207,2302
[11:56:49.287] 172,180,2302
[11:56:49.290] 173,166,2333
[11:56:49.293] 174,175,2362
[11:56:49.296] 175,152,2317
[11:56:49.299] 176,71,2279
[11:56:49.300] 177,16,2237
[11:56:49.303] 178,0,2169
[11:56:49.306] 179,0,2077
[11:56:49.309] 180,0,2038
[11:56:49.312] 181,0,1997
[11:56:49.315] 182,0,1942
[11:56:49.317] 183,98,1945
[11:56:49.320] 184,278,1961
[11:56:49.323] 185,404,1940
[11:56:49.325] 186,461,1939
[11:56:49.328] 187,525,1942
[11:56:49.331] 188,583,1938
[11:56:49.335] 189,618,1892
[11:56:49.345] 190,595,1803
[11:56:49.345] 191,541,1688
[11:56:49.347] 192,446,1589
[11:56:49.350] 193,397,1485
[11:56:49.352] 194,342,1385
[11:56:49.355] 195,263,1298
[11:56:49.360] 196,159,1177
[11:56:49.360] 197,54,1082
[11:56:49.363] 198,0,994
[11:56:49.370] 199,0,937
[11:56:49.372] [HIT] t=2181734 i=0 note=36 vel=127 raw=127 ch=10 rescues=0 thresh=-1.000 peak=-1.000 mask=-1 decay=-1 decaylen=-1 xfilt=-1.000 xfiltdecay=-1.000
[11:56:49.382] [SysEx TX] F0 00 7D 00 05 03 00 00 7F 7F F7
[11:56:49.386] [SCOPE] input=0 pad_type=0 head_ch=1 rim_ch=0 head_peak=2505 rim_peak=3604 decision=HEAD samples=200
[11:56:49.389] T,H,R
[11:56:49.410] 0,381,1648
[11:56:49.410] 1,720,182
[11:56:49.410] 2,748,577
[11:56:49.423] 3,1145,2217
[11:56:49.424] 4,1391,2893
[11:56:49.425] 5,1879,2186
[11:56:49.429] 6,2275,2157
[11:56:49.430] 7,2409,3480
[11:56:49.433] 8,2505,3604
[11:56:49.437] 9,2400,2636
[11:56:49.446] 10,2177,2534
[11:56:49.455] 11,1798,2348
[11:56:49.456] 12,1483,2061
[11:56:49.471] 13,1275,2061
[11:56:49.472] 14,1160,2188
[11:56:49.473] 15,1174,2041
[11:56:49.477] 16,1182,1633
[11:56:49.480] 17,1110,1775
[11:56:49.482] 18,1209,2157
[11:56:49.485] 19,1321,2584
[11:56:49.488] 20,1556,3042
[11:56:49.491] 21,1657,3214
[11:56:49.496] 22,1641,3222
[11:56:49.496] 23,1614,3068
[11:56:49.499] 24,1391,2912
[11:56:49.502] 25,1086,3068
[11:56:49.505] 26,857,3126
[11:56:49.508] 27,842,2849
[11:56:49.510] 28,808,2458
[11:56:49.513] 29,889,2168
[11:56:49.516] 30,988,2169
[11:56:49.519] 31,1264,2223
[11:56:49.523] 32,1497,2214
[11:56:49.525] 33,1760,2313
[11:56:49.528] 34,2074,2325
[11:56:49.533] 35,2203,2340
[11:56:49.534] 36,2310,2505
[11:56:49.535] 37,2315,2808
[11:56:49.538] 38,2304,3245
[11:56:49.550] 39,2165,3372
[11:56:49.551] 40,1849,3219
[11:56:49.551] 41,1446,3247
[11:56:49.552] 42,825,3565
[11:56:49.556] 43,350,3555
[11:56:49.559] 44,0,3550
[11:56:49.564] 45,0,3481
[11:56:49.565] 46,0,3406
[11:56:49.567] 47,0,3397
[11:56:49.572] 48,139,3293
[11:56:49.573] 49,502,3225
[11:56:49.575] 50,942,3120
[11:56:49.578] 51,1278,3077
[11:56:49.581] 52,1417,3044
[11:56:49.584] 53,1420,2848
[11:56:49.587] 54,1318,2805
[11:56:49.590] 55,1300,2885
[11:56:49.592] 56,1252,2787
[11:56:49.595] 57,1167,2693
[11:56:49.598] 58,1117,2618
[11:56:49.600] 59,1097,2638
[11:56:49.603] 60,1106,2706
[11:56:49.607] 61,1174,2593
[11:56:49.610] 62,1202,2461
[11:56:49.614] 63,1273,2387
[11:56:49.617] 64,1278,2217
[11:56:49.619] 65,1209,2004
[11:56:49.620] 66,1081,1785
[11:56:49.626] 67,866,1583
[11:56:49.626] 68,683,1366
[11:56:49.628] 69,532,1202
[11:56:49.632] 70,353,1060
[11:56:49.634] 71,152,1034
[11:56:49.637] 72,31,1005
[11:56:49.641] 73,0,957
[11:56:49.645] 74,20,1073
[11:56:49.651] 75,89,1225
[11:56:49.652] 76,111,1241
[11:56:49.652] 77,193,1234
[11:56:49.655] 78,297,1277
[11:56:49.659] 79,412,1562
[11:56:49.661] 80,544,1662
[11:56:49.666] 81,662,1630
[11:56:49.666] 82,715,1602
[11:56:49.667] 83,758,1615
[11:56:49.673] 84,797,1667
[11:56:49.674] 85,785,1581
[11:56:49.675] 86,730,1579
[11:56:49.678] 87,678,1658
[11:56:49.681] 88,633,1720
[11:56:49.683] 89,598,1772
[11:56:49.687] 90,532,1889
[11:56:49.690] 91,472,2003
[11:56:49.692] 92,422,2128
[11:56:49.696] 93,353,2230
[11:56:49.698] 94,276,2343
[11:56:49.701] 95,157,2430
[11:56:49.704] 96,69,2514
[11:56:49.707] 97,54,2575
[11:56:49.710] 98,94,2587
[11:56:49.712] 99,182,2567
[11:56:49.715] 100,328,2544
[11:56:49.720] 101,517,2496
[11:56:49.721] 102,734,2440
[11:56:49.725] 103,980,2407
[11:56:49.726] 104,1190,2361
[11:56:49.729] 105,1369,2317
[11:56:49.732] 106,1466,2270
[11:56:49.735] 107,1513,2255
[11:56:49.739] 108,1503,2257
[11:56:49.740] 109,1447,2254
[11:56:49.743] 110,1367,2238
[11:56:49.753] 111,1254,2233
[11:56:49.754] 112,1133,2249
[11:56:49.754] 113,1017,2233
[11:56:49.756] 114,825,2221
[11:56:49.759] 115,585,2230
[11:56:49.762] 116,368,2272
[11:56:49.768] 117,280,2326
[11:56:49.769] 118,257,2320
[11:56:49.770] 119,207,2302
[11:56:49.773] 120,180,2302
[11:56:49.779] 121,166,2333
[11:56:49.780] 122,175,2362
[11:56:49.781] 123,152,2317
[11:56:49.785] 124,71,2279
[11:56:49.790] 125,16,2237
[11:56:49.790] 126,0,2169
[11:56:49.792] 127,0,2077
[11:56:49.795] 128,0,2038
[11:56:49.801] 129,0,1997
[11:56:49.801] 130,0,1942
[11:56:49.803] 131,98,1945
[11:56:49.807] 132,278,1961
[11:56:49.809] 133,404,1940
[11:56:49.812] 134,461,1939
[11:56:49.815] 135,525,1942
[11:56:49.819] 136,583,1938
[11:56:49.820] 137,618,1892
[11:56:49.823] 138,595,1803
[11:56:49.826] 139,541,1688
[11:56:49.829] 140,446,1589
[11:56:49.835] 141,397,1485
[11:56:49.836] 142,342,1385
[11:56:49.837] 143,263,1298
[11:56:49.840] 144,159,1177
[11:56:49.843] 145,54,1082
[11:56:49.845] 146,0,994
[11:56:49.854] 147,0,937
[11:56:49.856] 148,0,862
[11:56:49.857] 149,0,810
[11:56:49.860] 150,0,775
[11:56:49.863] 151,0,715
[11:56:49.865] 152,21,685
[11:56:49.871] 153,138,648
[11:56:49.871] 154,268,647
[11:56:49.878] 155,374,647
[11:56:49.879] 156,482,636
[11:56:49.879] 157,560,629
[11:56:49.880] 158,613,621
[11:56:49.883] 159,588,623
[11:56:49.887] 160,505,626
[11:56:49.890] 161,375,624
[11:56:49.892] 162,207,632
[11:56:49.895] 163,4,665
[11:56:49.898] 164,0,689
[11:56:49.902] 165,0,725
[11:56:49.904] 166,0,757
[11:56:49.908] 167,0,800
[11:56:49.910] 168,0,827
[11:56:49.913] 169,0,883
[11:56:49.915] 170,0,925
[11:56:49.918] 171,146,966
[11:56:49.921] 172,331,1001
[11:56:49.925] 173,548,1033
[11:56:49.927] 174,761,1074
[11:56:49.929] 175,968,1127
[11:56:49.932] 176,1097,1175
[11:56:49.934] 177,1127,1198
[11:56:49.938] 178,1113,1234
[11:56:49.940] 179,1024,1270
[11:56:49.944] 180,962,1295
[11:56:49.946] 181,884,1304
[11:56:49.949] 182,854,1395
[11:56:49.963] 183,925,1914
[11:56:49.963] 184,1112,2169
[11:56:49.964] 185,1306,1498
[11:56:49.964] 186,1270,1748
[11:56:49.968] 187,1256,1828
[11:56:49.974] 188,1214,1785
[11:56:49.975] 189,1202,1876
[11:56:49.975] 190,1126,1580
[11:56:49.982] 191,1031,1406
[11:56:49.984] 192,902,1389
[11:56:49.984] 193,781,1379
[11:56:49.985] 194,666,1276
[11:56:49.989] 195,534,1170
[11:56:49.992] 196,405,1053
[11:56:49.995] 197,256,914
[11:56:49.997] 198,173,1001
[11:56:50.001] 199,159,966
[11:56:50.007] [RIM] t=2182371 i=0 note=36 vel=127 raw=127 ch=10 rescues=0 thresh=-1.000 peak=-1.000 mask=-1 decay=-1 decaylen=-1 xfilt=-1.000 xfiltdecay=-1.000
[11:56:50.016] [SysEx TX] F0 00 7D 00 05 03 00 01 7F 7F F7
[11:56:50.020] [SCOPE] input=0 pad_type=0 head_ch=1 rim_ch=0 head_peak=480 rim_peak=399 decision=RIM samples=200
[11:56:50.023] T,H,R
[11:56:50.025] 0,408,55
[11:56:50.028] 1,421,43
[11:56:50.031] 2,442,41
[11:56:50.033] 3,405,40
[11:56:50.037] 4,396,62
[11:56:50.040] 5,320,62
[11:56:50.044] 6,246,73
[11:56:50.045] 7,164,79
[11:56:50.047] 8,90,94
[11:56:50.051] 9,24,98
[11:56:50.061] 10,0,103
[11:56:50.061] 11,0,109
[11:56:50.062] 12,0,119
[11:56:50.064] 13,0,119
[11:56:50.067] 14,0,136
[11:56:50.069] 15,0,153
[11:56:50.072] 16,0,173
[11:56:50.078] 17,0,175
[11:56:50.079] 18,0,212
[11:56:50.084] 19,0,232
[11:56:50.084] 20,0,262
[11:56:50.084] 21,0,297
[11:56:50.086] 22,0,308
[11:56:50.090] 23,3,325
[11:56:50.092] 24,55,320
[11:56:50.096] 25,134,342
[11:56:50.099] 26,222,346
[11:56:50.101] 27,301,345
[11:56:50.103] 28,377,354
[11:56:50.106] 29,425,356
[11:56:50.109] 30,470,360
[11:56:50.112] 31,480,372
[11:56:50.115] 32,476,367
[11:56:50.117] 33,459,378
[11:56:50.120] 34,426,399
[11:56:50.123] 35,394,391
[11:56:50.126] 36,354,393
[11:56:50.129] 37,318,385
[11:56:50.131] 38,295,366
[11:56:50.134] 39,282,344
[11:56:50.137] 40,265,327
[11:56:50.140] 41,242,304
[11:56:50.142] 42,226,283
[11:56:50.146] 43,187,266
[11:56:50.149] 44,144,245
[11:56:50.151] 45,98,236
[11:56:50.163] 46,60,207
[11:56:50.163] 47,34,212
[11:56:50.163] 48,7,201
[11:56:50.167] 49,0,196
[11:56:50.170] 50,0,185
[11:56:50.173] 51,0,175
[11:56:50.179] 52,0,170
[11:56:50.179] 53,0,150
[11:56:50.180] 54,2,126
[11:56:50.188] 55,8,112
[11:56:50.188] 56,7,98
[11:56:50.190] 57,0,89
[11:56:50.192] 58,0,80
[11:56:50.194] 59,0,83
[11:56:50.197] 60,0,80
[11:56:50.200] 61,0,91
[11:56:50.204] 62,0,93
[11:56:50.205] 63,0,104
[11:56:50.209] 64,0,122
[11:56:50.211] 65,0,119
[11:56:50.214] 66,0,141
[11:56:50.217] 67,0,149
[11:56:50.219] 68,11,149
[11:56:50.222] 69,74,163
[11:56:50.225] 70,141,154
[11:56:50.227] 71,199,153
[11:56:50.230] 72,249,161
[11:56:50.235] 73,289,157
[11:56:50.235] 74,333,162
[11:56:50.239] 75,354,181
[11:56:50.241] 76,365,186
[11:56:50.244] 77,363,198
[11:56:50.246] 78,358,205
[11:56:50.250] 79,346,222
[11:56:50.253] 80,328,242
[11:56:50.255] 81,304,250
[11:56:50.265] 82,288,261
[11:56:50.266] 83,265,266
[11:56:50.267] 84,253,269
[11:56:50.268] 85,230,260
[11:56:50.272] 86,198,265
[11:56:50.274] 87,165,249
[11:56:50.280] 88,126,263
[11:56:50.281] 89,79,265
[11:56:50.282] 90,22,269
[11:56:50.290] 91,0,277
[11:56:50.290] 92,0,295
[11:56:50.292] 93,0,314
[11:56:50.294] 94,0,329
[11:56:50.296] 95,0,336
[11:56:50.301] 96,0,340
[11:56:50.303] 97,0,353
[11:56:50.306] 98,1,352
[11:56:50.308] 99,48,352
[11:56:50.311] 100,94,356
[11:56:50.313] 101,143,345
[11:56:50.316] 102,178,335
[11:56:50.319] 103,201,340
[11:56:50.322] 104,222,349
[11:56:50.325] 105,222,348
[11:56:50.327] 106,221,355
[11:56:50.330] 107,221,361
[11:56:50.333] 108,200,363
[11:56:50.336] 109,169,370
[11:56:50.338] 110,154,373
[11:56:50.341] 111,126,367
[11:56:50.344] 112,133,360
[11:56:50.347] 113,122,349
[11:56:50.351] 114,118,330
[11:56:50.353] 115,122,312
[11:56:50.355] 116,141,298
[11:56:50.369] 117,154,286
[11:56:50.369] 118,176,278
[11:56:50.369] 119,176,261
[11:56:50.370] 120,186,235
[11:56:50.381] 121,185,235
[11:56:50.381] 122,180,226
[11:56:50.385] 123,154,222
[11:56:50.386] 124,116,216
[11:56:50.386] 125,93,205
[11:56:50.391] 126,65,190
[11:56:50.392] 127,37,182
[11:56:50.392] 128,17,154
[11:56:50.396] 129,1,148
[11:56:50.399] 130,0,134
[11:56:50.402] 131,0,107
[11:56:50.405] 132,0,90
[11:56:50.407] 133,0,77
[11:56:50.410] 134,0,56
[11:56:50.414] 135,0,54
[11:56:50.416] 136,0,57
[11:56:50.419] 137,0,44
[11:56:50.422] 138,0,45
[11:56:50.425] 139,0,48
[11:56:50.427] 140,0,53
[11:56:50.430] 141,0,60
[11:56:50.432] 142,0,60
[11:56:50.436] 143,0,54
[11:56:50.439] 144,0,53
[11:56:50.441] 145,0,45
[11:56:50.444] 146,22,48
[11:56:50.447] 147,61,45
[11:56:50.449] 148,105,30
[11:56:50.453] 149,150,44
[11:56:50.455] 150,172,47
[11:56:50.458] 151,220,50
[11:56:50.461] 152,246,68
[11:56:50.470] 153,269,74
[11:56:50.470] 154,289,92
[11:56:50.471] 155,297,100
[11:56:50.474] 156,290,111
[11:56:50.477] 157,276,117
[11:56:50.480] 158,251,121
[11:56:50.482] 159,219,129
[11:56:50.485] 160,185,122
[11:56:50.496] 161,151,109
[11:56:50.497] 162,111,114
[11:56:50.497] 163,85,111
[11:56:50.498] 164,50,114
[11:56:50.500] 165,26,116
[11:56:50.504] 166,6,111
[11:56:50.507] 167,0,137
[11:56:50.509] 168,0,132
[11:56:50.512] 169,0,148
[11:56:50.516] 170,0,152
[11:56:50.518] 171,0,152
[11:56:50.521] 172,0,162
[11:56:50.523] 173,11,149
[11:56:50.526] 174,35,154
[11:56:50.529] 175,54,159
[11:56:50.532] 176,73,148
[11:56:50.534] 177,80,138
[11:56:50.537] 178,79,140
[11:56:50.541] 179,64,141
[11:56:50.542] 180,40,141
[11:56:50.545] 181,19,144
[11:56:50.548] 182,1,151
[11:56:50.551] 183,0,153
[11:56:50.557] 184,0,153
[11:56:50.558] 185,0,152
[11:56:50.559] 186,0,150
[11:56:50.562] 187,1,139
[11:56:50.570] 188,32,138
[11:56:50.572] 189,69,125
[11:56:50.573] 190,98,135
[11:56:50.576] 191,121,118
[11:56:50.577] 192,155,109
[11:56:50.580] 193,169,105
[11:56:50.604] 194,167,104
[11:56:50.604] 195,158,105
[11:56:50.604] 196,149,95
[11:56:50.605] 197,125,106
[11:56:50.627] 198,108,112
[11:56:50.627] 199,99,103
[11:56:50.627] [HIT] t=2182990 i=3 note=51 vel=7 raw=2 ch=10 rescues=0 thresh=-1.000 peak=-1.000 mask=-1 decay=-1 decaylen=-1 xfilt=-1.000 xfiltdecay=-1.000
[11:56:50.642] [SysEx TX] F0 00 7D 00 05 03 03 00 02 07 F7
[11:57:19.624] [HIT] t=2211988 i=0 note=36 vel=23 raw=23 ch=10 rescues=0 thresh=-1.000 peak=-1.000 mask=-1 decay=-1 decaylen=-1 xfilt=-1.000 xfiltdecay=-1.000
[11:57:19.639] [SysEx TX] F0 00 7D 00 05 03 00 00 17 17 F7
[11:57:19.639] [SCOPE] input=0 pad_type=0 head_ch=1 rim_ch=0 head_peak=4095 rim_peak=4095 decision=HEAD samples=200
[11:57:19.640] T,H,R
[11:57:19.642] 0,4,2
[11:57:19.645] 1,3,0
[11:57:19.655] 2,2,3
[11:57:19.656] 3,1,2
[11:57:19.657] 4,0,7
[11:57:19.661] 5,5,3
[11:57:19.663] 6,0,6
[11:57:19.666] 7,5,3
[11:57:19.669] 8,8,2
[11:57:19.679] 9,6,3
[11:57:19.679] 10,2,0
[11:57:19.681] 11,6,5
[11:57:19.688] 12,4,2
[11:57:19.691] 13,0,6
[11:57:19.693] 14,6,3
[11:57:19.696] 15,2,2
[11:57:19.700] 16,6,2
[11:57:19.703] 17,4,3
[11:57:19.713] 18,3,2
[11:57:19.713] 19,0,6
[11:57:19.721] 20,2,5
[11:57:19.723] 21,1,2
[11:57:19.733] 22,4,2
[11:57:19.735] 23,3,0
[11:57:19.735] 24,8,4
[11:57:19.738] 25,1,2
[11:57:19.742] 26,0,4
[11:57:19.742] 27,2,3
[11:57:19.744] 28,2,3
[11:57:19.748] 29,0,0
[11:57:19.757] 30,4,3
[11:57:19.758] 31,0,2
[11:57:19.766] 32,5,2
[11:57:19.767] 33,4,3
[11:57:19.773] 34,0,8
[11:57:19.774] 35,2,5
[11:57:19.775] 36,0,0
[11:57:19.779] 37,2,4
[11:57:19.780] 38,4,2
[11:57:19.783] 39,2,4
[11:57:19.785] 40,1,4
[11:57:19.788] 41,0,4
[11:57:19.793] 42,1,0
[11:57:19.795] 43,0,8
[11:57:19.797] 44,0,6
[11:57:19.799] 45,4,3
[11:57:19.803] 46,0,2
[11:57:19.805] 47,0,1
[11:57:19.808] 48,0,1
[11:57:19.811] 49,0,4
[11:57:19.814] 50,2,4
[11:57:19.817] 51,1,2
[11:57:19.819] 52,2,4
[11:57:19.822] 53,1,2
[11:57:19.827] 54,0,6
[11:57:19.827] 55,2,1
[11:57:19.830] 56,0,0
[11:57:19.835] 57,1,0
[11:57:19.838] 58,0,4
[11:57:19.840] 59,2,5
[11:57:19.842] 60,0,1
[11:57:19.844] 61,0,6
[11:57:19.848] 62,1,2
[11:57:19.860] 63,2,3
[11:57:19.860] 64,0,2
[11:57:19.860] 65,0,4
[11:57:19.862] 66,2,3
[11:57:19.865] 67,0,2
[11:57:19.868] 68,0,3
[11:57:19.874] 69,0,0
[11:57:19.874] 70,0,4
[11:57:19.874] 71,0,2
[11:57:19.886] 72,1,6
[11:57:19.886] 73,0,6
[11:57:19.886] 74,2,5
[11:57:19.890] 75,0,3
[11:57:19.892] 76,0,0
[11:57:19.894] 77,1,3
[11:57:19.897] 78,0,3
[11:57:19.900] 79,0,4
[11:57:19.902] 80,1,0
[11:57:19.905] 81,0,2
[11:57:19.908] 82,1,2
[11:57:19.912] 83,1,0
[11:57:19.914] 84,0,6
[11:57:19.918] 85,0,5
[11:57:19.920] 86,0,8
[11:57:19.922] 87,0,6
[11:57:19.925] 88,0,3
[11:57:19.929] 89,2,3
[11:57:19.931] 90,0,0
[11:57:19.933] 91,1,2
[11:57:19.937] 92,4,3
[11:57:19.939] 93,2,4
[11:57:19.942] 94,0,5
[11:57:19.944] 95,0,0
[11:57:19.947] 96,2,2
[11:57:19.950] 97,0,3
[11:57:19.953] 98,0,2
[11:57:19.963] 99,0,2
[11:57:19.963] 100,52,306
[11:57:19.964] 101,352,828
[11:57:19.968] 102,507,246
[11:57:19.970] 103,665,230
[11:57:19.976] 104,819,249
[11:57:19.978] 105,797,264
[11:57:19.978] 106,852,333
[11:57:19.986] 107,839,342
[11:57:19.986] 108,390,0
[11:57:19.987] 109,0,0
[11:57:19.990] 110,0,702
[11:57:19.992] 111,0,697
[11:57:19.996] 112,0,274
[11:57:19.998] 113,0,1966
[11:57:20.000] 114,0,4095
[11:57:20.003] 115,0,0
[11:57:20.006] 116,0,825
[11:57:20.010] 117,0,3785
[11:57:20.012] 118,4095,732
[11:57:20.014] 119,4095,1678
[11:57:20.018] 120,4095,96
[11:57:20.020] 121,4095,0
[11:57:20.023] 122,4095,1611
[11:57:20.027] 123,4095,2662
[11:57:20.028] 124,4095,2509
[11:57:20.031] 125,4095,3404
[11:57:20.033] 126,4095,3638
[11:57:20.037] 127,4095,3649
[11:57:20.040] 128,4095,2800
[11:57:20.042] 129,4095,3526
[11:57:20.045] 130,4095,3239
[11:57:20.049] 131,4095,3020
[11:57:20.052] 132,4095,2287
[11:57:20.068] 133,135,2504
[11:57:20.068] 134,0,3353
[11:57:20.068] 135,0,3156
[11:57:20.068] 136,0,2713
[11:57:20.080] 137,0,2681
[11:57:20.081] 138,0,1237
[11:57:20.081] 139,0,0
[11:57:20.082] 140,0,548
[11:57:20.091] 141,0,605
[11:57:20.091] 142,358,748
[11:57:20.095] 143,1626,736
[11:57:20.099] 144,2738,585
[11:57:20.100] 145,3656,857
[11:57:20.102] 146,4095,1022
[11:57:20.105] 147,4095,2621
[11:57:20.107] 148,4095,3149
[11:57:20.111] 149,4095,2862
[11:57:20.113] 150,4095,3816
[11:57:20.117] 151,3950,3244
[11:57:20.119] 152,3211,2425
[11:57:20.123] 153,3238,2502
[11:57:20.124] 154,3142,3307
[11:57:20.128] 155,3338,3038
[11:57:20.130] 156,3714,3001
[11:57:20.136] 157,2587,2447
[11:57:20.136] 158,0,1711
[11:57:20.138] 159,0,2250
[11:57:20.140] 160,0,2602
[11:57:20.144] 161,0,2006
[11:57:20.146] 162,0,1710
[11:57:20.149] 163,0,1698
[11:57:20.152] 164,0,1620
[11:57:20.154] 165,373,1625
[11:57:20.157] 166,1736,2366
[11:57:20.167] 167,3294,3081
[11:57:20.167] 168,4095,3748
[11:57:20.168] 169,4095,2924
[11:57:20.172] 170,4095,2379
[11:57:20.175] 171,4095,2905
[11:57:20.177] 172,4095,3053
[11:57:20.180] 173,4095,2452
[11:57:20.182] 174,4095,2103
[11:57:20.190] 175,3041,2274
[11:57:20.191] 176,2164,2073
[11:57:20.191] 177,1302,1421
[11:57:20.195] 178,517,1109
[11:57:20.198] 179,50,1019
[11:57:20.202] 180,0,702
[11:57:20.205] 181,89,426
[11:57:20.207] 182,362,397
[11:57:20.209] 183,717,214
[11:57:20.213] 184,1056,202
[11:57:20.215] 185,1234,644
[11:57:20.218] 186,1415,976
[11:57:20.221] 187,1549,1340
[11:57:20.224] 188,1600,1542
[11:57:20.226] 189,1529,1559
[11:57:20.229] 190,1302,1755
[11:57:20.232] 191,0,1890
[11:57:20.235] 192,0,1898
[11:57:20.238] 193,0,1590
[11:57:20.240] 194,0,2261
[11:57:20.243] 195,0,2614
[11:57:20.246] 196,0,1743
[11:57:20.249] 197,1626,1196
[11:57:20.252] 198,4095,1117
[11:57:20.255] 199,4095,900
[11:57:20.267] [RIM] t=2212625 i=0 note=36 vel=127 raw=127 ch=10 rescues=0 thresh=-1.000 peak=-1.000 mask=-1 decay=-1 decaylen=-1 xfilt=-1.000 xfiltdecay=-1.000
[11:57:20.277] [SysEx TX] F0 00 7D 00 05 03 00 01 7F 7F F7
[11:57:20.280] [SCOPE] input=0 pad_type=0 head_ch=1 rim_ch=0 head_peak=4095 rim_peak=4095 decision=RIM samples=200
[11:57:20.285] T,H,R
[11:57:20.287] 0,0,2
[11:57:20.288] 1,1,2
[11:57:20.293] 2,1,0
[11:57:20.294] 3,0,6
[11:57:20.296] 4,0,5
[11:57:20.298] 5,0,8
[11:57:20.302] 6,0,6
[11:57:20.305] 7,0,3
[11:57:20.307] 8,2,3
[11:57:20.311] 9,0,0
[11:57:20.314] 10,1,2
[11:57:20.316] 11,4,3
[11:57:20.319] 12,2,4
[11:57:20.322] 13,0,5
[11:57:20.325] 14,0,0
[11:57:20.327] 15,2,2
[11:57:20.330] 16,0,3
[11:57:20.333] 17,0,2
[11:57:20.336] 18,0,2
[11:57:20.339] 19,52,306
[11:57:20.342] 20,352,828
[11:57:20.345] 21,507,246
[11:57:20.347] 22,665,230
[11:57:20.350] 23,819,249
[11:57:20.355] 24,797,264
[11:57:20.356] 25,852,333
[11:57:20.359] 26,839,342
[11:57:20.362] 27,390,0
[11:57:20.375] 28,0,0
[11:57:20.375] 29,0,702
[11:57:20.375] 30,0,697
[11:57:20.376] 31,0,274
[11:57:20.381] 32,0,1966
[11:57:20.383] 33,0,4095
[11:57:20.385] 34,0,0
[11:57:20.398] 35,0,825
[11:57:20.398] 36,0,3785
[11:57:20.399] 37,4095,732
[11:57:20.399] 38,4095,1678
[11:57:20.407] 39,4095,96
[11:57:20.407] 40,4095,0
[11:57:20.410] 41,4095,1611
[11:57:20.417] 42,4095,2662
[11:57:20.418] 43,4095,2509
[11:57:20.418] 44,4095,3404
[11:57:20.434] 45,4095,3638
[11:57:20.434] 46,4095,3649
[11:57:20.434] 47,4095,2800
[11:57:20.435] 48,4095,3526
[11:57:20.441] 49,4095,3239
[11:57:20.443] 50,4095,3020
[11:57:20.446] 51,4095,2287
[11:57:20.449] 52,135,2504
[11:57:20.453] 53,0,3353
[11:57:20.454] 54,0,3156
[11:57:20.458] 55,0,2713
[11:57:20.461] 56,0,2681
[11:57:20.463] 57,0,1237
[11:57:20.475] 58,0,0
[11:57:20.475] 59,0,548
[11:57:20.475] 60,0,605
[11:57:20.476] 61,358,748
[11:57:20.482] 62,1626,736
[11:57:20.488] 63,2738,585
[11:57:20.491] 64,3656,857
[11:57:20.492] 65,4095,1022
[11:57:20.492] 66,4095,2621
[11:57:20.495] 67,4095,3149
[11:57:20.502] 68,4095,2862
[11:57:20.504] 69,4095,3816
[11:57:20.509] 70,3950,3244
[11:57:20.510] 71,3211,2425
[11:57:20.512] 72,3238,2502
[11:57:20.515] 73,3142,3307
[11:57:20.519] 74,3338,3038
[11:57:20.521] 75,3714,3001
[11:57:20.526] 76,2587,2447
[11:57:20.527] 77,0,1711
[11:57:20.529] 78,0,2250
[11:57:20.533] 79,0,2602
[11:57:20.538] 80,0,2006
[11:57:20.538] 81,0,1710
[11:57:20.541] 82,0,1698
[11:57:20.544] 83,0,1620
[11:57:20.547] 84,373,1625
[11:57:20.549] 85,1736,2366
[11:57:20.552] 86,3294,3081
[11:57:20.554] 87,4095,3748
[11:57:20.558] 88,4095,2924
[11:57:20.561] 89,4095,2379
[11:57:20.563] 90,4095,2905
[11:57:20.567] 91,4095,3053
[11:57:20.576] 92,4095,2452
[11:57:20.576] 93,4095,2103
[11:57:20.576] 94,3041,2274
[11:57:20.580] 95,2164,2073
[11:57:20.594] 96,1302,1421
[11:57:20.604] 97,517,1109
[11:57:20.605] 98,50,1019
[11:57:20.624] 99,0,702
[11:57:20.625] 100,89,426
[11:57:20.626] 101,362,397
[11:57:20.651] 102,717,214
[11:57:20.651] 103,1056,202
[11:57:20.652] 104,1234,644
[11:57:20.653] 105,1415,976
[11:57:20.667] 106,1549,1340
[11:57:20.667] 107,1600,1542
[11:57:20.667] 108,1529,1559
[11:57:20.667] 109,1302,1755
[11:57:20.756] 110,0,1890
[11:57:20.756] 111,0,1898
[11:57:20.757] 112,0,1590
[11:57:20.758] 113,0,2261
[11:57:20.833] 114,0,2614
[11:57:20.841] 115,0,1743
[11:57:20.842] 116,1626,1196
[11:57:20.842] 117,4095,1117
[11:57:20.844] 118,4095,900
[11:57:20.848] 119,4095,482
[11:57:20.856] 120,4095,393
[11:57:20.856] 121,4095,630
[11:57:20.856] 122,4095,793
[11:57:20.864] 123,4095,1174
[11:57:20.906] 124,2425,1586
[11:57:20.906] 125,372,1711
[11:57:20.906] 126,0,1836
[11:57:20.906] 127,0,1929
[11:57:20.913] 128,0,2014
[11:57:20.918] 129,0,1943
[11:57:20.919] 130,0,2078
[11:57:20.921] 131,636,2209
[11:57:20.932] 132,1204,2215
[11:57:20.936] 133,918,1928
[11:57:20.937] 134,532,1622
[11:57:20.951] 135,498,1558
[11:57:20.951] 136,798,1482
[11:57:20.956] 137,695,1203
[11:57:20.956] 138,662,806
[11:57:20.956] 139,424,681
[11:57:21.009] 140,366,809
[11:57:21.010] 141,353,969
[11:57:21.038] 142,281,1054
[11:57:21.039] 143,201,1268
[11:57:21.039] 144,107,1479
[11:57:21.039] 145,92,1561
[11:57:21.052] 146,143,1685
[11:57:21.055] 147,273,1776
[11:57:21.055] 148,329,1840
[11:57:21.055] 149,390,1952
[11:57:21.062] 150,493,1906
[11:57:21.071] 151,571,1766
[11:57:21.074] 152,0,1556
[11:57:21.074] 153,0,1721
[11:57:21.077] 154,0,1865
[11:57:21.084] 155,104,1844
[11:57:21.085] 156,228,1672
[11:57:21.085] 157,0,1327
[11:57:21.087] 158,0,1340
[11:57:21.091] 159,0,1433
[11:57:21.096] 160,0,1614
[11:57:21.105] 161,0,1781
[11:57:21.105] 162,0,1654
[11:57:21.105] 163,0,1497
[11:57:21.105] 164,228,1517
[11:57:21.110] 165,1653,1607
[11:57:21.115] 166,4095,1722
[11:57:21.118] 167,4095,1687
[11:57:21.118] 168,4095,1598
[11:57:21.121] 169,4095,1371
[11:57:21.122] 170,4095,1195
[11:57:21.125] 171,4095,1190
[11:57:21.127] 172,3255,1318
[11:57:21.133] 173,2261,1338
[11:57:21.134] 174,1179,1183
[11:57:21.135] 175,265,877
[11:57:21.138] 176,0,616
[11:57:21.141] 177,0,564
[11:57:21.144] 178,0,584
[11:57:21.147] 179,248,548
[11:57:21.149] 180,523,540
[11:57:21.152] 181,783,577
[11:57:21.155] 182,944,587
[11:57:21.159] 183,1014,647
[11:57:21.162] 184,927,760
[11:57:21.165] 185,0,832
[11:57:21.167] 186,0,908
[11:57:21.170] 187,0,1049
[11:57:21.173] 188,763,1401
[11:57:21.175] 189,2349,1238
[11:57:21.178] 190,4095,841
[11:57:21.181] 191,4095,820
[11:57:21.191] 192,4095,948
[11:57:21.191] 193,4095,1053
[11:57:21.191] 194,4095,1208
[11:57:21.197] 195,3565,1306
[11:57:21.199] 196,2106,997
[11:57:21.202] 197,844,760
[11:57:21.204] 198,502,804
[11:57:21.211] 199,294,882
[11:57:21.220] [HIT] t=2213577 i=0 note=36 vel=127 raw=127 ch=10 rescues=0 thresh=-1.000 peak=-1.000 mask=-1 decay=-1 decaylen=-1 xfilt=-1.000 xfiltdecay=-1.000
[11:57:21.223] [SysEx TX] F0 00 7D 00 05 03 00 00 7F 7F F7
[11:57:21.226] [SCOPE] input=0 pad_type=0 head_ch=1 rim_ch=0 head_peak=4095 rim_peak=562 decision=HEAD samples=200
[11:57:21.229] T,H,R
[11:57:21.232] 0,0,562
[11:57:21.235] 1,0,446
[11:57:21.237] 2,334,446
[11:57:21.241] 3,1059,529
[11:57:21.244] 4,1754,561
[11:57:21.246] 5,2220,463
[11:57:21.249] 6,2324,361
[11:57:21.251] 7,2281,329
[11:57:21.254] 8,2259,323
[11:57:21.257] 9,2300,304
[11:57:21.260] 10,2358,316
[11:57:21.262] 11,2389,278
[11:57:21.267] 12,2538,206
[11:57:21.268] 13,2907,198
[11:57:21.271] 14,3369,241
[11:57:21.275] 15,4010,276
[11:57:21.276] 16,4095,315
[11:57:21.280] 17,4095,307
[11:57:21.287] 18,4010,279
[11:57:21.294] 19,3558,285
[11:57:21.295] 20,3210,308
[11:57:21.296] 21,2975,311
[11:57:21.302] 22,2668,250
[11:57:21.307] 23,2425,195
[11:57:21.307] 24,2299,165
[11:57:21.309] 25,2364,109
[11:57:21.316] 26,2512,78
[11:57:21.316] 27,2716,47
[11:57:21.318] 28,2937,2
[11:57:21.319] 29,3096,0
[11:57:21.321] 30,3196,0
[11:57:21.324] 31,3146,15
[11:57:21.327] 32,2931,59
[11:57:21.330] 33,2684,88
[11:57:21.336] 34,2525,154
[11:57:21.336] 35,2390,200
[11:57:21.339] 36,2242,217
[11:57:21.341] 37,2105,251
[11:57:21.345] 38,1981,306
[11:57:21.347] 39,1872,363
[11:57:21.350] 40,1685,413
[11:57:21.352] 41,1235,420
[11:57:21.356] 42,481,401
[11:57:21.358] 43,0,392
[11:57:21.362] 44,0,426
[11:57:21.364] 45,0,427
[11:57:21.367] 46,0,417
[11:57:21.372] 47,0,377
[11:57:21.374] 48,0,328
[11:57:21.375] 49,0,314
[11:57:21.381] 50,340,299
[11:57:21.383] 51,900,352
[11:57:21.385] 52,1598,390
[11:57:21.400] 53,2460,344
[11:57:21.401] 54,3456,313
[11:57:21.401] 55,4095,310
[11:57:21.402] 56,4095,296
[11:57:21.410] 57,4095,310
[11:57:21.411] 58,4095,351
[11:57:21.412] 59,4095,310
[11:57:21.420] 60,4095,284
[11:57:21.420] 61,3806,329
[11:57:21.420] 62,3338,331
[11:57:21.422] 63,2615,294
[11:57:21.426] 64,1927,214
[11:57:21.428] 65,1574,144
[11:57:21.431] 66,1409,125
[11:57:21.434] 67,1372,86
[11:57:21.436] 68,1355,50
[11:57:21.441] 69,1389,12
[11:57:21.442] 70,1497,10
[11:57:21.445] 71,1525,63
[11:57:21.448] 72,1126,106
[11:57:21.451] 73,1018,122
[11:57:21.453] 74,1078,205
[11:57:21.457] 75,1181,289
[11:57:21.459] 76,1145,264
[11:57:21.462] 77,908,300
[11:57:21.467] 78,676,372
[11:57:21.469] 79,534,416
[11:57:21.470] 80,390,481
[11:57:21.473] 81,143,487
[11:57:21.476] 82,0,421
[11:57:21.479] 83,0,367
[11:57:21.482] 84,0,378
[11:57:21.485] 85,0,346
[11:57:21.487] 86,173,294
[11:57:21.494] 87,481,253
[11:57:21.498] 88,826,227
[11:57:21.498] 89,1242,226
[11:57:21.501] 90,1574,203
[11:57:21.504] 91,1696,227
[11:57:21.505] 92,1726,275
[11:57:21.508] 93,1631,318
[11:57:21.512] 94,1355,373
[11:57:21.513] 95,990,390
[11:57:21.515] 96,586,420
[11:57:21.521] 97,321,457
[11:57:21.523] 98,228,459
[11:57:21.524] 99,314,477
[11:57:21.524] 100,574,422
[11:57:21.533] 101,1013,343
[11:57:21.536] 102,1605,287
[11:57:21.536] 103,2160,217
[11:57:21.536] 104,2573,178
[11:57:21.539] 105,2837,153
[11:57:21.542] 106,2954,108
[11:57:21.545] 107,2870,108
[11:57:21.548] 108,2484,114
[11:57:21.559] 109,1935,118
[11:57:21.559] 110,1291,128
[11:57:21.559] 111,970,160
[11:57:21.564] 112,788,203
[11:57:21.565] 113,701,201
[11:57:21.570] 114,694,181
[11:57:21.570] 115,757,204
[11:57:21.572] 116,917,274
[11:57:21.575] 117,1065,308
[11:57:21.578] 118,594,325
[11:57:21.581] 119,0,313
[11:57:21.583] 120,0,331
[11:57:21.587] 121,0,447
[11:57:21.590] 122,0,466
[11:57:21.599] 123,0,344
[11:57:21.599] 124,0,262
[11:57:21.600] 125,92,245
[11:57:21.603] 126,474,277
[11:57:21.607] 127,911,344
[11:57:21.609] 128,1254,357
[11:57:21.614] 129,1418,325
[11:57:21.615] 130,1524,278
[11:57:21.617] 131,1722,243
[11:57:21.625] 132,2071,252
[11:57:21.626] 133,2478,298
[11:57:21.626] 134,2856,296
[11:57:21.627] 135,3229,252
[11:57:21.630] 136,3574,221
[11:57:21.633] 137,3864,235
[11:57:21.639] 138,4005,280
[11:57:21.647] 139,3990,282
[11:57:21.648] 140,3837,235
[11:57:21.652] 141,3686,205
[11:57:21.652] 142,3445,186
[11:57:21.652] 143,3271,154
[11:57:21.654] 144,2991,137
[11:57:21.663] 145,2712,141
[11:57:21.664] 146,2473,122
[11:57:21.664] 147,2269,122
[11:57:21.668] 148,2072,101
[11:57:21.672] 149,1954,85
[11:57:21.677] 150,1929,89
[11:57:21.677] 151,1933,105
[11:57:21.677] 152,1897,120
[11:57:21.679] 153,1821,120
[11:57:21.683] 154,1705,138
[11:57:21.697] 155,1438,176
[11:57:21.697] 156,1264,171
[11:57:21.698] 157,1129,214
[11:57:21.702] 158,1044,240
[11:57:21.709] 159,937,213
[11:57:21.709] 160,928,192
[11:57:21.711] 161,969,189
[11:57:21.714] 162,1007,226
[11:57:21.720] 163,1039,212
[11:57:21.720] 164,985,186
[11:57:21.725] 165,917,180
[11:57:21.726] 166,737,173
[11:57:21.726] 167,496,199
[11:57:21.728] 168,154,199
[11:57:21.731] 169,0,208
[11:57:21.741] 170,0,214
[11:57:21.742] 171,0,210
[11:57:21.742] 172,0,197
[11:57:21.742] 173,0,204
[11:57:21.748] 174,9,224
[11:57:21.751] 175,378,250
[11:57:21.754] 176,854,213
[11:57:21.756] 177,1450,146
[11:57:21.760] 178,2153,120
[11:57:21.762] 179,2910,112
[11:57:21.765] 180,3610,100
[11:57:21.767] 181,4065,82
[11:57:21.770] 182,4095,36
[11:57:21.774] 183,4059,29
[11:57:21.778] 184,3726,53
[11:57:21.779] 185,3305,50
[11:57:21.782] 186,2977,33
[11:57:21.784] 187,2825,30
[11:57:21.789] 188,2727,2
[11:57:21.791] 189,2669,0
[11:57:21.794] 190,2586,0
[11:57:21.797] 191,2412,0
[11:57:21.815] 192,2165,0
[11:57:21.815] 193,1750,8
[11:57:21.816] 194,949,22
[11:57:21.820] 195,360,35
[11:57:21.821] 196,94,81
[11:57:21.825] 197,68,108
[11:57:21.828] 198,20,78
[11:57:21.829] 199,0,44
[11:57:21.835] [HIT] t=2214198 i=0 note=36 vel=127 raw=127 ch=10 rescues=0 thresh=-1.000 peak=-1.000 mask=-1 decay=-1 decaylen=-1 xfilt=-1.000 xfiltdecay=-1.000
[11:57:21.844] [SysEx TX] F0 00 7D 00 05 03 00 00 7F 7F F7
[11:57:21.848] [SCOPE] input=0 pad_type=0 head_ch=1 rim_ch=0 head_peak=1215 rim_peak=67 decision=HEAD samples=200
[11:57:21.851] T,H,R
[11:57:21.859] 0,740,1
[11:57:21.859] 1,635,4
[11:57:21.860] 2,478,9
[11:57:21.862] 3,281,26
[11:57:21.866] 4,87,28
[11:57:21.869] 5,0,41
[11:57:21.872] 6,0,43
[11:57:21.876] 7,0,46
[11:57:21.876] 8,0,48
[11:57:21.879] 9,0,52
[11:57:21.882] 10,0,57
[11:57:21.888] 11,0,51
[11:57:21.888] 12,0,58
[11:57:21.890] 13,0,62
[11:57:21.894] 14,0,57
[11:57:21.896] 15,34,62
[11:57:21.904] 16,117,57
[11:57:21.907] 17,217,57
[11:57:21.908] 18,342,67
[11:57:21.909] 19,474,54
[11:57:21.912] 20,628,54
[11:57:21.915] 21,778,58
[11:57:21.918] 22,927,50
[11:57:21.922] 23,1070,52
[11:57:21.923] 24,1171,49
[11:57:21.927] 25,1209,46
[11:57:21.930] 26,1215,35
[11:57:21.931] 27,1166,42
[11:57:21.933] 28,1112,32
[11:57:21.936] 29,1030,33
[11:57:21.939] 30,937,36
[11:57:21.941] 31,849,21
[11:57:21.944] 32,787,26
[11:57:21.948] 33,754,18
[11:57:21.951] 34,735,18
[11:57:21.954] 35,743,13
[11:57:21.956] 36,723,4
[11:57:21.959] 37,704,6
[11:57:21.962] 38,685,2
[11:57:21.964] 39,650,11
[11:57:21.967] 40,595,4
[11:57:21.970] 41,537,10
[11:57:21.972] 42,470,20
[11:57:21.975] 43,393,19
[11:57:21.977] 44,323,18
[11:57:21.981] 45,246,22
[11:57:21.986] 46,184,25
[11:57:21.987] 47,126,39
[11:57:21.990] 48,67,28
[11:57:21.992] 49,18,26
[11:57:21.996] 50,0,32
[11:57:22.000] 51,0,24
[11:57:22.001] 52,0,20
[11:57:22.011] 53,0,24
[11:57:22.012] 54,0,16
[11:57:22.013] 55,0,21
[11:57:22.016] 56,0,18
[11:57:22.020] 57,0,18
[11:57:22.025] 58,0,22
[11:57:22.026] 59,38,26
[11:57:22.032] 60,109,20
[11:57:22.034] 61,196,23
[11:57:22.034] 62,290,20
[11:57:22.035] 63,396,26
[11:57:22.040] 64,518,18
[11:57:22.045] 65,620,10
[11:57:22.045] 66,744,11
[11:57:22.048] 67,841,11
[11:57:22.055] 68,925,10
[11:57:22.055] 69,974,2
[11:57:22.059] 70,1007,0
[11:57:22.060] 71,1017,0
[11:57:22.063] 72,1010,0
[11:57:22.066] 73,987,0
[11:57:22.069] 74,950,0
[11:57:22.071] 75,913,0
[11:57:22.074] 76,845,0
[11:57:22.077] 77,769,0
[11:57:22.080] 78,661,0
[11:57:22.082] 79,518,0
[11:57:22.084] 80,371,2
[11:57:22.088] 81,233,5
[11:57:22.091] 82,88,9
[11:57:22.094] 83,0,10
[11:57:22.098] 84,0,10
[11:57:22.105] 85,0,14
[11:57:22.105] 86,0,19
[11:57:22.107] 87,0,24
[11:57:22.120] 88,0,23
[11:57:22.122] 89,0,22
[11:57:22.124] 90,0,15
[11:57:22.127] 91,0,20
[11:57:22.139] 92,16,22
[11:57:22.139] 93,59,22
[11:57:22.139] 94,122,18
[11:57:22.141] 95,174,23
[11:57:22.145] 96,226,20
[11:57:22.147] 97,283,12
[11:57:22.151] 98,329,23
[11:57:22.152] 99,365,19
[11:57:22.162] 100,411,17
[11:57:22.163] 101,454,14
[11:57:22.163] 102,477,3
[11:57:22.167] 103,489,17
[11:57:22.171] 104,493,8
[11:57:22.173] 105,491,0
[11:57:22.176] 106,500,7
[11:57:22.183] 107,522,8
[11:57:22.185] 108,549,1
[11:57:22.186] 109,600,0
[11:57:22.186] 110,649,0
[11:57:22.189] 111,693,0
[11:57:22.192] 112,719,0
[11:57:22.195] 113,740,0
[11:57:22.198] 114,732,0
[11:57:22.201] 115,710,0
[11:57:22.203] 116,674,0
[11:57:22.208] 117,614,0
[11:57:22.215] 118,562,0
[11:57:22.215] 119,502,0
[11:57:22.216] 120,454,0
[11:57:22.221] 121,405,0
[11:57:22.224] 122,348,0
[11:57:22.226] 123,270,0
[11:57:22.238] 124,175,0
[11:57:22.238] 125,83,0
[11:57:22.239] 126,0,1
[11:57:22.240] 127,0,0
[11:57:22.242] 128,0,0
[11:57:22.245] 129,0,1
[11:57:22.247] 130,0,0
[11:57:22.252] 131,0,0
[11:57:22.253] 132,0,0
[11:57:22.256] 133,0,1
[11:57:22.259] 134,0,0
[11:57:22.262] 135,0,2
[11:57:22.266] 136,0,1
[11:57:22.268] 137,25,6
[11:57:22.270] 138,101,3
[11:57:22.273] 139,192,2
[11:57:22.277] 140,303,1
[11:57:22.280] 141,409,2
[11:57:22.284] 142,522,0
[11:57:22.289] 143,627,0
[11:57:22.290] 144,726,0
[11:57:22.290] 145,802,0
[11:57:22.293] 146,863,0
[11:57:22.296] 147,904,0
[11:57:22.301] 148,921,0
[11:57:22.302] 149,937,0
[11:57:22.304] 150,920,0
[11:57:22.308] 151,875,0
[11:57:22.320] 152,808,0
[11:57:22.321] 153,731,0
[11:57:22.321] 154,652,0
[11:57:22.324] 155,563,0
[11:57:22.327] 156,486,0
[11:57:22.332] 157,416,0
[11:57:22.333] 158,345,0
[11:57:22.340] 159,278,0
[11:57:22.341] 160,217,0
[11:57:22.342] 161,165,0
[11:57:22.346] 162,134,0
[11:57:22.348] 163,98,3
[11:57:22.352] 164,71,0
[11:57:22.354] 165,36,5
[11:57:22.357] 166,11,5
[11:57:22.359] 167,0,4
[11:57:22.362] 168,0,2
[11:57:22.366] 169,0,11
[11:57:22.368] 170,0,8
[11:57:22.371] 171,0,10
[11:57:22.374] 172,0,12
[11:57:22.377] 173,0,17
[11:57:22.379] 174,0,12
[11:57:22.382] 175,0,12
[11:57:22.384] 176,0,19
[11:57:22.387] 177,0,20
[11:57:22.390] 178,2,20
[11:57:22.393] 179,30,17
[11:57:22.395] 180,60,22
[11:57:22.399] 181,102,10
[11:57:22.402] 182,157,13
[11:57:22.405] 183,217,22
[11:57:22.408] 184,287,18
[11:57:22.411] 185,345,9
[11:57:22.419] 186,413,6
[11:57:22.420] 187,472,8
[11:57:22.422] 188,536,1
[11:57:22.435] 189,584,4
[11:57:22.435] 190,616,2
[11:57:22.435] 191,619,1
[11:57:22.435] 192,612,3
[11:57:22.444] 193,609,2
[11:57:22.445] 194,589,2
[11:57:22.445] 195,566,2
[11:57:22.446] 196,534,3
[11:57:22.450] 197,500,1
[11:57:22.452] 198,462,0
[11:57:22.455] 199,402,5
[11:57:22.471] [HIT] t=2214835 i=3 note=51 vel=7 raw=2 ch=10 rescues=0 thresh=-1.000 peak=-1.000 mask=-1 decay=-1 decaylen=-1 xfilt=-1.000 xfiltdecay=-1.000
[11:57:22.484] [SysEx TX] F0 00 7D 00 05 03 03 00 02 07 F7
[11:57:24.827] [RIM] t=2217191 i=0 note=36 vel=118 raw=118 ch=10 rescues=0 thresh=-1.000 peak=-1.000 mask=-1 decay=-1 decaylen=-1 xfilt=-1.000 xfiltdecay=-1.000
[11:57:24.837] [SysEx TX] F0 00 7D 00 05 03 00 01 76 76 F7
[11:57:24.842] [SCOPE] input=0 pad_type=0 head_ch=1 rim_ch=0 head_peak=4095 rim_peak=756 decision=RIM samples=200
[11:57:24.844] T,H,R
[11:57:24.846] 0,1,2
[11:57:24.850] 1,2,5
[11:57:24.852] 2,1,0
[11:57:24.854] 3,0,4
[11:57:24.859] 4,2,3
[11:57:24.861] 5,0,6
[11:57:24.863] 6,4,3
[11:57:24.867] 7,2,3
[11:57:24.876] 8,4,3
[11:57:24.876] 9,2,0
[11:57:24.878] 10,2,4
[11:57:24.881] 11,1,0
[11:57:24.886] 12,2,6
[11:57:24.887] 13,4,0
[11:57:24.892] 14,1,2
[11:57:24.893] 15,6,3
[11:57:24.894] 16,4,2
[11:57:24.902] 17,1,0
[11:57:24.902] 18,2,6
[11:57:24.903] 19,2,3
[11:57:24.904] 20,1,0
[11:57:24.908] 21,0,6
[11:57:24.911] 22,0,4
[11:57:24.913] 23,1,10
[11:57:24.918] 24,0,4
[11:57:24.919] 25,4,2
[11:57:24.923] 26,4,2
[11:57:24.925] 27,1,0
[11:57:24.928] 28,0,6
[11:57:24.931] 29,4,2
[11:57:24.933] 30,1,0
[11:57:24.937] 31,2,3
[11:57:24.939] 32,2,3
[11:57:24.942] 33,1,6
[11:57:24.944] 34,0,4
[11:57:24.947] 35,2,3
[11:57:24.951] 36,2,2
[11:57:24.953] 37,1,0
[11:57:24.955] 38,0,4
[11:57:24.959] 39,0,6
[11:57:24.961] 40,0,4
[11:57:24.964] 41,0,4
[11:57:24.967] 42,2,3
[11:57:24.978] 43,0,6
[11:57:24.979] 44,1,2
[11:57:24.979] 45,2,2
[11:57:24.981] 46,2,3
[11:57:24.985] 47,0,4
[11:57:24.988] 48,0,2
[11:57:24.990] 49,0,6
[11:57:24.995] 50,0,6
[11:57:24.996] 51,0,5
[11:57:24.998] 52,2,3
[11:57:25.006] 53,0,6
[11:57:25.006] 54,2,1
[11:57:25.007] 55,0,4
[11:57:25.010] 56,2,3
[11:57:25.013] 57,0,0
[11:57:25.016] 58,0,5
[11:57:25.018] 59,2,3
[11:57:25.021] 60,2,3
[11:57:25.024] 61,0,6
[11:57:25.027] 62,2,3
[11:57:25.031] 63,2,3
[11:57:25.033] 64,1,2
[11:57:25.035] 65,1,6
[11:57:25.038] 66,2,3
[11:57:25.042] 67,0,8
[11:57:25.044] 68,0,6
[11:57:25.046] 69,0,6
[11:57:25.050] 70,1,0
[11:57:25.053] 71,4,5
[11:57:25.054] 72,2,1
[11:57:25.061] 73,1,2
[11:57:25.061] 74,2,5
[11:57:25.063] 75,2,5
[11:57:25.066] 76,0,6
[11:57:25.068] 77,4,0
[11:57:25.071] 78,2,4
[11:57:25.082] 79,1,6
[11:57:25.082] 80,2,1
[11:57:25.082] 81,0,2
[11:57:25.086] 82,2,3
[11:57:25.090] 83,1,2
[11:57:25.092] 84,0,0
[11:57:25.098] 85,4,3
[11:57:25.098] 86,1,0
[11:57:25.107] 87,2,3
[11:57:25.107] 88,2,4
[11:57:25.108] 89,2,3
[11:57:25.111] 90,1,2
[11:57:25.114] 91,0,6
[11:57:25.120] 92,2,5
[11:57:25.121] 93,0,7
[11:57:25.121] 94,0,0
[11:57:25.124] 95,0,6
[11:57:25.128] 96,4,3
[11:57:25.130] 97,4,2
[11:57:25.133] 98,1,2
[11:57:25.138] 99,7,86
[11:57:25.139] 100,77,152
[11:57:25.141] 101,175,10
[11:57:25.143] 102,214,180
[11:57:25.147] 103,280,122
[11:57:25.149] 104,315,0
[11:57:25.152] 105,222,131
[11:57:25.155] 106,190,123
[11:57:25.158] 107,0,1
[11:57:25.160] 108,0,16
[11:57:25.164] 109,0,0
[11:57:25.168] 110,0,82
[11:57:25.174] 111,0,205
[11:57:25.175] 112,0,606
[11:57:25.177] 113,0,731
[11:57:25.186] 114,0,274
[11:57:25.189] 115,302,486
[11:57:25.191] 116,1993,397
[11:57:25.194] 117,3854,531
[11:57:25.200] 118,4095,534
[11:57:25.201] 119,4095,0
[11:57:25.201] 120,4095,0
[11:57:25.209] 121,4095,329
[11:57:25.212] 122,4095,256
[11:57:25.212] 123,4095,282
[11:57:25.213] 124,4095,85
[11:57:25.219] 125,4095,77
[11:57:25.220] 126,4095,176
[11:57:25.223] 127,4095,0
[11:57:25.226] 128,4095,154
[11:57:25.230] 129,4095,377
[11:57:25.231] 130,4095,30
[11:57:25.233] 131,4095,0
[11:57:25.237] 132,4095,0
[11:57:25.240] 133,4095,154
[11:57:25.242] 134,4095,92
[11:57:25.245] 135,4095,0
[11:57:25.248] 136,3801,0
[11:57:25.254] 137,3236,0
[11:57:25.255] 138,3346,0
[11:57:25.256] 139,3992,0
[11:57:25.258] 140,4095,0
[11:57:25.262] 141,4095,0
[11:57:25.264] 142,4095,0
[11:57:25.268] 143,4095,112
[11:57:25.270] 144,4095,202
[11:57:25.272] 145,4095,34
[11:57:25.275] 146,4095,103
[11:57:25.286] 147,4083,191
[11:57:25.287] 148,3793,303
[11:57:25.287] 149,3617,431
[11:57:25.290] 150,3369,230
[11:57:25.292] 151,3022,356
[11:57:25.294] 152,2718,581
[11:57:25.301] 153,2135,320
[11:57:25.303] 154,1426,301
[11:57:25.304] 155,527,415
[11:57:25.306] 156,0,459
[11:57:25.312] 157,0,664
[11:57:25.312] 158,0,708
[11:57:25.316] 159,0,664
[11:57:25.318] 160,0,697
[11:57:25.321] 161,0,675
[11:57:25.326] 162,10,710
[11:57:25.328] 163,248,649
[11:57:25.329] 164,712,634
[11:57:25.335] 165,1198,756
[11:57:25.336] 166,2056,720
[11:57:25.338] 167,3751,696
[11:57:25.340] 168,4095,667
[11:57:25.343] 169,4095,574
[11:57:25.345] 170,4095,380
[11:57:25.348] 171,4095,214
[11:57:25.352] 172,4095,374
[11:57:25.354] 173,4095,457
[11:57:25.358] 174,3050,441
[11:57:25.360] 175,1452,526
[11:57:25.363] 176,0,469
[11:57:25.365] 177,0,474
[11:57:25.370] 178,0,441
[11:57:25.372] 179,0,414
[11:57:25.374] 180,0,375
[11:57:25.377] 181,0,219
[11:57:25.381] 182,0,175
[11:57:25.391] 183,0,170
[11:57:25.392] 184,152,101
[11:57:25.394] 185,776,50
[11:57:25.397] 186,1554,67
[11:57:25.400] 187,2463,28
[11:57:25.404] 188,3538,0
[11:57:25.405] 189,4095,1
[11:57:25.410] 190,4095,7
[11:57:25.416] 191,3688,16
[11:57:25.428] 192,2812,180
[11:57:25.428] 193,2067,276
[11:57:25.428] 194,1458,278
[11:57:25.428] 195,1029,203
[11:57:25.432] 196,950,195
[11:57:25.434] 197,1193,219
[11:57:25.437] 198,1353,182
[11:57:25.440] 199,1555,128
[11:57:25.445] [RIM] t=2217810 i=0 note=36 vel=127 raw=127 ch=10 rescues=0 thresh=-1.000 peak=-1.000 mask=-1 decay=-1 decaylen=-1 xfilt=-1.000 xfiltdecay=-1.000
[11:57:25.456] [SysEx TX] F0 00 7D 00 05 03 00 01 7F 7F F7
[11:57:25.460] [SCOPE] input=0 pad_type=0 head_ch=1 rim_ch=0 head_peak=4095 rim_peak=756 decision=RIM samples=200
[11:57:25.464] T,H,R
[11:57:25.467] 0,0,0
[11:57:25.468] 1,4,3
[11:57:25.470] 2,1,0
[11:57:25.473] 3,2,3
[11:57:25.477] 4,2,4
[11:57:25.483] 5,2,3
[11:57:25.483] 6,1,2
[11:57:25.500] 7,0,6
[11:57:25.500] 8,2,5
[11:57:25.506] 9,0,7
[11:57:25.506] 10,0,0
[11:57:25.508] 11,0,6
[11:57:25.516] 12,4,3
[11:57:25.516] 13,4,2
[11:57:25.520] 14,1,2
[11:57:25.520] 15,7,86
[11:57:25.522] 16,77,152
[11:57:25.524] 17,175,10
[11:57:25.528] 18,214,180
[11:57:25.530] 19,280,122
[11:57:25.533] 20,315,0
[11:57:25.536] 21,222,131
[11:57:25.550] 22,190,123
[11:57:25.550] 23,0,1
[11:57:25.551] 24,0,16
[11:57:25.551] 25,0,0
[11:57:25.555] 26,0,82
[11:57:25.558] 27,0,205
[11:57:25.561] 28,0,606
[11:57:25.563] 29,0,731
[11:57:25.571] 30,0,274
[11:57:25.572] 31,302,486
[11:57:25.572] 32,1993,397
[11:57:25.574] 33,3854,531
[11:57:25.578] 34,4095,534
[11:57:25.581] 35,4095,0
[11:57:25.583] 36,4095,0
[11:57:25.598] 37,4095,329
[11:57:25.599] 38,4095,256
[11:57:25.599] 39,4095,282
[11:57:25.599] 40,4095,85
[11:57:25.616] 41,4095,77
[11:57:25.616] 42,4095,176
[11:57:25.623] 43,4095,0
[11:57:25.624] 44,4095,154
[11:57:25.633] 45,4095,377
[11:57:25.633] 46,4095,30
[11:57:25.634] 47,4095,0
[11:57:25.637] 48,4095,0
[11:57:25.641] 49,4095,154
[11:57:25.642] 50,4095,92
[11:57:25.644] 51,4095,0
[11:57:25.651] 52,3801,0
[11:57:25.651] 53,3236,0
[11:57:25.652] 54,3346,0
[11:57:25.657] 55,3992,0
[11:57:25.658] 56,4095,0
[11:57:25.662] 57,4095,0
[11:57:25.664] 58,4095,0
[11:57:25.665] 59,4095,112
[11:57:25.669] 60,4095,202
[11:57:25.672] 61,4095,34
[11:57:25.677] 62,4095,103
[11:57:25.678] 63,4083,191
[11:57:25.680] 64,3793,303
[11:57:25.687] 65,3617,431
[11:57:25.688] 66,3369,230
[11:57:25.711] 67,3022,356
[11:57:25.711] 68,2718,581
[11:57:25.716] 69,2135,320
[11:57:25.717] 70,1426,301
[11:57:25.717] 71,527,415
[11:57:25.721] 72,0,459
[11:57:25.724] 73,0,664
[11:57:25.725] 74,0,708
[11:57:25.728] 75,0,664
[11:57:25.732] 76,0,697
[11:57:25.736] 77,0,675
[11:57:25.737] 78,10,710
[11:57:25.741] 79,248,649
[11:57:25.742] 80,712,634
[11:57:25.745] 81,1198,756
[11:57:25.748] 82,2056,720
[11:57:25.751] 83,3751,696
[11:57:25.754] 84,4095,667
[11:57:25.757] 85,4095,574
[11:57:25.760] 86,4095,380
[11:57:25.762] 87,4095,214
[11:57:25.765] 88,4095,374
[11:57:25.768] 89,4095,457
[11:57:25.771] 90,3050,441
[11:57:25.774] 91,1452,526
[11:57:25.777] 92,0,469
[11:57:25.779] 93,0,474
[11:57:25.786] 94,0,441
[11:57:25.787] 95,0,414
[11:57:25.787] 96,0,375
[11:57:25.789] 97,0,219
[11:57:25.801] 98,0,175
[11:57:25.801] 99,0,170
[11:57:25.801] 100,152,101
[11:57:25.801] 101,776,50
[11:57:25.807] 102,1554,67
[11:57:25.808] 103,2463,28
[11:57:25.813] 104,3538,0
[11:57:25.813] 105,4095,1
[11:57:25.816] 106,4095,7
[11:57:25.819] 107,3688,16
[11:57:25.824] 108,2812,180
[11:57:25.825] 109,2067,276
[11:57:25.827] 110,1458,278
[11:57:25.830] 111,1029,203
[11:57:25.834] 112,950,195
[11:57:25.836] 113,1193,219
[11:57:25.847] 114,1353,182
[11:57:25.847] 115,1555,128
[11:57:25.847] 116,1516,124
[11:57:25.847] 117,996,89
[11:57:25.856] 118,440,96
[11:57:25.856] 119,0,228
[11:57:25.858] 120,0,302
[11:57:25.867] 121,0,315
[11:57:25.869] 122,0,405
[11:57:25.870] 123,0,411
[11:57:25.871] 124,0,395
[11:57:25.876] 125,223,489
[11:57:25.879] 126,479,481
[11:57:25.889] 127,688,439
[11:57:25.890] 128,1061,485
[11:57:25.890] 129,1448,507
[11:57:25.891] 130,1758,527
[11:57:25.900] 131,2006,546
[11:57:25.900] 132,2456,506
[11:57:25.900] 133,3088,438
[11:57:25.904] 134,3916,425
[11:57:25.907] 135,4095,406
[11:57:25.909] 136,4095,329
[11:57:25.916] 137,4095,316
[11:57:25.918] 138,4095,370
[11:57:25.918] 139,4095,329
[11:57:25.921] 140,4095,309
[11:57:25.924] 141,3534,369
[11:57:25.927] 142,2620,366
[11:57:25.930] 143,1886,332
[11:57:25.934] 144,1269,339
[11:57:25.936] 145,628,427
[11:57:25.938] 146,0,412
[11:57:25.941] 147,0,373
[11:57:25.944] 148,0,485
[11:57:25.948] 149,0,586
[11:57:25.951] 150,0,662
[11:57:25.954] 151,0,631
[11:57:25.955] 152,169,505
[11:57:25.957] 153,1365,393
[11:57:25.960] 154,2985,343
[11:57:25.963] 155,4095,352
[11:57:25.968] 156,4095,334
[11:57:25.969] 157,4095,327
[11:57:25.972] 158,4095,368
[11:57:25.974] 159,4095,396
[11:57:25.978] 160,3179,415
[11:57:25.981] 161,2229,456
[11:57:25.983] 162,1269,502
[11:57:25.986] 163,714,477
[11:57:25.989] 164,614,431
[11:57:25.992] 165,489,394
[11:57:26.002] 166,470,318
[11:57:26.002] 167,458,285
[11:57:26.003] 168,590,328
[11:57:26.003] 169,747,353
[11:57:26.009] 170,822,290
[11:57:26.011] 171,886,229
[11:57:26.018] 172,902,180
[11:57:26.019] 173,871,185
[11:57:26.019] 174,1004,204
[11:57:26.021] 175,1146,162
[11:57:26.024] 176,1174,169
[11:57:26.027] 177,1209,124
[11:57:26.031] 178,1412,118
[11:57:26.035] 179,1627,183
[11:57:26.037] 180,1829,187
[11:57:26.040] 181,1919,172
[11:57:26.042] 182,1944,183
[11:57:26.045] 183,1928,187
[11:57:26.048] 184,1808,135
[11:57:26.050] 185,1646,100
[11:57:26.055] 186,1550,158
[11:57:26.062] 187,1450,169
[11:57:26.062] 188,1423,141
[11:57:26.063] 189,1468,165
[11:57:26.064] 190,1449,204
[11:57:26.069] 191,1430,196
[11:57:26.073] 192,1257,196
[11:57:26.074] 193,1038,218
[11:57:26.077] 194,616,237
[11:57:26.080] 195,121,275
[11:57:26.083] 196,0,290
[11:57:26.087] 197,0,340
[11:57:26.089] 198,0,416
[11:57:26.092] 199,0,452
[11:57:26.106] [HIT] t=2218462 i=0 note=36 vel=127 raw=127 ch=10 rescues=0 thresh=-1.000 peak=-1.000 mask=-1 decay=-1 decaylen=-1 xfilt=-1.000 xfiltdecay=-1.000
[11:57:26.113] [SysEx TX] F0 00 7D 00 05 03 00 00 7F 7F F7
[11:57:26.114] [SCOPE] input=0 pad_type=0 head_ch=1 rim_ch=0 head_peak=2586 rim_peak=161 decision=HEAD samples=200
[11:57:26.120] T,H,R
[11:57:26.120] 0,277,89
[11:57:26.122] 1,0,111
[11:57:26.124] 2,0,136
[11:57:26.127] 3,0,87
[11:57:26.130] 4,30,47
[11:57:26.133] 5,243,31
[11:57:26.136] 6,467,47
[11:57:26.141] 7,713,70
[11:57:26.142] 8,868,88
[11:57:26.143] 9,948,96
[11:57:26.147] 10,904,73
[11:57:26.151] 11,766,47
[11:57:26.154] 12,646,54
[11:57:26.157] 13,542,90
[11:57:26.159] 14,522,101
[11:57:26.162] 15,564,93
[11:57:26.166] 16,670,93
[11:57:26.167] 17,867,84
[11:57:26.170] 18,1044,88
[11:57:26.173] 19,1162,97
[11:57:26.177] 20,1221,104
[11:57:26.178] 21,1177,110
[11:57:26.181] 22,1103,118
[11:57:26.185] 23,1003,104
[11:57:26.187] 24,918,95
[11:57:26.191] 25,854,102
[11:57:26.194] 26,858,104
[11:57:26.197] 27,894,100
[11:57:26.198] 28,961,111
[11:57:26.212] 29,969,97
[11:57:26.212] 30,961,100
[11:57:26.212] 31,959,111
[11:57:26.215] 32,1001,98
[11:57:26.220] 33,1065,111
[11:57:26.224] 34,1120,112
[11:57:26.225] 35,1193,86
[11:57:26.226] 36,1294,89
[11:57:26.228] 37,1351,117
[11:57:26.231] 38,1403,135
[11:57:26.234] 39,1406,121
[11:57:26.236] 40,1417,108
[11:57:26.239] 41,1404,94
[11:57:26.242] 42,1403,75
[11:57:26.245] 43,1381,74
[11:57:26.248] 44,1269,73
[11:57:26.257] 45,1117,73
[11:57:26.258] 46,888,86
[11:57:26.259] 47,434,100
[11:57:26.260] 48,20,124
[11:57:26.264] 49,0,128
[11:57:26.267] 50,0,153
[11:57:26.269] 51,0,157
[11:57:26.272] 52,0,157
[11:57:26.277] 53,0,143
[11:57:26.278] 54,0,152
[11:57:26.281] 55,212,161
[11:57:26.284] 56,597,152
[11:57:26.286] 57,1010,114
[11:57:26.289] 58,1423,92
[11:57:26.291] 59,1878,90
[11:57:26.294] 60,2245,101
[11:57:26.298] 61,2484,102
[11:57:26.301] 62,2586,94
[11:57:26.312] 63,2585,96
[11:57:26.312] 64,2543,105
[11:57:26.313] 65,2493,104
[11:57:26.313] 66,2448,102
[11:57:26.318] 67,2424,94
[11:57:26.320] 68,2409,79
[11:57:26.321] 69,2372,69
[11:57:26.325] 70,2321,58
[11:57:26.337] 71,2235,50
[11:57:26.337] 72,2086,45
[11:57:26.339] 73,1886,50
[11:57:26.339] 74,1573,53
[11:57:26.343] 75,1278,48
[11:57:26.346] 76,1138,51
[11:57:26.349] 77,1101,54
[11:57:26.352] 78,1145,57
[11:57:26.355] 79,1191,33
[11:57:26.357] 80,1165,12
[11:57:26.360] 81,1142,26
[11:57:26.363] 82,1111,50
[11:57:26.366] 83,1042,59
[11:57:26.368] 84,889,54
[11:57:26.371] 85,724,45
[11:57:26.374] 86,566,50
[11:57:26.377] 87,476,59
[11:57:26.382] 88,516,73
[11:57:26.383] 89,639,70
[11:57:26.388] 90,773,59
[11:57:26.389] 91,862,69
[11:57:26.392] 92,946,50
[11:57:26.396] 93,975,50
[11:57:26.397] 94,980,70
[11:57:26.400] 95,918,73
[11:57:26.403] 96,798,60
[11:57:26.417] 97,627,49
[11:57:26.417] 98,448,47
[11:57:26.418] 99,324,54
[11:57:26.420] 100,206,73
[11:57:26.427] 101,107,81
[11:57:26.428] 102,43,77
[11:57:26.429] 103,46,62
[11:57:26.431] 104,136,80
[11:57:26.437] 105,294,84
[11:57:26.437] 106,516,72
[11:57:26.440] 107,784,57
[11:57:26.444] 108,1114,34
[11:57:26.446] 109,1413,39
[11:57:26.450] 110,1623,25
[11:57:26.453] 111,1742,15
[11:57:26.455] 112,1788,15
[11:57:26.459] 113,1781,31
[11:57:26.461] 114,1742,40
[11:57:26.465] 115,1681,18
[11:57:26.467] 116,1589,7
[11:57:26.476] 117,1477,5
[11:57:26.476] 118,1361,2
[11:57:26.477] 119,1200,2
[11:57:26.482] 120,1000,2
[11:57:26.484] 121,720,8
[11:57:26.486] 122,202,1
[11:57:26.489] 123,0,10
[11:57:26.492] 124,0,30
[11:57:26.497] 125,0,44
[11:57:26.498] 126,0,23
[11:57:26.501] 127,0,0
[11:57:26.502] 128,0,0
[11:57:26.506] 129,73,1
[11:57:26.515] 130,203,5
[11:57:26.516] 131,340,4
[11:57:26.516] 132,398,0
[11:57:26.517] 133,406,0
[11:57:26.520] 134,378,0
[11:57:26.524] 135,373,0
[11:57:26.526] 136,405,6
[11:57:26.542] 137,464,0
[11:57:26.542] 138,592,1
[11:57:26.542] 139,750,0
[11:57:26.552] 140,928,0
[11:57:26.552] 141,1109,0
[11:57:26.553] 142,1245,0
[11:57:26.554] 143,1344,0
[11:57:26.556] 144,1388,0
[11:57:26.561] 145,1364,0
[11:57:26.562] 146,1288,0
[11:57:26.569] 147,1167,0
[11:57:26.569] 148,1049,0
[11:57:26.570] 149,920,0
[11:57:26.574] 150,832,0
[11:57:26.576] 151,787,0
[11:57:26.579] 152,734,0
[11:57:26.582] 153,725,0
[11:57:26.594] 154,688,0
[11:57:26.594] 155,633,0
[11:57:26.594] 156,608,0
[11:57:26.598] 157,617,0
[11:57:26.601] 158,626,0
[11:57:26.604] 159,654,0
[11:57:26.608] 160,663,0
[11:57:26.619] 161,687,0
[11:57:26.619] 162,732,0
[11:57:26.619] 163,771,0
[11:57:26.621] 164,782,2
[11:57:26.624] 165,782,1
[11:57:26.628] 166,762,0
[11:57:26.633] 167,720,2
[11:57:26.636] 168,618,2
[11:57:26.642] 169,443,3
[11:57:26.642] 170,197,0
[11:57:26.642] 171,0,10
[11:57:26.644] 172,0,22
[11:57:26.648] 173,0,26
[11:57:26.652] 174,0,18
[11:57:26.653] 175,0,15
[11:57:26.656] 176,0,8
[11:57:26.658] 177,0,5
[11:57:26.662] 178,173,11
[11:57:26.664] 179,417,16
[11:57:26.667] 180,660,0
[11:57:26.670] 181,909,0
[11:57:26.672] 182,1149,0
[11:57:26.675] 183,1354,0
[11:57:26.678] 184,1506,0
[11:57:26.681] 185,1608,0
[11:57:26.684] 186,1661,1
[11:57:26.688] 187,1684,0
[11:57:26.692] 188,1672,3
[11:57:26.692] 189,1648,3
[11:57:26.694] 190,1589,1
[11:57:26.698] 191,1546,0
[11:57:26.701] 192,1487,0
[11:57:26.703] 193,1428,0
[11:57:26.707] 194,1339,0
[11:57:26.711] 195,1241,0
[11:57:26.720] 196,1122,0
[11:57:26.721] 197,967,0
[11:57:26.721] 198,782,0
[11:57:26.726] 199,655,0
[11:57:26.730] [HIT] t=2219092 i=0 note=36 vel=127 raw=127 ch=10 rescues=0 thresh=-1.000 peak=-1.000 mask=-1 decay=-1 decaylen=-1 xfilt=-1.000 xfiltdecay=-1.000
[11:57:26.747] [SysEx TX] F0 00 7D 00 05 03 00 00 7F 7F F7
[11:57:26.747] [SCOPE] input=0 pad_type=0 head_ch=1 rim_ch=0 head_peak=481 rim_peak=32 decision=HEAD samples=200
[11:57:26.748] T,H,R
[11:57:26.755] 0,127,12
[11:57:26.757] 1,137,10
[11:57:26.760] 2,143,10
[11:57:26.762] 3,139,9
[11:57:26.766] 4,136,10
[11:57:26.769] 5,121,19
[11:57:26.775] 6,93,10
[11:57:26.780] 7,58,14
[11:57:26.780] 8,20,14
[11:57:26.780] 9,0,7
[11:57:26.787] 10,0,8
[11:57:26.787] 11,0,4
[11:57:26.792] 12,0,1
[11:57:26.792] 13,0,10
[11:57:26.798] 14,0,10
[11:57:26.799] 15,0,6
[11:57:26.802] 16,0,11
[11:57:26.804] 17,0,11
[11:57:26.807] 18,0,6
[11:57:26.810] 19,20,4
[11:57:26.812] 20,93,2
[11:57:26.829] 21,161,2
[11:57:26.829] 22,232,0
[11:57:26.830] 23,313,0
[11:57:26.837] 24,364,0
[11:57:26.837] 25,411,0
[11:57:26.840] 26,438,0
[11:57:26.843] 27,459,0
[11:57:26.846] 28,470,0
[11:57:26.853] 29,473,0
[11:57:26.853] 30,473,0
[11:57:26.855] 31,466,0
[11:57:26.866] 32,455,0
[11:57:26.867] 33,422,0
[11:57:26.867] 34,389,0
[11:57:26.867] 35,335,0
[11:57:26.872] 36,264,0
[11:57:26.880] 37,180,0
[11:57:26.881] 38,104,0
[11:57:26.886] 39,26,0
[11:57:26.886] 40,0,0
[11:57:26.890] 41,0,0
[11:57:26.893] 42,0,0
[11:57:26.895] 43,0,0
[11:57:26.907] 44,0,2
[11:57:26.907] 45,0,0
[11:57:26.907] 46,0,0
[11:57:26.909] 47,0,0
[11:57:26.912] 48,0,0
[11:57:26.916] 49,0,1
[11:57:26.924] 50,19,0
[11:57:26.924] 51,71,0
[11:57:26.925] 52,111,0
[11:57:26.927] 53,161,1
[11:57:26.933] 54,202,0
[11:57:26.934] 55,232,0
[11:57:26.940] 56,251,0
[11:57:26.940] 57,270,0
[11:57:26.941] 58,281,0
[11:57:26.946] 59,291,0
[11:57:26.947] 60,288,0
[11:57:26.949] 61,276,0
[11:57:26.951] 62,254,0
[11:57:26.955] 63,245,0
[11:57:26.958] 64,229,0
[11:57:26.962] 65,217,0
[11:57:26.963] 66,209,0
[11:57:26.967] 67,225,0
[11:57:26.970] 68,244,0
[11:57:26.971] 69,267,0
[11:57:26.975] 70,285,0
[11:57:26.977] 71,296,0
[11:57:26.981] 72,306,0
[11:57:26.984] 73,303,0
[11:57:26.986] 74,294,0
[11:57:26.989] 75,271,0
[11:57:26.992] 76,249,0
[11:57:26.996] 77,232,0
[11:57:26.998] 78,207,0
[11:57:27.002] 79,192,0
[11:57:27.004] 80,171,0
[11:57:27.007] 81,148,0
[11:57:27.009] 82,105,0
[11:57:27.012] 83,63,0
[11:57:27.016] 84,3,0
[11:57:27.019] 85,0,0
[11:57:27.027] 86,0,0
[11:57:27.028] 87,0,0
[11:57:27.029] 88,0,1
[11:57:27.031] 89,0,0
[11:57:27.034] 90,0,0
[11:57:27.037] 91,0,0
[11:57:27.042] 92,0,8
[11:57:27.045] 93,0,3
[11:57:27.047] 94,0,3
[11:57:27.048] 95,0,1
[11:57:27.051] 96,16,0
[11:57:27.054] 97,53,1
[11:57:27.057] 98,111,1
[11:57:27.059] 99,168,2
[11:57:27.063] 100,235,2
[11:57:27.065] 101,302,0
[11:57:27.068] 102,361,2
[11:57:27.072] 103,409,0
[11:57:27.074] 104,436,1
[11:57:27.076] 105,456,0
[11:57:27.079] 106,481,0
[11:57:27.082] 107,470,0
[11:57:27.084] 108,457,0
[11:57:27.087] 109,419,0
[11:57:27.091] 110,373,0
[11:57:27.093] 111,312,0
[11:57:27.096] 112,251,0
[11:57:27.099] 113,196,0
[11:57:27.102] 114,138,0
[11:57:27.104] 115,89,0
[11:57:27.107] 116,51,1
[11:57:27.110] 117,19,0
[11:57:27.113] 118,1,0
[11:57:27.118] 119,0,1
[11:57:27.118] 120,0,2
[11:57:27.121] 121,0,2
[11:57:27.130] 122,0,4
[11:57:27.130] 123,0,8
[11:57:27.131] 124,0,4
[11:57:27.133] 125,0,8
[11:57:27.137] 126,0,9
[11:57:27.142] 127,7,16
[11:57:27.145] 128,20,13
[11:57:27.145] 129,21,17
[11:57:27.147] 130,12,11
[11:57:27.152] 131,13,20
[11:57:27.153] 132,6,23
[11:57:27.155] 133,6,17
[11:57:27.158] 134,0,21
[11:57:27.166] 135,0,18
[11:57:27.168] 136,2,12
[11:57:27.168] 137,21,9
[11:57:27.169] 138,35,23
[11:57:27.176] 139,53,16
[11:57:27.176] 140,84,20
[11:57:27.177] 141,105,21
[11:57:27.180] 142,124,19
[11:57:27.183] 143,144,16
[11:57:27.191] 144,166,18
[11:57:27.192] 145,183,12
[11:57:27.197] 146,207,16
[11:57:27.202] 147,226,10
[11:57:27.205] 148,249,10
[11:57:27.207] 149,268,20
[11:57:27.209] 150,278,20
[11:57:27.212] 151,286,18
[11:57:27.215] 152,281,17
[11:57:27.218] 153,269,9
[11:57:27.222] 154,245,11
[11:57:27.234] 155,221,8
[11:57:27.239] 156,198,11
[11:57:27.239] 157,171,10
[11:57:27.239] 158,136,18
[11:57:27.249] 159,92,24
[11:57:27.257] 160,33,18
[11:57:27.257] 161,0,18
[11:57:27.258] 162,0,24
[11:57:27.259] 163,0,26
[11:57:27.262] 164,0,22
[11:57:27.266] 165,0,32
[11:57:27.268] 166,0,26
[11:57:27.278] 167,0,23
[11:57:27.278] 168,0,21
[11:57:27.279] 169,0,31
[11:57:27.279] 170,0,23
[11:57:27.284] 171,0,14
[11:57:27.286] 172,0,22
[11:57:27.289] 173,29,18
[11:57:27.292] 174,76,17
[11:57:27.296] 175,140,9
[11:57:27.298] 176,192,12
[11:57:27.301] 177,245,16
[11:57:27.304] 178,277,12
[11:57:27.309] 179,298,7
[11:57:27.314] 180,310,7
[11:57:27.315] 181,312,4
[11:57:27.316] 182,301,3
[11:57:27.333] 183,296,8
[11:57:27.333] 184,284,0
[11:57:27.333] 185,268,6
[11:57:27.337] 186,246,0
[11:57:27.338] 187,232,3
[11:57:27.341] 188,222,2
[11:57:27.342] 189,198,0
[11:57:27.346] 190,181,3
[11:57:27.354] 191,169,0
[11:57:27.355] 192,154,1
[11:57:27.356] 193,153,0
[11:57:27.357] 194,144,1
[11:57:27.359] 195,143,0
[11:57:27.362] 196,128,0
[11:57:27.366] 197,118,0
[11:57:27.368] 198,105,0
[11:57:27.372] 199,83,1
[11:57:27.385] [HIT] t=2219749 i=3 note=51 vel=1 raw=1 ch=10 rescues=0 thresh=-1.000 peak=-1.000 mask=-1 decay=-1 decaylen=-1 xfilt=-1.000 xfiltdecay=-1.000
[11:57:27.396] [SysEx TX] F0 00 7D 00 05 03 03 00 01 01 F7
[11:57:28.722] [RIM] t=2221085 i=0 note=36 vel=120 raw=120 ch=10 rescues=0 thresh=-1.000 peak=-1.000 mask=-1 decay=-1 decaylen=-1 xfilt=-1.000 xfiltdecay=-1.000
[11:57:28.730] [SysEx TX] F0 00 7D 00 05 03 00 01 78 78 F7
[11:57:28.737] [SCOPE] input=0 pad_type=0 head_ch=1 rim_ch=0 head_peak=4095 rim_peak=4003 decision=RIM samples=200
[11:57:28.737] T,H,R
[11:57:28.740] 0,1,4
[11:57:28.742] 1,2,3
[11:57:28.745] 2,2,4
[11:57:28.747] 3,0,5
[11:57:28.750] 4,2,0
[11:57:28.753] 5,0,4
[11:57:28.757] 6,0,4
[11:57:28.769] 7,0,4
[11:57:28.771] 8,4,2
[11:57:28.772] 9,0,5
[11:57:28.775] 10,1,6
[11:57:28.777] 11,4,2
[11:57:28.783] 12,0,6
[11:57:28.783] 13,0,5
[11:57:28.785] 14,0,4
[11:57:28.792] 15,1,6
[11:57:28.792] 16,3,0
[11:57:28.794] 17,4,2
[11:57:28.798] 18,4,2
[11:57:28.800] 19,4,2
[11:57:28.803] 20,2,3
[11:57:28.805] 21,2,3
[11:57:28.808] 22,1,6
[11:57:28.811] 23,2,6
[11:57:28.814] 24,2,5
[11:57:28.817] 25,5,2
[11:57:28.819] 26,0,4
[11:57:28.822] 27,2,5
[11:57:28.825] 28,2,6
[11:57:28.828] 29,3,0
[11:57:28.830] 30,0,5
[11:57:28.834] 31,0,4
[11:57:28.836] 32,8,5
[11:57:28.839] 33,1,6
[11:57:28.842] 34,2,6
[11:57:28.844] 35,0,6
[11:57:28.847] 36,2,5
[11:57:28.851] 37,8,4
[11:57:28.855] 38,2,3
[11:57:28.856] 39,5,3
[11:57:28.858] 40,0,2
[11:57:28.861] 41,6,6
[11:57:28.871] 42,2,5
[11:57:28.871] 43,1,2
[11:57:28.871] 44,6,5
[11:57:28.875] 45,1,6
[11:57:28.878] 46,0,6
[11:57:28.881] 47,3,0
[11:57:28.883] 48,4,3
[11:57:28.885] 49,0,6
[11:57:28.894] 50,3,2
[11:57:28.894] 51,2,4
[11:57:28.895] 52,2,2
[11:57:28.897] 53,0,5
[11:57:28.900] 54,4,2
[11:57:28.903] 55,3,0
[11:57:28.905] 56,0,6
[11:57:28.909] 57,2,2
[11:57:28.911] 58,1,3
[11:57:28.915] 59,0,6
[11:57:28.919] 60,3,2
[11:57:28.920] 61,0,6
[11:57:28.923] 62,0,6
[11:57:28.926] 63,1,2
[11:57:28.929] 64,4,3
[11:57:28.931] 65,0,4
[11:57:28.934] 66,0,10
[11:57:28.937] 67,0,2
[11:57:28.941] 68,1,2
[11:57:28.942] 69,0,6
[11:57:28.945] 70,0,6
[11:57:28.948] 71,2,5
[11:57:28.953] 72,2,3
[11:57:28.957] 73,2,3
[11:57:28.958] 74,1,0
[11:57:28.959] 75,1,0
[11:57:28.962] 76,0,6
[11:57:28.968] 77,0,1
[11:57:28.972] 78,0,6
[11:57:28.973] 79,0,8
[11:57:28.975] 80,0,2
[11:57:28.978] 81,0,1
[11:57:28.981] 82,0,0
[11:57:28.984] 83,0,0
[11:57:28.990] 84,0,6
[11:57:28.990] 85,0,8
[11:57:28.991] 86,0,1
[11:57:28.998] 87,0,0
[11:57:28.999] 88,0,1
[11:57:28.999] 89,0,6
[11:57:29.002] 90,0,3
[11:57:29.005] 91,2,3
[11:57:29.008] 92,0,3
[11:57:29.011] 93,0,2
[11:57:29.013] 94,0,3
[11:57:29.017] 95,0,8
[11:57:29.019] 96,0,3
[11:57:29.022] 97,0,3
[11:57:29.025] 98,0,4
[11:57:29.027] 99,0,5
[11:57:29.030] 100,150,426
[11:57:29.034] 101,478,547
[11:57:29.037] 102,665,182
[11:57:29.039] 103,728,546
[11:57:29.043] 104,0,483
[11:57:29.045] 105,0,94
[11:57:29.048] 106,0,726
[11:57:29.051] 107,0,747
[11:57:29.054] 108,0,734
[11:57:29.056] 109,0,2891
[11:57:29.059] 110,0,2140
[11:57:29.061] 111,1382,0
[11:57:29.064] 112,4095,2286
[11:57:29.074] 113,4095,0
[11:57:29.075] 114,4095,0
[11:57:29.078] 115,4095,2589
[11:57:29.078] 116,4095,1657
[11:57:29.080] 117,4095,932
[11:57:29.084] 118,4095,2312
[11:57:29.086] 119,4095,2660
[11:57:29.091] 120,4095,2449
[11:57:29.092] 121,4095,1441
[11:57:29.094] 122,4095,1606
[11:57:29.099] 123,4095,1850
[11:57:29.100] 124,4095,2233
[11:57:29.101] 125,4095,2019
[11:57:29.105] 126,4095,777
[11:57:29.107] 127,4095,413
[11:57:29.110] 128,4095,2796
[11:57:29.113] 129,4095,3618
[11:57:29.130] 130,4095,2189
[11:57:29.131] 131,4095,1269
[11:57:29.132] 132,4095,563
[11:57:29.136] 133,4095,446
[11:57:29.138] 134,4095,752
[11:57:29.141] 135,3289,542
[11:57:29.146] 136,2959,648
[11:57:29.148] 137,2537,0
[11:57:29.150] 138,2349,0
[11:57:29.153] 139,2255,356
[11:57:29.156] 140,425,0
[11:57:29.158] 141,0,0
[11:57:29.161] 142,0,330
[11:57:29.165] 143,0,1385
[11:57:29.168] 144,0,784
[11:57:29.179] 145,0,0
[11:57:29.179] 146,0,126
[11:57:29.181] 147,109,889
[11:57:29.182] 148,922,1315
[11:57:29.184] 149,1958,2025
[11:57:29.186] 150,2580,2415
[11:57:29.192] 151,0,2989
[11:57:29.195] 152,0,3225
[11:57:29.196] 153,0,3064
[11:57:29.209] 154,0,3555
[11:57:29.209] 155,0,4003
[11:57:29.210] 156,0,3666
[11:57:29.211] 157,0,2763
[11:57:29.213] 158,0,2534
[11:57:29.216] 159,0,2526
[11:57:29.219] 160,0,2664
[11:57:29.223] 161,0,2989
[11:57:29.226] 162,374,2665
[11:57:29.229] 163,2791,2175
[11:57:29.232] 164,4095,1943
[11:57:29.234] 165,4095,1411
[11:57:29.237] 166,4095,981
[11:57:29.240] 167,4095,1057
[11:57:29.243] 168,4095,1681
[11:57:29.245] 169,4095,2118
[11:57:29.249] 170,3564,2646
[11:57:29.251] 171,2121,2985
[11:57:29.254] 172,596,3023
[11:57:29.257] 173,0,2841
[11:57:29.260] 174,0,2365
[11:57:29.262] 175,0,2538
[11:57:29.265] 176,176,2408
[11:57:29.267] 177,549,1930
[11:57:29.271] 178,950,1606
[11:57:29.285] 179,1248,1016
[11:57:29.285] 180,1470,865
[11:57:29.295] 181,1773,996
[11:57:29.295] 182,1805,532
[11:57:29.297] 183,1696,244
[11:57:29.303] 184,1526,413
[11:57:29.304] 185,1419,477
[11:57:29.304] 186,1428,614
[11:57:29.309] 187,1433,917
[11:57:29.311] 188,1561,1485
[11:57:29.314] 189,1690,1961
[11:57:29.317] 190,1805,1999
[11:57:29.319] 191,1852,2066
[11:57:29.323] 192,1396,2319
[11:57:29.325] 193,0,2201
[11:57:29.328] 194,0,1670
[11:57:29.331] 195,0,2390
[11:57:29.334] 196,0,2591
[11:57:29.337] 197,105,1821
[11:57:29.340] 198,53,1081
[11:57:29.342] 199,0,788
[11:57:29.348] [RIM] t=2221713 i=0 note=36 vel=127 raw=127 ch=10 rescues=0 thresh=-1.000 peak=-1.000 mask=-1 decay=-1 decaylen=-1 xfilt=-1.000 xfiltdecay=-1.000
[11:57:29.359] [SysEx TX] F0 00 7D 00 05 03 00 01 7F 7F F7
[11:57:29.363] [SCOPE] input=0 pad_type=0 head_ch=1 rim_ch=0 head_peak=4095 rim_peak=4003 decision=RIM samples=200
[11:57:29.365] T,H,R
[11:57:29.368] 0,0,6
[11:57:29.372] 1,0,1
[11:57:29.374] 2,0,6
[11:57:29.385] 3,0,8
[11:57:29.386] 4,0,2
[11:57:29.390] 5,0,1
[11:57:29.394] 6,0,0
[11:57:29.399] 7,0,0
[11:57:29.400] 8,0,6
[11:57:29.405] 9,0,8
[11:57:29.406] 10,0,1
[11:57:29.406] 11,0,0
[11:57:29.408] 12,0,1
[11:57:29.412] 13,0,6
[11:57:29.415] 14,0,3
[11:57:29.418] 15,2,3
[11:57:29.421] 16,0,3
[11:57:29.424] 17,0,2
[11:57:29.428] 18,0,3
[11:57:29.429] 19,0,8
[11:57:29.432] 20,0,3
[11:57:29.435] 21,0,3
[11:57:29.439] 22,0,4
[11:57:29.440] 23,0,5
[11:57:29.444] 24,150,426
[11:57:29.446] 25,478,547
[11:57:29.449] 26,665,182
[11:57:29.452] 27,728,546
[11:57:29.455] 28,0,483
[11:57:29.457] 29,0,94
[11:57:29.461] 30,0,726
[11:57:29.463] 31,0,747
[11:57:29.469] 32,0,734
[11:57:29.470] 33,0,2891
[11:57:29.471] 34,0,2140
[11:57:29.474] 35,1382,0
[11:57:29.484] 36,4095,2286
[11:57:29.485] 37,4095,0
[11:57:29.485] 38,4095,0
[11:57:29.485] 39,4095,2589
[11:57:29.490] 40,4095,1657
[11:57:29.492] 41,4095,932
[11:57:29.495] 42,4095,2312
[11:57:29.501] 43,4095,2660
[11:57:29.501] 44,4095,2449
[11:57:29.504] 45,4095,1441
[11:57:29.509] 46,4095,1606
[11:57:29.511] 47,4095,1850
[11:57:29.512] 48,4095,2233
[11:57:29.516] 49,4095,2019
[11:57:29.519] 50,4095,777
[11:57:29.521] 51,4095,413
[11:57:29.524] 52,4095,2796
[11:57:29.527] 53,4095,3618
[11:57:29.530] 54,4095,2189
[11:57:29.533] 55,4095,1269
[11:57:29.535] 56,4095,563
[11:57:29.538] 57,4095,446
[11:57:29.541] 58,4095,752
[11:57:29.544] 59,3289,542
[11:57:29.547] 60,2959,648
[11:57:29.550] 61,2537,0
[11:57:29.552] 62,2349,0
[11:57:29.555] 63,2255,356
[11:57:29.558] 64,425,0
[11:57:29.561] 65,0,0
[11:57:29.567] 66,0,330
[11:57:29.567] 67,0,1385
[11:57:29.568] 68,0,784
[11:57:29.571] 69,0,0
[11:57:29.574] 70,0,126
[11:57:29.577] 71,109,889
[11:57:29.586] 72,922,1315
[11:57:29.587] 73,1958,2025
[11:57:29.587] 74,2580,2415
[11:57:29.590] 75,0,2989
[11:57:29.597] 76,0,3225
[11:57:29.608] 77,0,3064
[11:57:29.608] 78,0,3555
[11:57:29.608] 79,0,4003
[11:57:29.609] 80,0,3666
[11:57:29.665] 81,0,2763
[11:57:29.667] 82,0,2534
[11:57:29.671] 83,0,2526
[11:57:29.675] 84,0,2664
[11:57:29.676] 85,0,2989
[11:57:29.678] 86,374,2665
[11:57:29.690] 87,2791,2175
[11:57:29.692] 88,4095,1943
[11:57:29.692] 89,4095,1411
[11:57:29.694] 90,4095,981
[11:57:29.696] 91,4095,1057
[11:57:29.701] 92,4095,1681
[11:57:29.705] 93,4095,2118
[11:57:29.705] 94,3564,2646
[11:57:29.707] 95,2121,2985
[11:57:29.709] 96,596,3023
[11:57:29.714] 97,0,2841
[11:57:29.716] 98,0,2365
[11:57:29.718] 99,0,2538
[11:57:29.725] 100,176,2408
[11:57:29.725] 101,549,1930
[11:57:29.726] 102,950,1606
[11:57:29.729] 103,1248,1016
[11:57:29.732] 104,1470,865
[11:57:29.735] 105,1773,996
[11:57:29.738] 106,1805,532
[11:57:29.741] 107,1696,244
[11:57:29.743] 108,1526,413
[11:57:29.746] 109,1419,477
[11:57:29.749] 110,1428,614
[11:57:29.753] 111,1433,917
[11:57:29.755] 112,1561,1485
[11:57:29.758] 113,1690,1961
[11:57:29.761] 114,1805,1999
[11:57:29.763] 115,1852,2066
[11:57:29.766] 116,1396,2319
[11:57:29.769] 117,0,2201
[11:57:29.772] 118,0,1670
[11:57:29.775] 119,0,2390
[11:57:29.778] 120,0,2591
[11:57:29.781] 121,105,1821
[11:57:29.793] 122,53,1081
[11:57:29.793] 123,0,788
[11:57:29.793] 124,0,884
[11:57:29.794] 125,0,973
[11:57:29.799] 126,0,1106
[11:57:29.804] 127,0,1205
[11:57:29.805] 128,0,1338
[11:57:29.809] 129,369,1188
[11:57:29.812] 130,1902,1370
[11:57:29.813] 131,4095,1677
[11:57:29.815] 132,4095,2034
[11:57:29.819] 133,4095,1958
[11:57:29.821] 134,4095,1755
[11:57:29.824] 135,4095,1886
[11:57:29.827] 136,4095,2029
[11:57:29.830] 137,3635,2208
[11:57:29.840] 138,2510,2194
[11:57:29.840] 139,1328,1848
[11:57:29.840] 140,508,1360
[11:57:29.841] 141,0,948
[11:57:29.845] 142,0,728
[11:57:29.848] 143,0,541
[11:57:29.852] 144,0,570
[11:57:29.855] 145,10,534
[11:57:29.856] 146,141,557
[11:57:29.859] 147,206,522
[11:57:29.862] 148,164,550
[11:57:29.865] 149,105,860
[11:57:29.868] 150,22,1182
[11:57:29.871] 151,0,1561
[11:57:29.874] 152,0,2009
[11:57:29.876] 153,0,2314
[11:57:29.879] 154,0,2477
[11:57:29.885] 155,0,2419
[11:57:29.885] 156,0,2614
[11:57:29.894] 157,0,3256
[11:57:29.894] 158,863,2654
[11:57:29.897] 159,2613,1942
[11:57:29.900] 160,4095,1496
[11:57:29.903] 161,4095,1225
[11:57:29.906] 162,4095,1322
[11:57:29.913] 163,4095,1297
[11:57:29.915] 164,4095,1190
[11:57:29.916] 165,4095,1055
[11:57:29.917] 166,3572,1054
[11:57:29.919] 167,2566,998
[11:57:29.923] 168,1900,1013
[11:57:29.926] 169,1438,1395
[11:57:29.929] 170,1110,1937
[11:57:29.932] 171,848,1992
[11:57:29.935] 172,713,1820
[11:57:29.938] 173,717,1979
[11:57:29.940] 174,501,2217
[11:57:29.942] 175,148,2131
[11:57:29.945] 176,143,1934
[11:57:29.950] 177,574,1773
[11:57:29.951] 178,926,1338
[11:57:29.953] 179,1174,937
[11:57:29.957] 180,1100,661
[11:57:29.960] 181,1082,425
[11:57:29.963] 182,1146,418
[11:57:29.965] 183,1110,400
[11:57:29.968] 184,905,297
[11:57:29.980] 185,669,216
[11:57:29.980] 186,498,243
[11:57:29.981] 187,472,418
[11:57:29.981] 188,607,723
[11:57:29.988] 189,781,925
[11:57:29.998] 190,935,1064
[11:57:29.998] 191,1062,1261
[11:57:29.999] 192,1113,1245
[11:57:30.003] 193,1122,1113
[11:57:30.006] 194,1053,1258
[11:57:30.015] 195,442,1433
[11:57:30.015] 196,0,1378
[11:57:30.016] 197,0,1204
[11:57:30.033] 198,0,1276
[11:57:30.035] 199,0,1437
[11:57:30.042] [HIT] t=2222406 i=0 note=36 vel=127 raw=127 ch=10 rescues=0 thresh=-1.000 peak=-1.000 mask=-1 decay=-1 decaylen=-1 xfilt=-1.000 xfiltdecay=-1.000
[11:57:30.052] [SysEx TX] F0 00 7D 00 05 03 00 00 7F 7F F7
[11:57:30.055] [SCOPE] input=0 pad_type=0 head_ch=1 rim_ch=0 head_peak=4095 rim_peak=635 decision=HEAD samples=200
[11:57:30.058] T,H,R
[11:57:30.061] 0,4095,352
[11:57:30.063] 1,4095,355
[11:57:30.067] 2,4095,371
[11:57:30.069] 3,3107,332
[11:57:30.072] 4,2463,277
[11:57:30.076] 5,1925,213
[11:57:30.077] 6,1526,166
[11:57:30.080] 7,1320,61
[11:57:30.082] 8,1181,0
[11:57:30.086] 9,1214,0
[11:57:30.089] 10,1369,0
[11:57:30.096] 11,1493,0
[11:57:30.106] 12,1557,0
[11:57:30.106] 13,1532,0
[11:57:30.107] 14,1459,0
[11:57:30.110] 15,1353,51
[11:57:30.115] 16,1272,169
[11:57:30.115] 17,1150,283
[11:57:30.120] 18,385,345
[11:57:30.122] 19,0,424
[11:57:30.123] 20,0,521
[11:57:30.125] 21,0,629
[11:57:30.129] 22,0,635
[11:57:30.131] 23,0,551
[11:57:30.135] 24,0,431
[11:57:30.136] 25,122,390
[11:57:30.139] 26,375,374
[11:57:30.142] 27,570,373
[11:57:30.145] 28,682,335
[11:57:30.148] 29,694,307
[11:57:30.152] 30,841,249
[11:57:30.153] 31,1183,214
[11:57:30.156] 32,1630,197
[11:57:30.158] 33,2221,176
[11:57:30.161] 34,2817,176
[11:57:30.164] 35,3312,170
[11:57:30.167] 36,3579,249
[11:57:30.169] 37,3625,335
[11:57:30.172] 38,3478,394
[11:57:30.175] 39,3239,413
[11:57:30.178] 40,2990,422
[11:57:30.181] 41,2771,379
[11:57:30.185] 42,2569,314
[11:57:30.186] 43,2474,277
[11:57:30.189] 44,2481,230
[11:57:30.192] 45,2559,182
[11:57:30.208] 46,2596,117
[11:57:30.209] 47,2587,32
[11:57:30.210] 48,2536,0
[11:57:30.212] 49,2325,0
[11:57:30.217] 50,1989,0
[11:57:30.219] 51,1784,0
[11:57:30.224] 52,1650,0
[11:57:30.225] 53,1562,0
[11:57:30.227] 54,1502,0
[11:57:30.228] 55,1496,40
[11:57:30.237] 56,1566,106
[11:57:30.237] 57,1652,189
[11:57:30.238] 58,1701,242
[11:57:30.242] 59,1701,269
[11:57:30.243] 60,1641,311
[11:57:30.246] 61,962,359
[11:57:30.248] 62,181,358
[11:57:30.252] 63,0,380
[11:57:30.254] 64,0,471
[11:57:30.258] 65,0,447
[11:57:30.260] 66,0,310
[11:57:30.262] 67,0,294
[11:57:30.265] 68,0,294
[11:57:30.268] 69,0,296
[11:57:30.272] 70,173,310
[11:57:30.274] 71,457,321
[11:57:30.277] 72,919,284
[11:57:30.283] 73,1541,261
[11:57:30.283] 74,2274,278
[11:57:30.285] 75,3117,316
[11:57:30.289] 76,4095,354
[11:57:30.291] 77,4095,374
[11:57:30.294] 78,4095,402
[11:57:30.310] 79,4095,425
[11:57:30.310] 80,4095,431
[11:57:30.310] 81,4095,431
[11:57:30.314] 82,3775,424
[11:57:30.319] 83,3084,393
[11:57:30.319] 84,2364,329
[11:57:30.321] 85,1902,306
[11:57:30.329] 86,1610,253
[11:57:30.330] 87,1482,217
[11:57:30.330] 88,1433,174
[11:57:30.333] 89,1426,118
[11:57:30.337] 90,1523,77
[11:57:30.339] 91,1638,95
[11:57:30.342] 92,1704,103
[11:57:30.345] 93,1700,121
[11:57:30.348] 94,1643,158
[11:57:30.352] 95,1560,220
[11:57:30.353] 96,1417,281
[11:57:30.356] 97,1258,350
[11:57:30.359] 98,958,409
[11:57:30.362] 99,592,455
[11:57:30.364] 100,193,485
[11:57:30.367] 101,0,527
[11:57:30.370] 102,0,508
[11:57:30.373] 103,0,465
[11:57:30.376] 104,0,404
[11:57:30.378] 105,95,345
[11:57:30.381] 106,252,308
[11:57:30.383] 107,408,289
[11:57:30.387] 108,457,252
[11:57:30.390] 109,421,232
[11:57:30.392] 110,360,218
[11:57:30.396] 111,315,189
[11:57:30.409] 112,333,198
[11:57:30.409] 113,329,225
[11:57:30.410] 114,328,263
[11:57:30.412] 115,329,281
[11:57:30.414] 116,329,297
[11:57:30.418] 117,391,358
[11:57:30.422] 118,507,390
[11:57:30.423] 119,668,374
[11:57:30.432] 120,947,345
[11:57:30.434] 121,1334,313
[11:57:30.434] 122,1734,265
[11:57:30.435] 123,2081,204
[11:57:30.437] 124,2265,158
[11:57:30.440] 125,2345,117
[11:57:30.442] 126,2380,89
[11:57:30.446] 127,2262,71
[11:57:30.449] 128,1772,52
[11:57:30.452] 129,1300,4
[11:57:30.453] 130,1011,0
[11:57:30.456] 131,819,18
[11:57:30.459] 132,763,20
[11:57:30.462] 133,737,16
[11:57:30.465] 134,755,28
[11:57:30.467] 135,859,87
[11:57:30.470] 136,985,148
[11:57:30.473] 137,1059,169
[11:57:30.476] 138,955,200
[11:57:30.479] 139,393,227
[11:57:30.481] 140,0,247
[11:57:30.484] 141,0,297
[11:57:30.488] 142,0,378
[11:57:30.494] 143,0,361
[11:57:30.494] 144,0,281
[11:57:30.495] 145,0,252
[11:57:30.498] 146,140,217
[11:57:30.509] 147,430,198
[11:57:30.509] 148,643,206
[11:57:30.510] 149,781,231
[11:57:30.511] 150,880,227
[11:57:30.514] 151,940,220
[11:57:30.518] 152,1032,211
[11:57:30.520] 153,1226,223
[11:57:30.532] 154,1529,233
[11:57:30.532] 155,1915,249
[11:57:30.532] 156,2340,228
[11:57:30.537] 157,2715,209
[11:57:30.547] 158,3051,211
[11:57:30.547] 159,3234,225
[11:57:30.547] 160,3300,231
[11:57:30.547] 161,3239,202
[11:57:30.552] 162,3113,187
[11:57:30.554] 163,2960,154
[11:57:30.557] 164,2752,123
[11:57:30.560] 165,2472,111
[11:57:30.562] 166,2024,108
[11:57:30.564] 167,1822,100
[11:57:30.575] 168,1668,56
[11:57:30.575] 169,1578,29
[11:57:30.579] 170,1534,2
[11:57:30.581] 171,1516,0
[11:57:30.582] 172,1550,0
[11:57:30.584] 173,1617,7
[11:57:30.588] 174,1632,9
[11:57:30.590] 175,1609,44
[11:57:30.593] 176,1553,51
[11:57:30.596] 177,1468,46
[11:57:30.599] 178,1402,90
[11:57:30.601] 179,1318,138
[11:57:30.612] 180,1206,162
[11:57:30.612] 181,1040,162
[11:57:30.613] 182,772,176
[11:57:30.617] 183,479,180
[11:57:30.620] 184,252,172
[11:57:30.622] 185,68,152
[11:57:30.625] 186,0,133
[11:57:30.633] 187,0,101
[11:57:30.637] 188,0,73
[11:57:30.638] 189,0,60
[11:57:30.639] 190,0,59
[11:57:30.641] 191,0,70
[11:57:30.644] 192,0,97
[11:57:30.646] 193,0,117
[11:57:30.649] 194,0,111
[11:57:30.653] 195,0,127
[11:57:30.656] 196,249,153
[11:57:30.657] 197,683,137
[11:57:30.662] 198,1225,107
[11:57:30.663] 199,1819,102
[11:57:30.669] [HIT] t=2223034 i=0 note=36 vel=127 raw=127 ch=10 rescues=0 thresh=-1.000 peak=-1.000 mask=-1 decay=-1 decaylen=-1 xfilt=-1.000 xfiltdecay=-1.000
[11:57:30.681] [SysEx TX] F0 00 7D 00 05 03 00 00 7F 7F F7
[11:57:30.683] [SCOPE] input=0 pad_type=0 head_ch=1 rim_ch=0 head_peak=1173 rim_peak=60 decision=HEAD samples=200
[11:57:30.686] T,H,R
[11:57:30.689] 0,0,58
[11:57:30.692] 1,7,44
[11:57:30.695] 2,73,57
[11:57:30.698] 3,164,54
[11:57:30.701] 4,277,53
[11:57:30.703] 5,387,47
[11:57:30.719] 6,506,48
[11:57:30.720] 7,626,42
[11:57:30.721] 8,737,40
[11:57:30.724] 9,843,42
[11:57:30.728] 10,934,34
[11:57:30.731] 11,1001,33
[11:57:30.735] 12,1046,30
[11:57:30.737] 13,1055,20
[11:57:30.740] 14,1048,19
[11:57:30.745] 15,1035,10
[11:57:30.751] 16,1011,17
[11:57:30.752] 17,985,4
[11:57:30.752] 18,965,2
[11:57:30.752] 19,930,8
[11:57:30.758] 20,870,0
[11:57:30.759] 21,809,4
[11:57:30.763] 22,724,8
[11:57:30.765] 23,633,2
[11:57:30.768] 24,502,19
[11:57:30.772] 25,333,26
[11:57:30.773] 26,154,26
[11:57:30.777] 27,0,40
[11:57:30.779] 28,0,43
[11:57:30.784] 29,0,52
[11:57:30.785] 30,0,48
[11:57:30.788] 31,0,53
[11:57:30.791] 32,0,60
[11:57:30.793] 33,0,55
[11:57:30.796] 34,0,47
[11:57:30.801] 35,0,47
[11:57:30.802] 36,0,53
[11:57:30.805] 37,20,47
[11:57:30.819] 38,93,45
[11:57:30.819] 39,197,41
[11:57:30.820] 40,310,48
[11:57:30.821] 41,453,42
[11:57:30.825] 42,597,37
[11:57:30.830] 43,738,36
[11:57:30.831] 44,884,41
[11:57:30.832] 45,1005,39
[11:57:30.840] 46,1086,40
[11:57:30.840] 47,1147,36
[11:57:30.843] 48,1173,33
[11:57:30.844] 49,1159,27
[11:57:30.846] 50,1129,26
[11:57:30.850] 51,1084,24
[11:57:30.852] 52,1061,19
[11:57:30.855] 53,1023,10
[11:57:30.858] 54,992,7
[11:57:30.861] 55,973,0
[11:57:30.864] 56,941,0
[11:57:30.867] 57,927,0
[11:57:30.869] 58,894,0
[11:57:30.872] 59,863,0
[11:57:30.875] 60,820,0
[11:57:30.878] 61,780,0
[11:57:30.881] 62,719,0
[11:57:30.884] 63,630,0
[11:57:30.887] 64,538,2
[11:57:30.889] 65,420,14
[11:57:30.892] 66,298,17
[11:57:30.895] 67,181,15
[11:57:30.898] 68,82,17
[11:57:30.901] 69,7,23
[11:57:30.903] 70,0,20
[11:57:30.907] 71,0,13
[11:57:30.910] 72,0,17
[11:57:30.923] 73,0,13
[11:57:30.923] 74,0,10
[11:57:30.923] 75,0,10
[11:57:30.927] 76,0,7
[11:57:30.928] 77,0,7
[11:57:30.933] 78,0,10
[11:57:30.933] 79,0,10
[11:57:30.936] 80,0,10
[11:57:30.944] 81,38,2
[11:57:30.944] 82,142,2
[11:57:30.944] 83,269,0
[11:57:30.946] 84,399,1
[11:57:30.951] 85,537,0
[11:57:30.954] 86,665,7
[11:57:30.955] 87,788,0
[11:57:30.957] 88,876,0
[11:57:30.960] 89,939,0
[11:57:30.963] 90,998,0
[11:57:30.966] 91,1029,0
[11:57:30.969] 92,1040,0
[11:57:30.972] 93,1022,0
[11:57:30.977] 94,1014,0
[11:57:30.978] 95,993,0
[11:57:30.980] 96,967,0
[11:57:30.983] 97,949,0
[11:57:30.986] 98,919,0
[11:57:30.989] 99,855,0
[11:57:30.992] 100,790,0
[11:57:30.995] 101,684,0
[11:57:30.998] 102,553,0
[11:57:31.001] 103,397,0
[11:57:31.006] 104,240,0
[11:57:31.006] 105,106,0
[11:57:31.008] 106,0,2
[11:57:31.011] 107,0,5
[11:57:31.020] 108,0,10
[11:57:31.020] 109,0,8
[11:57:31.021] 110,0,8
[11:57:31.023] 111,0,3
[11:57:31.027] 112,0,3
[11:57:31.030] 113,0,1
[11:57:31.036] 114,0,4
[11:57:31.037] 115,0,8
[11:57:31.038] 116,38,7
[11:57:31.040] 117,85,4
[11:57:31.046] 118,135,3
[11:57:31.047] 119,182,3
[11:57:31.049] 120,240,7
[11:57:31.051] 121,295,5
[11:57:31.056] 122,344,3
[11:57:31.057] 123,397,7
[11:57:31.061] 124,453,9
[11:57:31.063] 125,486,5
[11:57:31.066] 126,531,2
[11:57:31.069] 127,566,2
[11:57:31.072] 128,613,0
[11:57:31.075] 129,658,0
[11:57:31.078] 130,713,0
[11:57:31.081] 131,754,0
[11:57:31.087] 132,784,0
[11:57:31.087] 133,808,0
[11:57:31.088] 134,821,0
[11:57:31.090] 135,804,0
[11:57:31.093] 136,797,0
[11:57:31.096] 137,764,0
[11:57:31.099] 138,737,0
[11:57:31.102] 139,694,0
[11:57:31.104] 140,660,0
[11:57:31.108] 141,606,0
[11:57:31.111] 142,540,0
[11:57:31.113] 143,473,0
[11:57:31.122] 144,381,0
[11:57:31.122] 145,280,0
[11:57:31.123] 146,155,0
[11:57:31.126] 147,46,0
[11:57:31.129] 148,0,2
[11:57:31.131] 149,0,3
[11:57:31.138] 150,0,3
[11:57:31.138] 151,0,5
[11:57:31.139] 152,0,1
[11:57:31.147] 153,0,3
[11:57:31.147] 154,0,6
[11:57:31.148] 155,0,5
[11:57:31.150] 156,0,2
[11:57:31.154] 157,0,7
[11:57:31.156] 158,1,7
[11:57:31.160] 159,53,17
[11:57:31.162] 160,129,11
[11:57:31.166] 161,211,20
[11:57:31.169] 162,288,15
[11:57:31.171] 163,379,22
[11:57:31.174] 164,472,11
[11:57:31.177] 165,568,10
[11:57:31.180] 166,664,11
[11:57:31.182] 167,758,10
[11:57:31.185] 168,828,8
[11:57:31.191] 169,888,0
[11:57:31.191] 170,929,0
[11:57:31.194] 171,937,0
[11:57:31.196] 172,948,6
[11:57:31.199] 173,925,0
[11:57:31.202] 174,890,0
[11:57:31.205] 175,852,0
[11:57:31.208] 176,801,0
[11:57:31.217] 177,730,0
[11:57:31.217] 178,649,1
[11:57:31.218] 179,568,4
[11:57:31.219] 180,494,2
[11:57:31.231] 181,419,5
[11:57:31.233] 182,329,11
[11:57:31.237] 183,257,20
[11:57:31.241] 184,181,18
[11:57:31.242] 185,118,20
[11:57:31.248] 186,62,25
[11:57:31.249] 187,15,20
[11:57:31.249] 188,0,26
[11:57:31.252] 189,0,26
[11:57:31.255] 190,0,24
[11:57:31.262] 191,0,31
[11:57:31.262] 192,0,37
[11:57:31.263] 193,0,37
[11:57:31.265] 194,0,35
[11:57:31.271] 195,0,36
[11:57:31.271] 196,0,36
[11:57:31.274] 197,0,36
[11:57:31.277] 198,0,39
[11:57:31.280] 199,0,41
[11:57:40.187] [SCOPE] Disabled
=== Session ended 2026-07-06T11:57:44.513063 ===
