
=== Session started 2026-07-11T12:19:47.981375 (192.168.1.168:23) ===
[12:19:47.985] [dev] eDrum telnet console
[12:19:49.318] [Config]
[12:19:49.320]   [0] en=1 type=2 note=38 ch=10 z2note=40 z2ch=10 thresh=20 sens=3250 scan=3 mask=57 ratio=40 chokethresh=50 choke=1 curve=0 retrig=30 seeds=-1 builds=-1
[12:19:49.323]   [1] en=0 type=1 note=38 ch=10 z2note=40 z2ch=10 thresh=20 sens=800 scan=3 mask=80 ratio=40 chokethresh=50 choke=1 curve=4 retrig=50 seeds=-1 builds=-1
[12:19:49.326]   [2] en=0 type=1 note=42 ch=10 z2note=46 z2ch=10 thresh=20 sens=800 scan=3 mask=80 ratio=40 chokethresh=50 choke=1 curve=4 retrig=50 seeds=-1 builds=-1
[12:19:49.340]   [3] en=1 type=2 note=36 ch=10 z2note=53 z2ch=10 thresh=149 sens=152 scan=3 mask=80 ratio=40 chokethresh=50 choke=1 curve=0 retrig=0 seeds=-1 builds=-1
[12:19:49.340]   [4] en=1 type=1 note=44 ch=10 z2note=44 z2ch=10 thresh=20 sens=800 scan=3 mask=80 ratio=40 chokethresh=50 choke=1 curve=4 retrig=50 seeds=-1 builds=-1
[12:19:51.847] [eDrum] Build 0 — p=ping  i=identify  s=config  n=test note  r=reboot
[12:19:51.847]   a=toggle ADC dump  d=toggle hit debug print  m=toggle diag mode (detection+MIDI off)
[12:19:51.848]   o <input> <floor> = scope input (e.g. o 0 10)   o off = disable scope
[12:19:51.848]   w <input> <param> <value> = set param (e.g. w 0 scan 3)
[12:19:51.853]   params: thresh sens scan mask retrig type ratio chokethresh choke enable
[12:20:14.737] [w] input=0 scan=1 OK
[12:20:14.773] [SysEx TX] F0 00 7D 00 05 01 01 06 00 F7
[12:20:18.570] [Config]
[12:20:18.572]   [0] en=1 type=2 note=38 ch=10 z2note=40 z2ch=10 thresh=20 sens=3250 scan=1 mask=57 ratio=40 chokethresh=50 choke=1 curve=0 retrig=30 seeds=-1 builds=-1
[12:20:18.575]   [1] en=0 type=1 note=38 ch=10 z2note=40 z2ch=10 thresh=20 sens=800 scan=3 mask=80 ratio=40 chokethresh=50 choke=1 curve=4 retrig=50 seeds=-1 builds=-1
[12:20:18.579]   [2] en=0 type=1 note=42 ch=10 z2note=46 z2ch=10 thresh=20 sens=800 scan=3 mask=80 ratio=40 chokethresh=50 choke=1 curve=4 retrig=50 seeds=-1 builds=-1
[12:20:18.581]   [3] en=1 type=2 note=36 ch=10 z2note=53 z2ch=10 thresh=149 sens=152 scan=3 mask=80 ratio=40 chokethresh=50 choke=1 curve=0 retrig=0 seeds=-1 builds=-1
[12:20:18.583]   [4] en=1 type=1 note=44 ch=10 z2note=44 z2ch=10 thresh=20 sens=800 scan=3 mask=80 ratio=40 chokethresh=50 choke=1 curve=4 retrig=50 seeds=-1 builds=-1
[12:20:36.476] [SysEx TX] F0 00 7D 00 05 03 00 00 01 01 F7
[12:20:42.251] [SysEx TX] F0 00 7D 00 05 03 00 00 01 01 F7
[12:20:47.843] [SysEx TX] F0 00 7D 00 05 03 00 00 01 01 F7
[12:20:52.856] [w] input=0 mask=8 OK
[12:20:52.952] [SysEx TX] F0 00 7D 00 05 01 01 06 00 F7
[12:20:57.446] [SysEx TX] F0 00 7D 00 05 03 00 00 3D 3D F7
[12:20:57.476] [SysEx TX] F0 00 7D 00 05 03 00 00 17 17 F7
[12:20:57.562] [SysEx TX] F0 00 7D 00 05 03 00 00 01 01 F7
[12:20:57.576] [SysEx TX] F0 00 7D 00 05 03 00 00 01 01 F7
[12:20:58.108] [SysEx TX] F0 00 7D 00 05 03 00 00 7F 7F F7
[12:20:58.128] [SysEx TX] F0 00 7D 00 05 03 00 00 4A 4A F7
[12:20:58.135] [SysEx TX] F0 00 7D 00 05 03 00 00 24 24 F7
[12:20:58.149] [SysEx TX] F0 00 7D 00 05 03 00 00 19 19 F7
[12:20:58.161] [SysEx TX] F0 00 7D 00 05 03 00 00 10 10 F7
[12:20:58.173] [SysEx TX] F0 00 7D 00 05 03 00 00 0A 0A F7
[12:20:58.221] [SysEx TX] F0 00 7D 00 05 03 00 00 01 01 F7
[12:20:58.614] [SysEx TX] F0 00 7D 00 05 03 00 00 7F 7F F7
[12:20:58.624] [SysEx TX] F0 00 7D 00 05 03 00 00 43 43 F7
[12:20:58.636] [SysEx TX] F0 00 7D 00 05 03 00 00 21 21 F7
[12:20:58.649] [SysEx TX] F0 00 7D 00 05 03 00 00 07 07 F7
[12:20:58.681] [SysEx TX] F0 00 7D 00 05 03 00 00 02 02 F7
[12:20:58.697] [SysEx TX] F0 00 7D 00 05 03 00 00 01 01 F7
[12:20:59.039] [SysEx TX] F0 00 7D 00 05 03 00 00 0B 0B F7
[12:20:59.053] [SysEx TX] F0 00 7D 00 05 03 00 00 4C 4C F7
[12:20:59.075] [SysEx TX] F0 00 7D 00 05 03 00 00 11 11 F7
[12:20:59.092] [SysEx TX] F0 00 7D 00 05 03 00 00 0E 0E F7
[12:20:59.111] [SysEx TX] F0 00 7D 00 05 03 00 00 03 03 F7
[12:20:59.120] [SysEx TX] F0 00 7D 00 05 03 00 00 04 04 F7
[12:21:00.014] [SysEx TX] F0 00 7D 00 05 03 00 00 17 17 F7
[12:21:00.028] [SysEx TX] F0 00 7D 00 05 03 00 00 7F 7F F7
[12:21:00.044] [SysEx TX] F0 00 7D 00 05 03 00 00 7F 7F F7
[12:21:00.054] [SysEx TX] F0 00 7D 00 05 03 00 00 2D 2D F7
[12:21:00.073] [SysEx TX] F0 00 7D 00 05 03 00 00 0D 0D F7
[12:21:00.083] [SysEx TX] F0 00 7D 00 05 03 00 00 0E 0E F7
[12:21:00.095] [SysEx TX] F0 00 7D 00 05 03 00 00 05 05 F7
[12:21:00.107] [SysEx TX] F0 00 7D 00 05 03 00 00 01 01 F7
[12:21:00.935] [SysEx TX] F0 00 7D 00 05 03 00 00 7F 7F F7
[12:21:00.950] [SysEx TX] F0 00 7D 00 05 03 00 00 7B 7B F7
[12:21:00.965] [SysEx TX] F0 00 7D 00 05 03 00 00 7F 7F F7
[12:21:00.973] [SysEx TX] F0 00 7D 00 05 03 00 00 20 20 F7
[12:21:00.981] [SysEx TX] F0 00 7D 00 05 03 00 00 2B 2B F7
[12:21:00.993] [SysEx TX] F0 00 7D 00 05 03 00 00 0F 0F F7
[12:21:01.004] [SysEx TX] F0 00 7D 00 05 03 00 00 0E 0E F7
[12:21:01.017] [SysEx TX] F0 00 7D 00 05 03 00 00 08 08 F7
[12:21:01.831] [SysEx TX] F0 00 7D 00 05 03 00 00 01 01 F7
[12:21:01.842] [SysEx TX] F0 00 7D 00 05 03 00 00 68 68 F7
[12:21:01.857] [SysEx TX] F0 00 7D 00 05 03 00 00 59 59 F7
[12:21:01.876] [SysEx TX] F0 00 7D 00 05 03 00 00 2A 2A F7
[12:21:01.887] [SysEx TX] F0 00 7D 00 05 03 00 00 14 14 F7
[12:21:01.898] [SysEx TX] F0 00 7D 00 05 03 00 00 07 07 F7
[12:21:01.910] [SysEx TX] F0 00 7D 00 05 03 00 00 05 05 F7
[12:21:01.925] [SysEx TX] F0 00 7D 00 05 03 00 00 02 02 F7
[12:21:02.333] [SysEx TX] F0 00 7D 00 05 03 00 00 7F 7F F7
[12:21:02.345] [SysEx TX] F0 00 7D 00 05 03 00 00 74 74 F7
[12:21:02.358] [SysEx TX] F0 00 7D 00 05 03 00 00 36 36 F7
[12:21:02.370] [SysEx TX] F0 00 7D 00 05 03 00 00 11 11 F7
[12:21:02.401] [SysEx TX] F0 00 7D 00 05 03 00 00 15 15 F7
[12:21:02.414] [SysEx TX] F0 00 7D 00 05 03 00 00 07 07 F7
[12:21:03.292] [SysEx TX] F0 00 7D 00 05 03 00 00 03 03 F7
[12:21:03.310] [SysEx TX] F0 00 7D 00 05 03 00 00 7E 7E F7
[12:21:03.322] [SysEx TX] F0 00 7D 00 05 03 00 00 39 39 F7
[12:21:03.334] [SysEx TX] F0 00 7D 00 05 03 00 00 27 27 F7
[12:21:03.345] [SysEx TX] F0 00 7D 00 05 03 00 00 14 14 F7
[12:21:03.357] [SysEx TX] F0 00 7D 00 05 03 00 00 0D 0D F7
[12:21:03.369] [SysEx TX] F0 00 7D 00 05 03 00 00 0B 0B F7
[12:21:03.434] [SysEx TX] F0 00 7D 00 05 03 00 00 03 03 F7
[12:21:03.442] [SysEx TX] F0 00 7D 00 05 03 00 00 01 01 F7
[12:21:03.452] [SysEx TX] F0 00 7D 00 05 03 00 00 01 01 F7
[12:21:04.690] [SysEx TX] F0 00 7D 00 05 03 00 00 7F 7F F7
[12:21:04.703] [SysEx TX] F0 00 7D 00 05 03 00 00 7F 7F F7
[12:21:04.714] [SysEx TX] F0 00 7D 00 05 03 00 00 2F 2F F7
[12:21:04.726] [SysEx TX] F0 00 7D 00 05 03 00 00 18 18 F7
[12:21:04.763] [SysEx TX] F0 00 7D 00 05 03 00 00 0C 0C F7
[12:21:04.770] [SysEx TX] F0 00 7D 00 05 03 00 00 0A 0A F7
[12:21:04.781] [SysEx TX] F0 00 7D 00 05 03 00 00 02 02 F7
[12:21:05.627] [SysEx TX] F0 00 7D 00 05 03 00 00 7F 7F F7
[12:21:05.637] [SysEx TX] F0 00 7D 00 05 03 00 00 7F 7F F7
[12:21:05.667] [SysEx TX] F0 00 7D 00 05 03 00 00 42 42 F7
[12:21:05.680] [SysEx TX] F0 00 7D 00 05 03 00 00 20 20 F7
[12:21:05.692] [SysEx TX] F0 00 7D 00 05 03 00 00 11 11 F7
[12:21:05.706] [SysEx TX] F0 00 7D 00 05 03 00 00 0A 0A F7
[12:21:05.713] [SysEx TX] F0 00 7D 00 05 03 00 00 02 02 F7
[12:21:05.727] [SysEx TX] F0 00 7D 00 05 03 00 00 01 01 F7
[12:21:06.515] [SysEx TX] F0 00 7D 00 05 03 00 00 7F 7F F7
[12:21:06.528] [SysEx TX] F0 00 7D 00 05 03 00 00 48 48 F7
[12:21:06.540] [SysEx TX] F0 00 7D 00 05 03 00 00 15 15 F7
[12:21:06.550] [SysEx TX] F0 00 7D 00 05 03 00 00 0A 0A F7
[12:21:06.567] [SysEx TX] F0 00 7D 00 05 03 00 00 02 02 F7
[12:21:06.587] [SysEx TX] F0 00 7D 00 05 03 00 00 05 05 F7
[12:21:06.599] [SysEx TX] F0 00 7D 00 05 03 00 00 02 02 F7
[12:21:06.914] [SysEx TX] F0 00 7D 00 05 03 00 00 7F 7F F7
[12:21:06.923] [SysEx TX] F0 00 7D 00 05 03 00 00 7F 7F F7
[12:21:06.935] [SysEx TX] F0 00 7D 00 05 03 00 00 4E 4E F7
[12:21:06.949] [SysEx TX] F0 00 7D 00 05 03 00 00 28 28 F7
[12:21:06.960] [SysEx TX] F0 00 7D 00 05 03 00 00 16 16 F7
[12:21:06.977] [SysEx TX] F0 00 7D 00 05 03 00 00 08 08 F7
[12:21:06.997] [SysEx TX] F0 00 7D 00 05 03 00 00 02 02 F7
[12:21:09.564] [SysEx TX] F0 00 7D 00 05 03 00 00 6A 6A F7
[12:21:09.575] [SysEx TX] F0 00 7D 00 05 03 00 00 5F 5F F7
[12:21:09.588] [SysEx TX] F0 00 7D 00 05 03 00 00 38 38 F7
[12:21:09.599] [SysEx TX] F0 00 7D 00 05 03 00 00 0B 0B F7
[12:21:09.611] [SysEx TX] F0 00 7D 00 05 03 00 00 12 12 F7
[12:21:09.622] [SysEx TX] F0 00 7D 00 05 03 00 00 08 08 F7
[12:21:09.639] [SysEx TX] F0 00 7D 00 05 03 00 00 03 03 F7
[12:21:09.653] [SysEx TX] F0 00 7D 00 05 03 00 00 01 01 F7
[12:21:09.667] [SysEx TX] F0 00 7D 00 05 03 00 00 01 01 F7
[12:21:09.997] [SysEx TX] F0 00 7D 00 05 03 00 00 7F 7F F7
[12:21:10.011] [SysEx TX] F0 00 7D 00 05 03 00 00 60 60 F7
[12:21:10.022] [SysEx TX] F0 00 7D 00 05 03 00 00 29 29 F7
[12:21:10.038] [SysEx TX] F0 00 7D 00 05 03 00 00 16 16 F7
[12:21:10.051] [SysEx TX] F0 00 7D 00 05 03 00 00 0D 0D F7
[12:21:10.083] [SysEx TX] F0 00 7D 00 05 03 00 00 08 08 F7
[12:21:10.092] [SysEx TX] F0 00 7D 00 05 03 00 00 04 04 F7
[12:21:13.308] [SysEx TX] F0 00 7D 00 05 03 00 00 56 56 F7
[12:21:13.325] [SysEx TX] F0 00 7D 00 05 03 00 00 5D 5D F7
[12:21:13.338] [SysEx TX] F0 00 7D 00 05 03 00 00 27 27 F7
[12:21:13.351] [SysEx TX] F0 00 7D 00 05 03 00 00 1B 1B F7
[12:21:13.367] [SysEx TX] F0 00 7D 00 05 03 00 00 0C 0C F7
[12:21:13.380] [SysEx TX] F0 00 7D 00 05 03 00 00 04 04 F7
[12:21:13.401] [SysEx TX] F0 00 7D 00 05 03 00 00 01 01 F7
[12:21:13.413] [SysEx TX] F0 00 7D 00 05 03 00 00 01 01 F7
[12:21:13.447] [SysEx TX] F0 00 7D 00 05 03 00 00 01 01 F7
[12:21:13.647] [SysEx TX] F0 00 7D 00 05 03 00 00 7F 7F F7
[12:21:14.600] [SysEx TX] F0 00 7D 00 05 03 00 00 26 26 F7
[12:21:14.600] [SysEx TX] F0 00 7D 00 05 03 00 00 17 17 F7
[12:21:14.600] [SysEx TX] F0 00 7D 00 05 03 00 00 09 09 F7
[12:21:14.601] [SysEx TX] F0 00 7D 00 05 03 00 00 07 07 F7
[12:21:14.601] [SysEx TX] F0 00 7D 00 05 03 00 00 03 03 F7
[12:21:49.081] [w] input=0 scan=0 OK
[12:21:49.097] [SysEx TX] F0 00 7D 00 05 01 01 06 00 F7
[12:21:51.360] [w] input=0 mask=8 OK
[12:21:51.378] [SysEx TX] F0 00 7D 00 05 01 01 06 00 F7
[12:21:53.829] [SysEx TX] F0 00 7D 00 05 03 00 00 06 06 F7
[12:21:53.844] [SysEx TX] F0 00 7D 00 05 03 00 00 51 51 F7
[12:21:53.853] [SysEx TX] F0 00 7D 00 05 03 00 00 34 34 F7
[12:21:53.865] [SysEx TX] F0 00 7D 00 05 03 00 00 19 19 F7
[12:21:53.877] [SysEx TX] F0 00 7D 00 05 03 00 00 0F 0F F7
[12:21:53.907] [SysEx TX] F0 00 7D 00 05 03 00 00 0B 0B F7
[12:21:53.914] [SysEx TX] F0 00 7D 00 05 03 00 00 08 08 F7
[12:21:53.939] [SysEx TX] F0 00 7D 00 05 03 00 00 01 01 F7
[12:21:53.951] [SysEx TX] F0 00 7D 00 05 03 00 00 01 01 F7
[12:21:53.961] [SysEx TX] F0 00 7D 00 05 03 00 00 01 01 F7
[12:21:54.283] [SysEx TX] F0 00 7D 00 05 03 00 00 01 01 F7
[12:21:54.287] [SysEx TX] F0 00 7D 00 05 03 00 00 7F 7F F7
[12:21:54.313] [SysEx TX] F0 00 7D 00 05 03 00 00 3A 3A F7
[12:21:54.324] [SysEx TX] F0 00 7D 00 05 03 00 00 09 09 F7
[12:21:54.331] [SysEx TX] F0 00 7D 00 05 03 00 00 01 01 F7
[12:21:54.344] [SysEx TX] F0 00 7D 00 05 03 00 00 03 03 F7
[12:21:54.422] [SysEx TX] F0 00 7D 00 05 03 00 00 02 02 F7
[12:21:54.433] [SysEx TX] F0 00 7D 00 05 03 00 00 7F 7F F7
[12:21:54.444] [SysEx TX] F0 00 7D 00 05 03 00 00 36 36 F7
[12:21:54.455] [SysEx TX] F0 00 7D 00 05 03 00 00 23 23 F7
[12:21:54.466] [SysEx TX] F0 00 7D 00 05 03 00 00 13 13 F7
[12:21:54.477] [SysEx TX] F0 00 7D 00 05 03 00 00 09 09 F7
[12:21:54.490] [SysEx TX] F0 00 7D 00 05 03 00 00 07 07 F7
[12:21:54.510] [SysEx TX] F0 00 7D 00 05 03 00 00 03 03 F7
[12:21:54.531] [SysEx TX] F0 00 7D 00 05 03 00 00 01 01 F7
[12:21:54.585] [SysEx TX] F0 00 7D 00 05 03 00 00 3C 3C F7
[12:21:54.593] [SysEx TX] F0 00 7D 00 05 03 00 00 7F 7F F7
[12:21:54.631] [SysEx TX] F0 00 7D 00 05 03 00 00 06 06 F7
[12:21:54.639] [SysEx TX] F0 00 7D 00 05 03 00 00 03 03 F7
[12:21:54.817] [SysEx TX] F0 00 7D 00 05 03 00 00 55 55 F7
[12:21:54.827] [SysEx TX] F0 00 7D 00 05 03 00 00 7F 7F F7
[12:21:54.838] [SysEx TX] F0 00 7D 00 05 03 00 00 6C 6C F7
[12:21:54.849] [SysEx TX] F0 00 7D 00 05 03 00 00 27 27 F7
[12:21:54.861] [SysEx TX] F0 00 7D 00 05 03 00 00 16 16 F7
[12:21:54.871] [SysEx TX] F0 00 7D 00 05 03 00 00 04 04 F7
[12:21:54.882] [SysEx TX] F0 00 7D 00 05 03 00 00 01 01 F7
[12:21:55.792] [SysEx TX] F0 00 7D 00 05 03 00 00 02 02 F7
[12:21:55.803] [SysEx TX] F0 00 7D 00 05 03 00 00 5E 5E F7
[12:21:55.814] [SysEx TX] F0 00 7D 00 05 03 00 00 60 60 F7
[12:21:55.826] [SysEx TX] F0 00 7D 00 05 03 00 00 11 11 F7
[12:21:55.852] [SysEx TX] F0 00 7D 00 05 03 00 00 0F 0F F7
[12:21:55.859] [SysEx TX] F0 00 7D 00 05 03 00 00 06 06 F7
[12:21:55.871] [SysEx TX] F0 00 7D 00 05 03 00 00 01 01 F7
[12:21:55.880] [SysEx TX] F0 00 7D 00 05 03 00 00 01 01 F7
[12:21:57.073] [SysEx TX] F0 00 7D 00 05 03 00 00 02 02 F7
[12:21:57.096] [SysEx TX] F0 00 7D 00 05 03 00 00 7F 7F F7
[12:21:57.120] [SysEx TX] F0 00 7D 00 05 03 00 00 5A 5A F7
[12:21:57.129] [SysEx TX] F0 00 7D 00 05 03 00 00 34 34 F7
[12:21:57.138] [SysEx TX] F0 00 7D 00 05 03 00 00 14 14 F7
[12:21:57.154] [SysEx TX] F0 00 7D 00 05 03 00 00 07 07 F7
[12:21:57.180] [SysEx TX] F0 00 7D 00 05 03 00 00 05 05 F7
[12:21:57.196] [SysEx TX] F0 00 7D 00 05 03 00 00 02 02 F7
[12:21:57.531] [SysEx TX] F0 00 7D 00 05 03 00 00 03 03 F7
[12:21:57.542] [SysEx TX] F0 00 7D 00 05 03 00 00 61 61 F7
[12:21:57.555] [SysEx TX] F0 00 7D 00 05 03 00 00 64 64 F7
[12:21:57.577] [SysEx TX] F0 00 7D 00 05 03 00 00 13 13 F7
[12:21:57.598] [SysEx TX] F0 00 7D 00 05 03 00 00 0B 0B F7
[12:21:57.606] [SysEx TX] F0 00 7D 00 05 03 00 00 06 06 F7
[12:21:57.617] [SysEx TX] F0 00 7D 00 05 03 00 00 01 01 F7
[12:21:58.384] [SysEx TX] F0 00 7D 00 05 03 00 00 67 67 F7
[12:21:58.406] [SysEx TX] F0 00 7D 00 05 03 00 00 7F 7F F7
[12:21:58.418] [SysEx TX] F0 00 7D 00 05 03 00 00 7F 7F F7
[12:21:58.427] [SysEx TX] F0 00 7D 00 05 03 00 00 18 18 F7
[12:21:58.441] [SysEx TX] F0 00 7D 00 05 03 00 00 14 14 F7
[12:21:58.449] [SysEx TX] F0 00 7D 00 05 03 00 00 06 06 F7
[12:21:58.459] [SysEx TX] F0 00 7D 00 05 03 00 00 06 06 F7
[12:21:59.325] [SysEx TX] F0 00 7D 00 05 03 00 00 01 01 F7
[12:21:59.337] [SysEx TX] F0 00 7D 00 05 03 00 00 51 51 F7
[12:21:59.349] [SysEx TX] F0 00 7D 00 05 03 00 00 63 63 F7
[12:21:59.361] [SysEx TX] F0 00 7D 00 05 03 00 00 22 22 F7
[12:21:59.372] [SysEx TX] F0 00 7D 00 05 03 00 00 1D 1D F7
[12:21:59.384] [SysEx TX] F0 00 7D 00 05 03 00 00 0D 0D F7
[12:21:59.395] [SysEx TX] F0 00 7D 00 05 03 00 00 09 09 F7
[12:21:59.409] [SysEx TX] F0 00 7D 00 05 03 00 00 07 07 F7
[12:21:59.425] [SysEx TX] F0 00 7D 00 05 03 00 00 02 02 F7
[12:21:59.437] [SysEx TX] F0 00 7D 00 05 03 00 00 01 01 F7
[12:22:00.650] [SysEx TX] F0 00 7D 00 05 03 00 00 02 02 F7
[12:22:00.666] [SysEx TX] F0 00 7D 00 05 03 00 00 5D 5D F7
[12:22:00.673] [SysEx TX] F0 00 7D 00 05 03 00 00 7F 7F F7
[12:22:00.684] [SysEx TX] F0 00 7D 00 05 03 00 00 21 21 F7
[12:22:00.694] [SysEx TX] F0 00 7D 00 05 03 00 00 1A 1A F7
[12:22:00.705] [SysEx TX] F0 00 7D 00 05 03 00 00 0A 0A F7
[12:22:00.716] [SysEx TX] F0 00 7D 00 05 03 00 00 06 06 F7
[12:22:00.728] [SysEx TX] F0 00 7D 00 05 03 00 00 02 02 F7
[12:22:00.738] [SysEx TX] F0 00 7D 00 05 03 00 00 01 01 F7
[12:22:01.932] [SysEx TX] F0 00 7D 00 05 03 00 00 01 01 F7
[12:22:01.941] [SysEx TX] F0 00 7D 00 05 03 00 00 7F 7F F7
[12:22:01.953] [SysEx TX] F0 00 7D 00 05 03 00 00 40 40 F7
[12:22:01.967] [SysEx TX] F0 00 7D 00 05 03 00 00 42 42 F7
[12:22:01.985] [SysEx TX] F0 00 7D 00 05 03 00 00 1A 1A F7
[12:22:01.996] [SysEx TX] F0 00 7D 00 05 03 00 00 1F 1F F7
[12:22:02.005] [SysEx TX] F0 00 7D 00 05 03 00 00 08 08 F7
[12:22:02.024] [SysEx TX] F0 00 7D 00 05 03 00 00 06 06 F7
[12:22:02.029] [SysEx TX] F0 00 7D 00 05 03 00 00 02 02 F7
[12:22:03.181] [SysEx TX] F0 00 7D 00 05 03 00 00 03 03 F7
[12:22:03.195] [SysEx TX] F0 00 7D 00 05 03 00 00 3C 3C F7
[12:22:03.205] [SysEx TX] F0 00 7D 00 05 03 00 00 7F 7F F7
[12:22:03.217] [SysEx TX] F0 00 7D 00 05 03 00 00 42 42 F7
[12:22:03.225] [SysEx TX] F0 00 7D 00 05 03 00 00 24 24 F7
[12:22:03.239] [SysEx TX] F0 00 7D 00 05 03 00 00 25 25 F7
[12:22:03.248] [SysEx TX] F0 00 7D 00 05 03 00 00 11 11 F7
[12:22:03.259] [SysEx TX] F0 00 7D 00 05 03 00 00 08 08 F7
[12:22:03.273] [SysEx TX] F0 00 7D 00 05 03 00 00 04 04 F7
[12:22:03.288] [SysEx TX] F0 00 7D 00 05 03 00 00 01 01 F7
[12:22:03.556] [SysEx TX] F0 00 7D 00 05 03 00 00 02 02 F7
[12:22:03.567] [SysEx TX] F0 00 7D 00 05 03 00 00 7F 7F F7
[12:22:03.579] [SysEx TX] F0 00 7D 00 05 03 00 00 7F 7F F7
[12:22:03.598] [SysEx TX] F0 00 7D 00 05 03 00 00 38 38 F7
[12:22:03.604] [SysEx TX] F0 00 7D 00 05 03 00 00 40 40 F7
[12:22:03.620] [SysEx TX] F0 00 7D 00 05 03 00 00 13 13 F7
[12:22:03.635] [SysEx TX] F0 00 7D 00 05 03 00 00 08 08 F7
[12:22:03.642] [SysEx TX] F0 00 7D 00 05 03 00 00 02 02 F7
[12:22:03.650] [SysEx TX] F0 00 7D 00 05 03 00 00 01 01 F7
[12:22:03.996] [SysEx TX] F0 00 7D 00 05 03 00 00 02 02 F7
[12:22:04.006] [SysEx TX] F0 00 7D 00 05 03 00 00 7F 7F F7
[12:22:04.031] [SysEx TX] F0 00 7D 00 05 03 00 00 45 45 F7
[12:22:04.044] [SysEx TX] F0 00 7D 00 05 03 00 00 28 28 F7
[12:22:04.060] [SysEx TX] F0 00 7D 00 05 03 00 00 3D 3D F7
[12:22:04.063] [SysEx TX] F0 00 7D 00 05 03 00 00 0A 0A F7
[12:22:04.073] [SysEx TX] F0 00 7D 00 05 03 00 00 07 07 F7
[12:22:04.083] [SysEx TX] F0 00 7D 00 05 03 00 00 02 02 F7
[12:22:04.378] [SysEx TX] F0 00 7D 00 05 03 00 00 01 01 F7
[12:22:04.390] [SysEx TX] F0 00 7D 00 05 03 00 00 7F 7F F7
[12:22:04.400] [SysEx TX] F0 00 7D 00 05 03 00 00 3A 3A F7
[12:22:04.412] [SysEx TX] F0 00 7D 00 05 03 00 00 4D 4D F7
[12:22:04.423] [SysEx TX] F0 00 7D 00 05 03 00 00 29 29 F7
[12:22:04.443] [SysEx TX] F0 00 7D 00 05 03 00 00 0F 0F F7
[12:22:04.455] [SysEx TX] F0 00 7D 00 05 03 00 00 0A 0A F7
[12:22:04.464] [SysEx TX] F0 00 7D 00 05 03 00 00 05 05 F7
[12:22:04.830] [SysEx TX] F0 00 7D 00 05 03 00 00 01 01 F7
[12:22:04.859] [SysEx TX] F0 00 7D 00 05 03 00 00 7F 7F F7
[12:22:04.881] [SysEx TX] F0 00 7D 00 05 03 00 00 7F 7F F7
[12:22:04.892] [SysEx TX] F0 00 7D 00 05 03 00 00 44 44 F7
[12:22:04.904] [SysEx TX] F0 00 7D 00 05 03 00 00 06 06 F7
[12:22:05.221] [SysEx TX] F0 00 7D 00 05 03 00 00 7F 7F F7
[12:22:05.234] [SysEx TX] F0 00 7D 00 05 03 00 00 7F 7F F7
[12:22:05.244] [SysEx TX] F0 00 7D 00 05 03 00 00 75 75 F7
[12:22:05.282] [SysEx TX] F0 00 7D 00 05 03 00 00 28 28 F7
[12:22:05.294] [SysEx TX] F0 00 7D 00 05 03 00 00 11 11 F7
[12:22:05.308] [SysEx TX] F0 00 7D 00 05 03 00 00 04 04 F7
[12:22:06.443] [SysEx TX] F0 00 7D 00 05 03 00 00 04 04 F7
[12:22:06.454] [SysEx TX] F0 00 7D 00 05 03 00 00 55 55 F7
[12:22:06.470] [SysEx TX] F0 00 7D 00 05 03 00 00 59 59 F7
[12:22:06.484] [SysEx TX] F0 00 7D 00 05 03 00 00 5B 5B F7
[12:22:06.493] [SysEx TX] F0 00 7D 00 05 03 00 00 2D 2D F7
[12:22:06.504] [SysEx TX] F0 00 7D 00 05 03 00 00 17 17 F7
[12:22:06.516] [SysEx TX] F0 00 7D 00 05 03 00 00 0D 0D F7
[12:22:06.527] [SysEx TX] F0 00 7D 00 05 03 00 00 06 06 F7
[12:22:06.539] [SysEx TX] F0 00 7D 00 05 03 00 00 01 01 F7
[12:22:07.700] [SysEx TX] F0 00 7D 00 05 03 00 00 37 37 F7
[12:22:07.720] [SysEx TX] F0 00 7D 00 05 03 00 00 7F 7F F7
[12:22:07.733] [SysEx TX] F0 00 7D 00 05 03 00 00 3D 3D F7
[12:22:07.740] [SysEx TX] F0 00 7D 00 05 03 00 00 15 15 F7
[12:22:07.752] [SysEx TX] F0 00 7D 00 05 03 00 00 12 12 F7
[12:22:07.763] [SysEx TX] F0 00 7D 00 05 03 00 00 05 05 F7
[12:22:07.773] [SysEx TX] F0 00 7D 00 05 03 00 00 06 06 F7
[12:22:07.789] [SysEx TX] F0 00 7D 00 05 03 00 00 01 01 F7
[12:22:07.804] [SysEx TX] F0 00 7D 00 05 03 00 00 01 01 F7
[12:22:07.821] [SysEx TX] F0 00 7D 00 05 03 00 00 01 01 F7
[12:22:08.951] [SysEx TX] F0 00 7D 00 05 03 00 00 01 01 F7
[12:22:08.960] [SysEx TX] F0 00 7D 00 05 03 00 00 7F 7F F7
[12:22:08.973] [SysEx TX] F0 00 7D 00 05 03 00 00 3E 3E F7
[12:22:08.983] [SysEx TX] F0 00 7D 00 05 03 00 00 50 50 F7
[12:22:08.995] [SysEx TX] F0 00 7D 00 05 03 00 00 14 14 F7
[12:22:09.006] [SysEx TX] F0 00 7D 00 05 03 00 00 17 17 F7
[12:22:09.017] [SysEx TX] F0 00 7D 00 05 03 00 00 0B 0B F7
[12:22:09.031] [SysEx TX] F0 00 7D 00 05 03 00 00 04 04 F7
[12:22:09.045] [SysEx TX] F0 00 7D 00 05 03 00 00 04 04 F7
[12:22:09.054] [SysEx TX] F0 00 7D 00 05 03 00 00 02 02 F7
[12:22:10.720] [SysEx TX] F0 00 7D 00 05 03 00 00 7F 7F F7
[12:22:10.730] [SysEx TX] F0 00 7D 00 05 03 00 00 7F 7F F7
[12:22:10.742] [SysEx TX] F0 00 7D 00 05 03 00 00 4C 4C F7
[12:22:10.752] [SysEx TX] F0 00 7D 00 05 03 00 00 2A 2A F7
[12:22:10.763] [SysEx TX] F0 00 7D 00 05 03 00 00 16 16 F7
[12:22:10.783] [SysEx TX] F0 00 7D 00 05 03 00 00 18 18 F7
[12:22:10.791] [SysEx TX] F0 00 7D 00 05 03 00 00 0D 0D F7
[12:22:10.803] [SysEx TX] F0 00 7D 00 05 03 00 00 01 01 F7
[12:22:11.124] [SysEx TX] F0 00 7D 00 05 03 00 00 01 01 F7
[12:22:11.137] [SysEx TX] F0 00 7D 00 05 03 00 00 36 36 F7
[12:22:11.145] [SysEx TX] F0 00 7D 00 05 03 00 00 5F 5F F7
[12:22:11.156] [SysEx TX] F0 00 7D 00 05 03 00 00 1C 1C F7
[12:22:11.167] [SysEx TX] F0 00 7D 00 05 03 00 00 22 22 F7
[12:22:11.182] [SysEx TX] F0 00 7D 00 05 03 00 00 11 11 F7
[12:22:11.201] [SysEx TX] F0 00 7D 00 05 03 00 00 09 09 F7
[12:22:11.228] [SysEx TX] F0 00 7D 00 05 03 00 00 06 06 F7
[12:22:12.385] [SysEx TX] F0 00 7D 00 05 03 00 00 03 03 F7
[12:22:12.407] [SysEx TX] F0 00 7D 00 05 03 00 00 7F 7F F7
[12:22:12.441] [SysEx TX] F0 00 7D 00 05 03 00 00 4E 4E F7
[12:22:12.463] [SysEx TX] F0 00 7D 00 05 03 00 00 18 18 F7
[12:22:12.481] [SysEx TX] F0 00 7D 00 05 03 00 00 10 10 F7
[12:22:12.493] [SysEx TX] F0 00 7D 00 05 03 00 00 04 04 F7
[12:22:12.795] [SysEx TX] F0 00 7D 00 05 03 00 00 05 05 F7
[12:22:12.809] [SysEx TX] F0 00 7D 00 05 03 00 00 7F 7F F7
[12:22:12.873] [SysEx TX] F0 00 7D 00 05 03 00 00 7F 7F F7
[12:22:12.884] [SysEx TX] F0 00 7D 00 05 03 00 00 47 47 F7
[12:22:12.895] [SysEx TX] F0 00 7D 00 05 03 00 00 16 16 F7
[12:22:12.903] [SysEx TX] F0 00 7D 00 05 03 00 00 05 05 F7
[12:22:13.687] [SysEx TX] F0 00 7D 00 05 03 00 00 05 05 F7
[12:22:13.694] [SysEx TX] F0 00 7D 00 05 03 00 00 7F 7F F7
[12:22:13.705] [SysEx TX] F0 00 7D 00 05 03 00 00 7F 7F F7
[12:22:13.716] [SysEx TX] F0 00 7D 00 05 03 00 00 3D 3D F7
[12:22:13.727] [SysEx TX] F0 00 7D 00 05 03 00 00 3F 3F F7
[12:22:13.743] [SysEx TX] F0 00 7D 00 05 03 00 00 1A 1A F7
[12:22:13.760] [SysEx TX] F0 00 7D 00 05 03 00 00 0E 0E F7
[12:22:13.770] [SysEx TX] F0 00 7D 00 05 03 00 00 03 03 F7
[12:22:13.779] [SysEx TX] F0 00 7D 00 05 03 00 00 02 02 F7
[12:22:14.503] [SysEx TX] F0 00 7D 00 05 03 00 00 02 02 F7
[12:22:14.521] [SysEx TX] F0 00 7D 00 05 03 00 00 7F 7F F7
[12:22:14.546] [SysEx TX] F0 00 7D 00 05 03 00 00 5D 5D F7
[12:22:14.551] [SysEx TX] F0 00 7D 00 05 03 00 00 25 25 F7
[12:22:14.563] [SysEx TX] F0 00 7D 00 05 03 00 00 17 17 F7
[12:22:14.591] [SysEx TX] F0 00 7D 00 05 03 00 00 0D 0D F7
[12:22:14.606] [SysEx TX] F0 00 7D 00 05 03 00 00 05 05 F7
[12:22:14.909] [SysEx TX] F0 00 7D 00 05 03 00 00 7F 7F F7
[12:22:14.920] [SysEx TX] F0 00 7D 00 05 03 00 00 7F 7F F7
[12:22:14.931] [SysEx TX] F0 00 7D 00 05 03 00 00 7F 7F F7
[12:22:14.943] [SysEx TX] F0 00 7D 00 05 03 00 00 37 37 F7
[12:22:14.954] [SysEx TX] F0 00 7D 00 05 03 00 00 21 21 F7
[12:22:14.970] [SysEx TX] F0 00 7D 00 05 03 00 00 24 24 F7
[12:22:14.983] [SysEx TX] F0 00 7D 00 05 03 00 00 0B 0B F7
[12:22:14.993] [SysEx TX] F0 00 7D 00 05 03 00 00 04 04 F7
[12:22:16.485] [SysEx TX] F0 00 7D 00 05 03 00 00 1D 1D F7
[12:22:16.495] [SysEx TX] F0 00 7D 00 05 03 00 00 7F 7F F7
[12:22:16.509] [SysEx TX] F0 00 7D 00 05 03 00 00 19 19 F7
[12:22:16.528] [SysEx TX] F0 00 7D 00 05 03 00 00 0E 0E F7
[12:22:16.538] [SysEx TX] F0 00 7D 00 05 03 00 00 0C 0C F7
[12:22:16.548] [SysEx TX] F0 00 7D 00 05 03 00 00 04 04 F7
[12:22:16.559] [SysEx TX] F0 00 7D 00 05 03 00 00 02 02 F7
[12:22:16.570] [SysEx TX] F0 00 7D 00 05 03 00 00 02 02 F7
[12:22:16.581] [SysEx TX] F0 00 7D 00 05 03 00 00 01 01 F7
[12:22:17.585] [SysEx TX] F0 00 7D 00 05 03 00 00 0A 0A F7
[12:22:17.596] [SysEx TX] F0 00 7D 00 05 03 00 00 16 16 F7
[12:22:17.607] [SysEx TX] F0 00 7D 00 05 03 00 00 20 20 F7
[12:22:17.618] [SysEx TX] F0 00 7D 00 05 03 00 00 09 09 F7
[12:22:17.632] [SysEx TX] F0 00 7D 00 05 03 00 00 01 01 F7
[12:22:17.648] [SysEx TX] F0 00 7D 00 05 03 00 00 02 02 F7
[12:22:17.660] [SysEx TX] F0 00 7D 00 05 03 00 00 01 01 F7
[12:22:17.665] [SysEx TX] F0 00 7D 00 05 03 00 00 01 01 F7
[12:22:17.677] [SysEx TX] F0 00 7D 00 05 03 00 00 01 01 F7
[12:22:18.183] [SysEx TX] F0 00 7D 00 05 03 00 00 05 05 F7
[12:22:18.190] [SysEx TX] F0 00 7D 00 05 03 00 00 60 60 F7
[12:22:18.203] [SysEx TX] F0 00 7D 00 05 03 00 00 24 24 F7
[12:22:18.213] [SysEx TX] F0 00 7D 00 05 03 00 00 0F 0F F7
[12:22:18.223] [SysEx TX] F0 00 7D 00 05 03 00 00 0B 0B F7
[12:22:18.235] [SysEx TX] F0 00 7D 00 05 03 00 00 0A 0A F7
[12:22:18.247] [SysEx TX] F0 00 7D 00 05 03 00 00 06 06 F7
[12:22:18.268] [SysEx TX] F0 00 7D 00 05 03 00 00 01 01 F7
[12:22:18.279] [SysEx TX] F0 00 7D 00 05 03 00 00 01 01 F7
[12:22:18.288] [SysEx TX] F0 00 7D 00 05 03 00 00 01 01 F7
[12:22:18.394] [SysEx TX] F0 00 7D 00 05 03 00 00 08 08 F7
[12:22:18.402] [SysEx TX] F0 00 7D 00 05 03 00 00 0D 0D F7
[12:22:18.412] [SysEx TX] F0 00 7D 00 05 03 00 00 17 17 F7
[12:22:18.423] [SysEx TX] F0 00 7D 00 05 03 00 00 0C 0C F7
[12:22:18.434] [SysEx TX] F0 00 7D 00 05 03 00 00 0A 0A F7
[12:22:18.472] [SysEx TX] F0 00 7D 00 05 03 00 00 01 01 F7
[12:22:18.481] [SysEx TX] F0 00 7D 00 05 03 00 00 02 02 F7
[12:22:18.490] [SysEx TX] F0 00 7D 00 05 03 00 00 01 01 F7
[12:22:18.575] [SysEx TX] F0 00 7D 00 05 03 00 00 04 04 F7
[12:22:18.587] [SysEx TX] F0 00 7D 00 05 03 00 00 29 29 F7
[12:22:18.595] [SysEx TX] F0 00 7D 00 05 03 00 00 08 08 F7
[12:22:18.607] [SysEx TX] F0 00 7D 00 05 03 00 00 08 08 F7
[12:22:18.627] [SysEx TX] F0 00 7D 00 05 03 00 00 01 01 F7
[12:22:18.639] [SysEx TX] F0 00 7D 00 05 03 00 00 01 01 F7
[12:22:18.697] [SysEx TX] F0 00 7D 00 05 03 00 00 04 04 F7
[12:22:18.706] [SysEx TX] F0 00 7D 00 05 03 00 00 0E 0E F7
[12:22:18.717] [SysEx TX] F0 00 7D 00 05 03 00 00 0A 0A F7
[12:22:18.729] [SysEx TX] F0 00 7D 00 05 03 00 00 04 04 F7
[12:22:20.130] [SysEx TX] F0 00 7D 00 05 03 00 00 01 01 F7
[12:22:20.141] [SysEx TX] F0 00 7D 00 05 03 00 00 2D 2D F7
[12:22:20.151] [SysEx TX] F0 00 7D 00 05 03 00 00 46 46 F7
[12:22:20.170] [SysEx TX] F0 00 7D 00 05 03 00 00 06 06 F7
[12:22:20.180] [SysEx TX] F0 00 7D 00 05 03 00 00 07 07 F7
[12:22:20.195] [SysEx TX] F0 00 7D 00 05 03 00 00 02 02 F7
[12:22:20.215] [SysEx TX] F0 00 7D 00 05 03 00 00 01 01 F7
[12:22:20.388] [SysEx TX] F0 00 7D 00 05 03 00 00 04 04 F7
[12:22:20.399] [SysEx TX] F0 00 7D 00 05 03 00 00 17 17 F7
[12:22:20.418] [SysEx TX] F0 00 7D 00 05 03 00 00 33 33 F7
[12:22:20.431] [SysEx TX] F0 00 7D 00 05 03 00 00 12 12 F7
[12:22:20.440] [SysEx TX] F0 00 7D 00 05 03 00 00 08 08 F7
[12:22:20.451] [SysEx TX] F0 00 7D 00 05 03 00 00 07 07 F7
[12:22:20.480] [SysEx TX] F0 00 7D 00 05 03 00 00 01 01 F7
[12:22:20.603] [SysEx TX] F0 00 7D 00 05 03 00 00 08 08 F7
[12:22:20.617] [SysEx TX] F0 00 7D 00 05 03 00 00 29 29 F7
[12:22:20.632] [SysEx TX] F0 00 7D 00 05 03 00 00 0D 0D F7
[12:22:20.641] [SysEx TX] F0 00 7D 00 05 03 00 00 09 09 F7
[12:22:20.650] [SysEx TX] F0 00 7D 00 05 03 00 00 02 02 F7
[12:22:20.659] [SysEx TX] F0 00 7D 00 05 03 00 00 04 04 F7
[12:22:20.673] [SysEx TX] F0 00 7D 00 05 03 00 00 01 01 F7
[12:22:20.684] [SysEx TX] F0 00 7D 00 05 03 00 00 01 01 F7
[12:22:20.791] [SysEx TX] F0 00 7D 00 05 03 00 00 07 07 F7
[12:22:20.799] [SysEx TX] F0 00 7D 00 05 03 00 00 1E 1E F7
[12:22:20.811] [SysEx TX] F0 00 7D 00 05 03 00 00 0E 0E F7
[12:22:20.827] [SysEx TX] F0 00 7D 00 05 03 00 00 01 01 F7
[12:22:20.944] [SysEx TX] F0 00 7D 00 05 03 00 00 69 69 F7
[12:22:20.956] [SysEx TX] F0 00 7D 00 05 03 00 00 7F 7F F7
[12:22:20.968] [SysEx TX] F0 00 7D 00 05 03 00 00 3B 3B F7
[12:22:20.981] [SysEx TX] F0 00 7D 00 05 03 00 00 42 42 F7
[12:22:20.995] [SysEx TX] F0 00 7D 00 05 03 00 00 2A 2A F7
[12:22:21.011] [SysEx TX] F0 00 7D 00 05 03 00 00 0E 0E F7
[12:22:21.035] [SysEx TX] F0 00 7D 00 05 03 00 00 09 09 F7
[12:22:21.042] [SysEx TX] F0 00 7D 00 05 03 00 00 03 03 F7
[12:22:21.060] [SysEx TX] F0 00 7D 00 05 03 00 00 02 02 F7
[12:22:21.243] [SysEx TX] F0 00 7D 00 05 03 00 00 4B 4B F7
[12:22:21.256] [SysEx TX] F0 00 7D 00 05 03 00 00 7F 7F F7
[12:22:21.267] [SysEx TX] F0 00 7D 00 05 03 00 00 53 53 F7
[12:22:21.278] [SysEx TX] F0 00 7D 00 05 03 00 00 0D 0D F7
[12:22:21.288] [SysEx TX] F0 00 7D 00 05 03 00 00 04 04 F7
[12:22:21.524] [SysEx TX] F0 00 7D 00 05 03 00 00 7F 7F F7
[12:22:21.543] [SysEx TX] F0 00 7D 00 05 03 00 00 7F 7F F7
[12:22:21.553] [SysEx TX] F0 00 7D 00 05 03 00 00 57 57 F7
[12:22:21.563] [SysEx TX] F0 00 7D 00 05 03 00 00 3A 3A F7
[12:22:21.573] [SysEx TX] F0 00 7D 00 05 03 00 00 05 05 F7
[12:22:21.584] [SysEx TX] F0 00 7D 00 05 03 00 00 0B 0B F7
[12:22:21.595] [SysEx TX] F0 00 7D 00 05 03 00 00 03 03 F7
[12:22:21.889] [SysEx TX] F0 00 7D 00 05 03 00 00 42 42 F7
[12:22:21.901] [SysEx TX] F0 00 7D 00 05 03 00 00 7F 7F F7
[12:22:21.911] [SysEx TX] F0 00 7D 00 05 03 00 00 4F 4F F7
[12:22:21.929] [SysEx TX] F0 00 7D 00 05 03 00 00 2A 2A F7
[12:22:21.948] [SysEx TX] F0 00 7D 00 05 03 00 00 16 16 F7
[12:22:21.964] [SysEx TX] F0 00 7D 00 05 03 00 00 0C 0C F7
[12:22:21.974] [SysEx TX] F0 00 7D 00 05 03 00 00 03 03 F7
[12:22:22.009] [SysEx TX] F0 00 7D 00 05 03 00 00 77 77 F7
[12:22:22.021] [SysEx TX] F0 00 7D 00 05 03 00 00 7F 7F F7
[12:22:22.038] [SysEx TX] F0 00 7D 00 05 03 00 00 3C 3C F7
[12:22:22.054] [SysEx TX] F0 00 7D 00 05 03 00 00 20 20 F7
[12:22:22.062] [SysEx TX] F0 00 7D 00 05 03 00 00 24 24 F7
[12:22:22.074] [SysEx TX] F0 00 7D 00 05 03 00 00 02 02 F7
[12:22:22.322] [SysEx TX] F0 00 7D 00 05 03 00 00 59 59 F7
[12:22:22.331] [SysEx TX] F0 00 7D 00 05 03 00 00 7F 7F F7
[12:22:22.343] [SysEx TX] F0 00 7D 00 05 03 00 00 4A 4A F7
[12:22:22.368] [SysEx TX] F0 00 7D 00 05 03 00 00 28 28 F7
[12:22:22.373] [SysEx TX] F0 00 7D 00 05 03 00 00 12 12 F7
[12:22:22.382] [SysEx TX] F0 00 7D 00 05 03 00 00 01 01 F7
[12:22:22.391] [SysEx TX] F0 00 7D 00 05 03 00 00 01 01 F7
[12:22:22.438] [SysEx TX] F0 00 7D 00 05 03 00 00 3B 3B F7
[12:22:22.447] [SysEx TX] F0 00 7D 00 05 03 00 00 7F 7F F7
[12:22:22.467] [SysEx TX] F0 00 7D 00 05 03 00 00 2E 2E F7
[12:22:22.477] [SysEx TX] F0 00 7D 00 05 03 00 00 17 17 F7
[12:22:22.488] [SysEx TX] F0 00 7D 00 05 03 00 00 05 05 F7
[12:22:22.499] [SysEx TX] F0 00 7D 00 05 03 00 00 01 01 F7
[12:22:22.559] [SysEx TX] F0 00 7D 00 05 03 00 00 18 18 F7
[12:22:22.568] [SysEx TX] F0 00 7D 00 05 03 00 00 20 20 F7
[12:22:22.578] [SysEx TX] F0 00 7D 00 05 03 00 00 11 11 F7
[12:22:22.588] [SysEx TX] F0 00 7D 00 05 03 00 00 01 01 F7
[12:22:22.599] [SysEx TX] F0 00 7D 00 05 03 00 00 01 01 F7
[12:22:22.784] [SysEx TX] F0 00 7D 00 05 03 00 00 2B 2B F7
[12:22:22.794] [SysEx TX] F0 00 7D 00 05 03 00 00 49 49 F7
[12:22:22.806] [SysEx TX] F0 00 7D 00 05 03 00 00 1C 1C F7
[12:22:22.816] [SysEx TX] F0 00 7D 00 05 03 00 00 0E 0E F7
[12:22:22.827] [SysEx TX] F0 00 7D 00 05 03 00 00 01 01 F7
[12:22:23.144] [SysEx TX] F0 00 7D 00 05 03 00 00 3D 3D F7
[12:22:23.155] [SysEx TX] F0 00 7D 00 05 03 00 00 7F 7F F7
[12:22:23.173] [SysEx TX] F0 00 7D 00 05 03 00 00 3D 3D F7
[12:22:23.181] [SysEx TX] F0 00 7D 00 05 03 00 00 28 28 F7
[12:22:23.192] [SysEx TX] F0 00 7D 00 05 03 00 00 16 16 F7
[12:22:23.203] [SysEx TX] F0 00 7D 00 05 03 00 00 0A 0A F7
[12:22:23.214] [SysEx TX] F0 00 7D 00 05 03 00 00 06 06 F7
[12:22:23.225] [SysEx TX] F0 00 7D 00 05 03 00 00 02 02 F7
[12:22:23.471] [SysEx TX] F0 00 7D 00 05 03 00 00 42 42 F7
[12:22:23.488] [SysEx TX] F0 00 7D 00 05 03 00 00 61 61 F7
[12:22:23.499] [SysEx TX] F0 00 7D 00 05 03 00 00 3E 3E F7
[12:22:23.507] [SysEx TX] F0 00 7D 00 05 03 00 00 1F 1F F7
[12:22:23.518] [SysEx TX] F0 00 7D 00 05 03 00 00 0C 0C F7
[12:22:23.530] [SysEx TX] F0 00 7D 00 05 03 00 00 08 08 F7
[12:22:23.539] [SysEx TX] F0 00 7D 00 05 03 00 00 03 03 F7
[12:22:23.760] [SysEx TX] F0 00 7D 00 05 03 00 00 38 38 F7
[12:22:23.776] [SysEx TX] F0 00 7D 00 05 03 00 00 7F 7F F7
[12:22:23.790] [SysEx TX] F0 00 7D 00 05 03 00 00 35 35 F7
[12:22:23.798] [SysEx TX] F0 00 7D 00 05 03 00 00 07 07 F7
[12:22:23.808] [SysEx TX] F0 00 7D 00 05 03 00 00 0A 0A F7
[12:22:23.828] [SysEx TX] F0 00 7D 00 05 03 00 00 03 03 F7
[12:22:23.837] [SysEx TX] F0 00 7D 00 05 03 00 00 01 01 F7
[12:22:24.058] [SysEx TX] F0 00 7D 00 05 03 00 00 21 21 F7
[12:22:24.070] [SysEx TX] F0 00 7D 00 05 03 00 00 7F 7F F7
[12:22:24.084] [SysEx TX] F0 00 7D 00 05 03 00 00 34 34 F7
[12:22:24.104] [SysEx TX] F0 00 7D 00 05 03 00 00 0B 0B F7
[12:22:24.114] [SysEx TX] F0 00 7D 00 05 03 00 00 04 04 F7
[12:22:24.123] [SysEx TX] F0 00 7D 00 05 03 00 00 01 01 F7
[12:22:24.180] [SysEx TX] F0 00 7D 00 05 03 00 00 38 38 F7
[12:22:24.188] [SysEx TX] F0 00 7D 00 05 03 00 00 7F 7F F7
[12:22:24.205] [SysEx TX] F0 00 7D 00 05 03 00 00 32 32 F7
[12:22:24.215] [SysEx TX] F0 00 7D 00 05 03 00 00 1A 1A F7
[12:22:24.225] [SysEx TX] F0 00 7D 00 05 03 00 00 01 01 F7
[12:22:24.233] [SysEx TX] F0 00 7D 00 05 03 00 00 01 01 F7
[12:22:24.505] [SysEx TX] F0 00 7D 00 05 03 00 00 2F 2F F7
[12:22:24.513] [SysEx TX] F0 00 7D 00 05 03 00 00 7F 7F F7
[12:22:24.527] [SysEx TX] F0 00 7D 00 05 03 00 00 2E 2E F7
[12:22:24.538] [SysEx TX] F0 00 7D 00 05 03 00 00 11 11 F7
[12:22:24.550] [SysEx TX] F0 00 7D 00 05 03 00 00 0B 0B F7
[12:22:24.560] [SysEx TX] F0 00 7D 00 05 03 00 00 01 01 F7
[12:22:24.624] [SysEx TX] F0 00 7D 00 05 03 00 00 22 22 F7
[12:22:24.635] [SysEx TX] F0 00 7D 00 05 03 00 00 6C 6C F7
[12:22:24.642] [SysEx TX] F0 00 7D 00 05 03 00 00 24 24 F7
[12:22:24.653] [SysEx TX] F0 00 7D 00 05 03 00 00 11 11 F7
[12:22:24.664] [SysEx TX] F0 00 7D 00 05 03 00 00 0D 0D F7
[12:22:24.677] [SysEx TX] F0 00 7D 00 05 03 00 00 06 06 F7
[12:22:24.687] [SysEx TX] F0 00 7D 00 05 03 00 00 01 01 F7
[12:22:24.944] [SysEx TX] F0 00 7D 00 05 03 00 00 33 33 F7
[12:22:24.956] [SysEx TX] F0 00 7D 00 05 03 00 00 7F 7F F7
[12:22:24.966] [SysEx TX] F0 00 7D 00 05 03 00 00 30 30 F7
[12:22:24.977] [SysEx TX] F0 00 7D 00 05 03 00 00 27 27 F7
[12:22:24.988] [SysEx TX] F0 00 7D 00 05 03 00 00 10 10 F7
[12:22:25.006] [SysEx TX] F0 00 7D 00 05 03 00 00 08 08 F7
[12:22:25.026] [SysEx TX] F0 00 7D 00 05 03 00 00 03 03 F7
[12:22:25.038] [SysEx TX] F0 00 7D 00 05 03 00 00 01 01 F7
[12:22:25.251] [SysEx TX] F0 00 7D 00 05 03 00 00 4C 4C F7
[12:22:25.256] [SysEx TX] F0 00 7D 00 05 03 00 00 45 45 F7
[12:22:25.267] [SysEx TX] F0 00 7D 00 05 03 00 00 3C 3C F7
[12:22:25.278] [SysEx TX] F0 00 7D 00 05 03 00 00 1B 1B F7
[12:22:25.289] [SysEx TX] F0 00 7D 00 05 03 00 00 13 13 F7
[12:22:25.301] [SysEx TX] F0 00 7D 00 05 03 00 00 09 09 F7
[12:22:25.315] [SysEx TX] F0 00 7D 00 05 03 00 00 03 03 F7
[12:22:25.559] [SysEx TX] F0 00 7D 00 05 03 00 00 22 22 F7
[12:22:25.571] [SysEx TX] F0 00 7D 00 05 03 00 00 62 62 F7
[12:22:25.583] [SysEx TX] F0 00 7D 00 05 03 00 00 42 42 F7
[12:22:25.596] [SysEx TX] F0 00 7D 00 05 03 00 00 1E 1E F7
[12:22:25.606] [SysEx TX] F0 00 7D 00 05 03 00 00 11 11 F7
[12:22:25.622] [SysEx TX] F0 00 7D 00 05 03 00 00 08 08 F7
[12:22:25.651] [SysEx TX] F0 00 7D 00 05 03 00 00 03 03 F7
[12:22:25.657] [SysEx TX] F0 00 7D 00 05 03 00 00 01 01 F7
[12:22:25.839] [SysEx TX] F0 00 7D 00 05 03 00 00 04 04 F7
[12:22:25.859] [SysEx TX] F0 00 7D 00 05 03 00 00 06 06 F7
[12:22:26.179] [SysEx TX] F0 00 7D 00 05 03 00 00 29 29 F7
[12:22:26.191] [SysEx TX] F0 00 7D 00 05 03 00 00 7F 7F F7
[12:22:26.202] [SysEx TX] F0 00 7D 00 05 03 00 00 35 35 F7
[12:22:26.213] [SysEx TX] F0 00 7D 00 05 03 00 00 15 15 F7
[12:22:26.223] [SysEx TX] F0 00 7D 00 05 03 00 00 05 05 F7
[12:22:26.235] [SysEx TX] F0 00 7D 00 05 03 00 00 03 03 F7
[12:22:26.255] [SysEx TX] F0 00 7D 00 05 03 00 00 02 02 F7
[12:22:26.267] [SysEx TX] F0 00 7D 00 05 03 00 00 01 01 F7
[12:22:26.498] [SysEx TX] F0 00 7D 00 05 03 00 00 13 13 F7
[12:22:26.506] [SysEx TX] F0 00 7D 00 05 03 00 00 37 37 F7
[12:22:26.517] [SysEx TX] F0 00 7D 00 05 03 00 00 21 21 F7
[12:22:26.529] [SysEx TX] F0 00 7D 00 05 03 00 00 0D 0D F7
[12:22:26.542] [SysEx TX] F0 00 7D 00 05 03 00 00 09 09 F7
[12:22:26.560] [SysEx TX] F0 00 7D 00 05 03 00 00 06 06 F7
[12:22:26.574] [SysEx TX] F0 00 7D 00 05 03 00 00 02 02 F7
[12:22:26.581] [SysEx TX] F0 00 7D 00 05 03 00 00 01 01 F7
[12:22:26.604] [SysEx TX] F0 00 7D 00 05 03 00 00 4A 4A F7
[12:22:26.614] [SysEx TX] F0 00 7D 00 05 03 00 00 3F 3F F7
[12:22:26.627] [SysEx TX] F0 00 7D 00 05 03 00 00 57 57 F7
[12:22:26.635] [SysEx TX] F0 00 7D 00 05 03 00 00 22 22 F7
[12:22:26.649] [SysEx TX] F0 00 7D 00 05 03 00 00 0C 0C F7
[12:22:26.664] [SysEx TX] F0 00 7D 00 05 03 00 00 08 08 F7
[12:22:26.677] [SysEx TX] F0 00 7D 00 05 03 00 00 02 02 F7
[12:22:26.926] [SysEx TX] F0 00 7D 00 05 03 00 00 4D 4D F7
[12:22:26.936] [SysEx TX] F0 00 7D 00 05 03 00 00 56 56 F7
[12:22:26.953] [SysEx TX] F0 00 7D 00 05 03 00 00 3B 3B F7
[12:22:26.969] [SysEx TX] F0 00 7D 00 05 03 00 00 22 22 F7
[12:22:26.986] [SysEx TX] F0 00 7D 00 05 03 00 00 08 08 F7
[12:22:26.993] [SysEx TX] F0 00 7D 00 05 03 00 00 05 05 F7
[12:22:27.004] [SysEx TX] F0 00 7D 00 05 03 00 00 01 01 F7
[12:22:27.091] [SysEx TX] F0 00 7D 00 05 03 00 00 45 45 F7
[12:22:27.104] [SysEx TX] F0 00 7D 00 05 03 00 00 7F 7F F7
[12:22:27.114] [SysEx TX] F0 00 7D 00 05 03 00 00 46 46 F7
[12:22:27.125] [SysEx TX] F0 00 7D 00 05 03 00 00 0D 0D F7
[12:22:27.137] [SysEx TX] F0 00 7D 00 05 03 00 00 01 01 F7
[12:22:27.147] [SysEx TX] F0 00 7D 00 05 03 00 00 01 01 F7
[12:22:27.157] [SysEx TX] F0 00 7D 00 05 03 00 00 02 02 F7
[12:22:27.179] [SysEx TX] F0 00 7D 00 05 03 00 00 04 04 F7
[12:22:28.422] [SysEx TX] F0 00 7D 00 05 03 00 00 03 03 F7
[12:22:28.430] [SysEx TX] F0 00 7D 00 05 03 00 00 7F 7F F7
[12:22:28.441] [SysEx TX] F0 00 7D 00 05 03 00 00 5C 5C F7
[12:22:28.453] [SysEx TX] F0 00 7D 00 05 03 00 00 2E 2E F7
[12:22:28.463] [SysEx TX] F0 00 7D 00 05 03 00 00 21 21 F7
[12:22:28.480] [SysEx TX] F0 00 7D 00 05 03 00 00 16 16 F7
[12:22:28.502] [SysEx TX] F0 00 7D 00 05 03 00 00 0A 0A F7
[12:22:28.527] [SysEx TX] F0 00 7D 00 05 03 00 00 0B 0B F7
[12:22:28.546] [SysEx TX] F0 00 7D 00 05 03 00 00 02 02 F7
[12:22:28.729] [SysEx TX] F0 00 7D 00 05 03 00 00 7F 7F F7
[12:22:28.740] [SysEx TX] F0 00 7D 00 05 03 00 00 47 47 F7
[12:22:28.750] [SysEx TX] F0 00 7D 00 05 03 00 00 3D 3D F7
[12:22:28.761] [SysEx TX] F0 00 7D 00 05 03 00 00 30 30 F7
[12:22:28.772] [SysEx TX] F0 00 7D 00 05 03 00 00 1C 1C F7
[12:22:28.785] [SysEx TX] F0 00 7D 00 05 03 00 00 11 11 F7
[12:22:28.795] [SysEx TX] F0 00 7D 00 05 03 00 00 08 08 F7
[12:22:28.867] [SysEx TX] F0 00 7D 00 05 03 00 00 65 65 F7
[12:22:28.878] [SysEx TX] F0 00 7D 00 05 03 00 00 3D 3D F7
[12:22:28.889] [SysEx TX] F0 00 7D 00 05 03 00 00 1B 1B F7
[12:22:28.915] [SysEx TX] F0 00 7D 00 05 03 00 00 4A 4A F7
[12:22:28.924] [SysEx TX] F0 00 7D 00 05 03 00 00 02 02 F7
[12:22:28.929] [SysEx TX] F0 00 7D 00 05 03 00 00 03 03 F7
[12:22:30.163] [SysEx TX] F0 00 7D 00 05 03 00 00 03 03 F7
[12:22:30.171] [SysEx TX] F0 00 7D 00 05 03 00 00 7F 7F F7
[12:22:30.187] [SysEx TX] F0 00 7D 00 05 03 00 00 4F 4F F7
[12:22:30.193] [SysEx TX] F0 00 7D 00 05 03 00 00 40 40 F7
[12:22:30.208] [SysEx TX] F0 00 7D 00 05 03 00 00 24 24 F7
[12:22:30.217] [SysEx TX] F0 00 7D 00 05 03 00 00 0E 0E F7
[12:22:30.230] [SysEx TX] F0 00 7D 00 05 03 00 00 07 07 F7
[12:22:30.252] [SysEx TX] F0 00 7D 00 05 03 00 00 07 07 F7
[12:22:30.258] [SysEx TX] F0 00 7D 00 05 03 00 00 04 04 F7
[12:22:30.485] [SysEx TX] F0 00 7D 00 05 03 00 00 62 62 F7
[12:22:30.495] [SysEx TX] F0 00 7D 00 05 03 00 00 64 64 F7
[12:22:30.506] [SysEx TX] F0 00 7D 00 05 03 00 00 54 54 F7
[12:22:30.517] [SysEx TX] F0 00 7D 00 05 03 00 00 2B 2B F7
[12:22:30.536] [SysEx TX] F0 00 7D 00 05 03 00 00 23 23 F7
[12:22:30.556] [SysEx TX] F0 00 7D 00 05 03 00 00 0A 0A F7
[12:22:30.565] [SysEx TX] F0 00 7D 00 05 03 00 00 0A 0A F7
[12:22:30.575] [SysEx TX] F0 00 7D 00 05 03 00 00 03 03 F7
[12:22:30.620] [SysEx TX] F0 00 7D 00 05 03 00 00 3C 3C F7
[12:22:30.637] [SysEx TX] F0 00 7D 00 05 03 00 00 72 72 F7
[12:22:30.648] [SysEx TX] F0 00 7D 00 05 03 00 00 25 25 F7
[12:22:30.658] [SysEx TX] F0 00 7D 00 05 03 00 00 0F 0F F7
[12:22:30.668] [SysEx TX] F0 00 7D 00 05 03 00 00 1E 1E F7
[12:22:30.678] [SysEx TX] F0 00 7D 00 05 03 00 00 03 03 F7
[12:22:30.689] [SysEx TX] F0 00 7D 00 05 03 00 00 01 01 F7
[12:22:33.668] [SysEx TX] F0 00 7D 00 05 03 00 00 09 09 F7
[12:22:33.678] [SysEx TX] F0 00 7D 00 05 03 00 00 7F 7F F7
[12:22:33.689] [SysEx TX] F0 00 7D 00 05 03 00 00 20 20 F7
[12:22:33.710] [SysEx TX] F0 00 7D 00 05 03 00 00 01 01 F7
[12:22:33.729] [SysEx TX] F0 00 7D 00 05 03 00 00 01 01 F7
[12:22:33.741] [SysEx TX] F0 00 7D 00 05 03 00 00 01 01 F7
[12:22:33.974] [SysEx TX] F0 00 7D 00 05 03 00 00 55 55 F7
[12:22:33.988] [SysEx TX] F0 00 7D 00 05 03 00 00 2E 2E F7
[12:22:33.996] [SysEx TX] F0 00 7D 00 05 03 00 00 2C 2C F7
[12:22:34.013] [SysEx TX] F0 00 7D 00 05 03 00 00 0C 0C F7
[12:22:34.041] [SysEx TX] F0 00 7D 00 05 03 00 00 05 05 F7
[12:22:34.049] [SysEx TX] F0 00 7D 00 05 03 00 00 08 08 F7
[12:22:34.058] [SysEx TX] F0 00 7D 00 05 03 00 00 02 02 F7
[12:22:34.119] [SysEx TX] F0 00 7D 00 05 03 00 00 35 35 F7
[12:22:34.140] [SysEx TX] F0 00 7D 00 05 03 00 00 7F 7F F7
[12:22:34.149] [SysEx TX] F0 00 7D 00 05 03 00 00 2A 2A F7
[12:22:34.158] [SysEx TX] F0 00 7D 00 05 03 00 00 2F 2F F7
[12:22:34.170] [SysEx TX] F0 00 7D 00 05 03 00 00 08 08 F7
[12:22:34.180] [SysEx TX] F0 00 7D 00 05 03 00 00 04 04 F7
[12:22:34.193] [SysEx TX] F0 00 7D 00 05 03 00 00 02 02 F7
[12:22:35.429] [SysEx TX] F0 00 7D 00 05 03 00 00 07 07 F7
[12:22:35.439] [SysEx TX] F0 00 7D 00 05 03 00 00 7F 7F F7
[12:22:35.470] [SysEx TX] F0 00 7D 00 05 03 00 00 01 01 F7
[12:22:35.740] [SysEx TX] F0 00 7D 00 05 03 00 00 35 35 F7
[12:22:35.756] [SysEx TX] F0 00 7D 00 05 03 00 00 7F 7F F7
[12:22:35.761] [SysEx TX] F0 00 7D 00 05 03 00 00 33 33 F7
[12:22:35.778] [SysEx TX] F0 00 7D 00 05 03 00 00 13 13 F7
[12:22:35.788] [SysEx TX] F0 00 7D 00 05 03 00 00 0C 0C F7
[12:22:35.798] [SysEx TX] F0 00 7D 00 05 03 00 00 03 03 F7
[12:22:35.809] [SysEx TX] F0 00 7D 00 05 03 00 00 02 02 F7
[12:22:35.872] [SysEx TX] F0 00 7D 00 05 03 00 00 31 31 F7
[12:22:35.880] [SysEx TX] F0 00 7D 00 05 03 00 00 5F 5F F7
[12:22:35.891] [SysEx TX] F0 00 7D 00 05 03 00 00 35 35 F7
[12:22:35.901] [SysEx TX] F0 00 7D 00 05 03 00 00 05 05 F7
[12:22:35.913] [SysEx TX] F0 00 7D 00 05 03 00 00 09 09 F7
[12:22:35.943] [SysEx TX] F0 00 7D 00 05 03 00 00 0D 0D F7
[12:22:35.947] [SysEx TX] F0 00 7D 00 05 03 00 00 0F 0F F7
[12:22:35.963] [SysEx TX] F0 00 7D 00 05 03 00 00 03 03 F7
[12:22:37.228] [SysEx TX] F0 00 7D 00 05 03 00 00 01 01 F7
[12:22:37.250] [SysEx TX] F0 00 7D 00 05 03 00 00 50 50 F7
[12:22:37.297] [SysEx TX] F0 00 7D 00 05 03 00 00 6D 6D F7
[12:22:37.311] [SysEx TX] F0 00 7D 00 05 03 00 00 18 18 F7
[12:22:37.368] [SysEx TX] F0 00 7D 00 05 03 00 00 04 04 F7
[12:22:37.510] [SysEx TX] F0 00 7D 00 05 03 00 00 01 01 F7
[12:22:37.532] [SysEx TX] F0 00 7D 00 05 03 00 00 7F 7F F7
[12:22:37.537] [SysEx TX] F0 00 7D 00 05 03 00 00 7F 7F F7
[12:22:37.579] [SysEx TX] F0 00 7D 00 05 03 00 00 31 31 F7
[12:22:37.588] [SysEx TX] F0 00 7D 00 05 03 00 00 12 12 F7
[12:22:37.604] [SysEx TX] F0 00 7D 00 05 03 00 00 09 09 F7
[12:22:38.455] [SysEx TX] F0 00 7D 00 05 03 00 00 01 01 F7
[12:22:38.464] [SysEx TX] F0 00 7D 00 05 03 00 00 40 40 F7
[12:22:38.475] [SysEx TX] F0 00 7D 00 05 03 00 00 73 73 F7
[12:22:38.524] [SysEx TX] F0 00 7D 00 05 03 00 00 11 11 F7
[12:22:38.593] [SysEx TX] F0 00 7D 00 05 03 00 00 05 05 F7
[12:22:38.604] [SysEx TX] F0 00 7D 00 05 03 00 00 01 01 F7
[12:22:39.752] [SysEx TX] F0 00 7D 00 05 03 00 00 24 24 F7
[12:22:39.772] [SysEx TX] F0 00 7D 00 05 03 00 00 7F 7F F7
[12:22:39.821] [SysEx TX] F0 00 7D 00 05 03 00 00 22 22 F7
[12:22:39.831] [SysEx TX] F0 00 7D 00 05 03 00 00 0A 0A F7
[12:22:39.844] [SysEx TX] F0 00 7D 00 05 03 00 00 02 02 F7
[12:22:40.027] [SysEx TX] F0 00 7D 00 05 03 00 00 53 53 F7
[12:22:40.038] [SysEx TX] F0 00 7D 00 05 03 00 00 57 57 F7
[12:22:40.049] [SysEx TX] F0 00 7D 00 05 03 00 00 46 46 F7
[12:22:40.097] [SysEx TX] F0 00 7D 00 05 03 00 00 23 23 F7
[12:22:40.108] [SysEx TX] F0 00 7D 00 05 03 00 00 15 15 F7
[12:22:40.120] [SysEx TX] F0 00 7D 00 05 03 00 00 15 15 F7
[12:22:40.165] [SysEx TX] F0 00 7D 00 05 03 00 00 01 01 F7
[12:22:41.681] [SysEx TX] F0 00 7D 00 05 03 00 00 7F 7F F7
[12:22:41.697] [SysEx TX] F0 00 7D 00 05 03 00 00 41 41 F7
[12:22:41.720] [SysEx TX] F0 00 7D 00 05 03 00 00 48 48 F7
[12:22:41.731] [SysEx TX] F0 00 7D 00 05 03 00 00 14 14 F7
[12:22:41.743] [SysEx TX] F0 00 7D 00 05 03 00 00 06 06 F7
[12:22:41.754] [SysEx TX] F0 00 7D 00 05 03 00 00 08 08 F7
[12:22:41.765] [SysEx TX] F0 00 7D 00 05 03 00 00 04 04 F7
[12:22:41.775] [SysEx TX] F0 00 7D 00 05 03 00 00 01 01 F7
[12:22:41.787] [SysEx TX] F0 00 7D 00 05 03 00 00 01 01 F7
[12:22:41.994] [SysEx TX] F0 00 7D 00 05 03 00 00 01 01 F7
[12:22:42.004] [SysEx TX] F0 00 7D 00 05 03 00 00 7F 7F F7
[12:22:42.027] [SysEx TX] F0 00 7D 00 05 03 00 00 3F 3F F7
[12:22:42.037] [SysEx TX] F0 00 7D 00 05 03 00 00 39 39 F7
[12:22:42.048] [SysEx TX] F0 00 7D 00 05 03 00 00 14 14 F7
[12:22:42.066] [SysEx TX] F0 00 7D 00 05 03 00 00 0C 0C F7
[12:22:42.076] [SysEx TX] F0 00 7D 00 05 03 00 00 04 04 F7
[12:22:42.094] [SysEx TX] F0 00 7D 00 05 03 00 00 02 02 F7
[12:22:42.106] [SysEx TX] F0 00 7D 00 05 03 00 00 01 01 F7
[12:22:42.485] [SysEx TX] F0 00 7D 00 05 03 00 00 02 02 F7
[12:22:42.496] [SysEx TX] F0 00 7D 00 05 03 00 00 7F 7F F7
[12:22:42.507] [SysEx TX] F0 00 7D 00 05 03 00 00 2C 2C F7
[12:22:42.517] [SysEx TX] F0 00 7D 00 05 03 00 00 13 13 F7
[12:22:42.535] [SysEx TX] F0 00 7D 00 05 03 00 00 0B 0B F7
[12:22:42.546] [SysEx TX] F0 00 7D 00 05 03 00 00 06 06 F7
[12:22:42.556] [SysEx TX] F0 00 7D 00 05 03 00 00 02 02 F7
[12:22:42.567] [SysEx TX] F0 00 7D 00 05 03 00 00 01 01 F7
[12:22:42.788] [SysEx TX] F0 00 7D 00 05 03 00 00 7F 7F F7
[12:22:42.798] [SysEx TX] F0 00 7D 00 05 03 00 00 58 58 F7
[12:22:42.810] [SysEx TX] F0 00 7D 00 05 03 00 00 52 52 F7
[12:22:42.823] [SysEx TX] F0 00 7D 00 05 03 00 00 1F 1F F7
[12:22:42.980] [SysEx TX] F0 00 7D 00 05 03 00 00 0F 0F F7
[12:22:42.990] [SysEx TX] F0 00 7D 00 05 03 00 00 0B 0B F7
[12:22:44.787] [SysEx TX] F0 00 7D 00 05 03 00 00 02 02 F7
[12:22:44.799] [SysEx TX] F0 00 7D 00 05 03 00 00 01 01 F7
[12:22:44.808] [SysEx TX] F0 00 7D 00 05 03 00 00 01 01 F7
[12:22:44.816] [SysEx TX] F0 00 7D 00 05 03 00 00 01 01 F7
[12:22:45.336] [SysEx TX] F0 00 7D 00 05 03 00 00 01 01 F7
[12:22:45.354] [SysEx TX] F0 00 7D 00 05 03 00 00 01 01 F7
[12:22:45.374] [SysEx TX] F0 00 7D 00 05 03 00 00 01 01 F7
[12:22:45.385] [SysEx TX] F0 00 7D 00 05 03 00 00 01 01 F7
[12:22:45.663] [SysEx TX] F0 00 7D 00 05 03 00 00 01 01 F7
[12:22:45.676] [SysEx TX] F0 00 7D 00 05 03 00 00 73 73 F7
[12:22:45.690] [SysEx TX] F0 00 7D 00 05 03 00 00 57 57 F7
[12:22:45.706] [SysEx TX] F0 00 7D 00 05 03 00 00 1C 1C F7
[12:22:45.711] [SysEx TX] F0 00 7D 00 05 03 00 00 22 22 F7
[12:22:45.724] [SysEx TX] F0 00 7D 00 05 03 00 00 12 12 F7
[12:22:45.732] [SysEx TX] F0 00 7D 00 05 03 00 00 08 08 F7
[12:22:45.744] [SysEx TX] F0 00 7D 00 05 03 00 00 06 06 F7
[12:22:45.760] [SysEx TX] F0 00 7D 00 05 03 00 00 03 03 F7
[12:22:45.768] [SysEx TX] F0 00 7D 00 05 03 00 00 01 01 F7
[12:22:45.782] [SysEx TX] F0 00 7D 00 05 03 00 00 01 01 F7
[12:22:46.059] [SysEx TX] F0 00 7D 00 05 03 00 00 05 05 F7
[12:22:46.069] [SysEx TX] F0 00 7D 00 05 03 00 00 0E 0E F7
[12:22:46.081] [SysEx TX] F0 00 7D 00 05 03 00 00 0F 0F F7
[12:22:46.092] [SysEx TX] F0 00 7D 00 05 03 00 00 09 09 F7
[12:22:46.120] [SysEx TX] F0 00 7D 00 05 03 00 00 04 04 F7
[12:22:46.122] [SysEx TX] F0 00 7D 00 05 03 00 00 01 01 F7
[12:22:46.138] [SysEx TX] F0 00 7D 00 05 03 00 00 02 02 F7
[12:22:46.163] [SysEx TX] F0 00 7D 00 05 03 00 00 02 02 F7
[12:22:46.182] [SysEx TX] F0 00 7D 00 05 03 00 00 0B 0B F7
[12:22:46.193] [SysEx TX] F0 00 7D 00 05 03 00 00 04 04 F7
[12:22:46.203] [SysEx TX] F0 00 7D 00 05 03 00 00 01 01 F7
[12:22:46.367] [SysEx TX] F0 00 7D 00 05 03 00 00 04 04 F7
[12:22:46.378] [SysEx TX] F0 00 7D 00 05 03 00 00 16 16 F7
[12:22:46.391] [SysEx TX] F0 00 7D 00 05 03 00 00 05 05 F7
[12:22:46.415] [SysEx TX] F0 00 7D 00 05 03 00 00 02 02 F7
[12:22:46.426] [SysEx TX] F0 00 7D 00 05 03 00 00 01 01 F7
[12:22:46.440] [SysEx TX] F0 00 7D 00 05 03 00 00 01 01 F7
[12:22:46.698] [SysEx TX] F0 00 7D 00 05 03 00 00 35 35 F7
[12:22:46.713] [SysEx TX] F0 00 7D 00 05 03 00 00 7F 7F F7
[12:22:46.729] [SysEx TX] F0 00 7D 00 05 03 00 00 2B 2B F7
[12:22:46.740] [SysEx TX] F0 00 7D 00 05 03 00 00 20 20 F7
[12:22:46.747] [SysEx TX] F0 00 7D 00 05 03 00 00 18 18 F7
[12:22:46.760] [SysEx TX] F0 00 7D 00 05 03 00 00 0B 0B F7
[12:22:46.770] [SysEx TX] F0 00 7D 00 05 03 00 00 02 02 F7
[12:22:46.781] [SysEx TX] F0 00 7D 00 05 03 00 00 04 04 F7
[12:22:46.795] [SysEx TX] F0 00 7D 00 05 03 00 00 01 01 F7
[12:22:46.806] [SysEx TX] F0 00 7D 00 05 03 00 00 01 01 F7
[12:22:47.052] [SysEx TX] F0 00 7D 00 05 03 00 00 25 25 F7
[12:22:47.063] [SysEx TX] F0 00 7D 00 05 03 00 00 66 66 F7
[12:22:47.075] [SysEx TX] F0 00 7D 00 05 03 00 00 32 32 F7
[12:22:47.088] [SysEx TX] F0 00 7D 00 05 03 00 00 24 24 F7
[12:22:47.096] [SysEx TX] F0 00 7D 00 05 03 00 00 14 14 F7
[12:22:47.110] [SysEx TX] F0 00 7D 00 05 03 00 00 0B 0B F7
[12:22:47.124] [SysEx TX] F0 00 7D 00 05 03 00 00 08 08 F7
[12:22:47.137] [SysEx TX] F0 00 7D 00 05 03 00 00 04 04 F7
[12:22:47.152] [SysEx TX] F0 00 7D 00 05 03 00 00 03 03 F7
[12:22:47.226] [SysEx TX] F0 00 7D 00 05 03 00 00 24 24 F7
[12:22:47.239] [SysEx TX] F0 00 7D 00 05 03 00 00 7F 7F F7
[12:22:47.254] [SysEx TX] F0 00 7D 00 05 03 00 00 24 24 F7
[12:22:47.264] [SysEx TX] F0 00 7D 00 05 03 00 00 07 07 F7
[12:22:47.286] [SysEx TX] F0 00 7D 00 05 03 00 00 0A 0A F7
[12:22:47.298] [SysEx TX] F0 00 7D 00 05 03 00 00 01 01 F7
[12:22:47.302] [SysEx TX] F0 00 7D 00 05 03 00 00 02 02 F7
[12:22:47.329] [SysEx TX] F0 00 7D 00 05 03 00 00 12 12 F7
[12:22:47.347] [SysEx TX] F0 00 7D 00 05 03 00 00 31 31 F7
[12:22:47.358] [SysEx TX] F0 00 7D 00 05 03 00 00 1D 1D F7
[12:22:47.367] [SysEx TX] F0 00 7D 00 05 03 00 00 07 07 F7
[12:22:47.376] [SysEx TX] F0 00 7D 00 05 03 00 00 04 04 F7
[12:22:47.396] [SysEx TX] F0 00 7D 00 05 03 00 00 01 01 F7
[12:22:47.592] [SysEx TX] F0 00 7D 00 05 03 00 00 1D 1D F7
[12:22:47.603] [SysEx TX] F0 00 7D 00 05 03 00 00 47 47 F7
[12:22:47.614] [SysEx TX] F0 00 7D 00 05 03 00 00 21 21 F7
[12:22:47.626] [SysEx TX] F0 00 7D 00 05 03 00 00 0A 0A F7
[12:22:47.638] [SysEx TX] F0 00 7D 00 05 03 00 00 0C 0C F7
[12:22:47.665] [SysEx TX] F0 00 7D 00 05 03 00 00 05 05 F7
[12:22:47.674] [SysEx TX] F0 00 7D 00 05 03 00 00 02 02 F7
[12:22:54.681] [SysEx TX] F0 00 7D 00 05 03 03 00 7F 7F F7
[12:22:55.064] [SysEx TX] F0 00 7D 00 05 03 03 00 7F 7F F7
[12:22:55.225] [SysEx TX] F0 00 7D 00 05 03 03 00 7F 7F F7
[12:22:55.559] [SysEx TX] F0 00 7D 00 05 03 03 00 7F 7F F7
[12:22:56.356] [SysEx TX] F0 00 7D 00 05 03 03 00 7F 7F F7
[12:22:56.601] [SysEx TX] F0 00 7D 00 05 03 03 00 7F 7F F7
[12:22:56.849] [SysEx TX] F0 00 7D 00 05 03 03 00 7F 7F F7
[12:22:57.096] [SysEx TX] F0 00 7D 00 05 03 03 00 7F 7F F7
[12:22:57.353] [SysEx TX] F0 00 7D 00 05 03 03 00 7F 7F F7
[12:22:57.601] [SysEx TX] F0 00 7D 00 05 03 03 00 7F 7F F7
[12:22:57.717] [SysEx TX] F0 00 7D 00 05 03 03 00 7F 7F F7
[12:22:57.952] [SysEx TX] F0 00 7D 00 05 03 03 00 7F 7F F7
[12:22:58.063] [SysEx TX] F0 00 7D 00 05 03 03 00 7F 7F F7
[12:22:58.307] [SysEx TX] F0 00 7D 00 05 03 03 00 7F 7F F7
[12:22:58.921] [SysEx TX] F0 00 7D 00 05 03 03 00 7F 7F F7
[12:22:59.473] [SysEx TX] F0 00 7D 00 05 03 03 00 7F 7F F7
[12:23:00.005] [SysEx TX] F0 00 7D 00 05 03 03 00 7F 7F F7
[12:23:00.544] [SysEx TX] F0 00 7D 00 05 03 03 00 7F 7F F7
[12:23:01.099] [SysEx TX] F0 00 7D 00 05 03 03 00 7F 7F F7
[12:23:01.343] [SysEx TX] F0 00 7D 00 05 03 03 00 7F 7F F7
[12:23:01.604] [SysEx TX] F0 00 7D 00 05 03 03 00 7F 7F F7
[12:23:02.025] [SysEx TX] F0 00 7D 00 05 03 03 00 7F 7F F7
[12:23:02.176] [SysEx TX] F0 00 7D 00 05 03 03 00 7F 7F F7
[12:23:02.484] [SysEx TX] F0 00 7D 00 05 03 03 00 7F 7F F7
[12:23:02.743] [SysEx TX] F0 00 7D 00 05 03 03 00 7F 7F F7
[12:23:02.919] [SysEx TX] F0 00 7D 00 05 03 03 00 7F 7F F7
[12:23:03.103] [SysEx TX] F0 00 7D 00 05 03 03 00 7F 7F F7
[12:23:21.141] [eDrum] Build 0 — p=ping  i=identify  s=config  n=test note  r=reboot
[12:23:21.141]   a=toggle ADC dump  d=toggle hit debug print  m=toggle diag mode (detection+MIDI off)
[12:23:21.142]   o <input> <floor> = scope input (e.g. o 0 10)   o off = disable scope
[12:23:21.143]   w <input> <param> <value> = set param (e.g. w 0 scan 3)
[12:23:21.149]   params: thresh sens scan mask retrig type ratio chokethresh choke enable
[12:23:35.222] [w] input=1 enable=1 OK
[12:23:35.241] [SysEx TX] F0 00 7D 00 05 01 01 06 00 F7
[12:23:37.229] [SysEx TX] F0 00 7D 00 05 03 01 00 14 50 F7
[12:23:37.235] [CHOKE] i=1 note=38 ch=10
[12:23:37.422] [SysEx TX] F0 00 7D 00 05 03 01 00 1A 5C F7
[12:23:37.543] [SysEx TX] F0 00 7D 00 05 03 01 00 7F 7F F7
[12:23:37.625] [CHOKE] i=1 note=38 ch=10
[12:23:37.863] [SysEx TX] F0 00 7D 00 05 03 01 00 37 77 F7
[12:23:38.096] [SysEx TX] F0 00 7D 00 05 03 01 00 0C 37 F7
[12:23:38.108] [CHOKE] i=1 note=38 ch=10
[12:23:38.133] [CHOKE] i=1 note=38 ch=10
[12:23:38.149] [CHOKE] i=1 note=38 ch=10
[12:23:38.338] [SysEx TX] F0 00 7D 00 05 03 01 00 0B 34 F7
[12:23:38.339] [CHOKE] i=1 note=38 ch=10
[12:23:38.348] [CHOKE] i=1 note=38 ch=10
[12:23:38.364] [CHOKE] i=1 note=38 ch=10
[12:23:44.467] [CHOKE] i=1 note=38 ch=10
[12:23:48.377] [SysEx TX] F0 00 7D 00 05 03 01 00 04 13 F7
[12:23:48.773] [SysEx TX] F0 00 7D 00 05 03 01 00 10 45 F7
[12:23:48.773] [CHOKE] i=1 note=38 ch=10
[12:23:50.030] [SysEx TX] F0 00 7D 00 05 03 01 00 1A 5C F7
[12:23:50.085] [CHOKE] i=1 note=38 ch=10
[12:23:50.427] [SysEx TX] F0 00 7D 00 05 03 01 00 25 6B F7
[12:23:50.582] [SysEx TX] F0 00 7D 00 05 03 01 00 3B 79 F7
[12:23:50.601] [SysEx TX] F0 00 7D 00 05 03 01 00 2D 72 F7
[12:23:50.691] [SysEx TX] F0 00 7D 00 05 03 01 00 02 07 F7
[12:23:50.792] [SysEx TX] F0 00 7D 00 05 03 01 00 01 01 F7
[12:23:51.115] [SysEx TX] F0 00 7D 00 05 03 01 00 01 01 F7
[12:23:58.004] [SysEx RX] len=6 first bytes: 00 7D 00 02 0A
[12:23:58.006] [SysEx TX] F0 00 7D 00 02 0A 00 01 F7
[12:23:58.014] [SysEx RX] len=6 first bytes: 00 7D 00 02 06
[12:23:58.046] [SysEx TX] F0 00 7D 00 02 07 00 02 00 14 00 00 1E 00 19 32 00 00 00 08 00 28 00 32 01 F7
[12:23:58.050] [SysEx RX] len=6 first bytes: 00 7D 00 03 04
[12:23:58.073] [SysEx TX] F0 00 7D 00 03 05 00 26 0A 28 0A 04 0A F7
[12:23:58.100] [SysEx TX] F0 00 7D 00 05 03 01 00 02 07 F7
[12:23:58.101] [SysEx RX] len=6 first bytes: 00 7D 00 02 0A
[12:23:58.112] [SysEx TX] F0 00 7D 00 02 0A 01 01 F7
[12:23:58.121] [SysEx RX] len=6 first bytes: 00 7D 00 02 06
[12:23:58.201] [SysEx TX] F0 00 7D 00 02 07 01 01 00 14 04 00 32 00 06 20 00 03 00 50 00 28 00 32 01 F7
[12:23:58.203] [SysEx RX] len=6 first bytes: 00 7D 00 03 04
[12:23:58.227] [SysEx TX] F0 00 7D 00 03 05 01 26 0A 28 0A 04 0A F7
[12:23:58.229] [SysEx RX] len=6 first bytes: 00 7D 00 02 0A
[12:23:58.240] [SysEx TX] F0 00 7D 00 02 0A 02 01 F7
[12:23:58.241] [SysEx RX] len=6 first bytes: 00 7D 00 02 06
[12:23:58.275] [SysEx TX] F0 00 7D 00 02 07 02 01 00 14 04 00 32 00 06 20 00 03 00 50 00 28 00 32 01 F7
[12:23:58.283] [SysEx RX] len=6 first bytes: 00 7D 00 03 04
[12:23:58.305] [SysEx TX] F0 00 7D 00 03 05 02 2A 0A 2E 0A 04 0A F7
[12:23:58.311] [SysEx RX] len=6 first bytes: 00 7D 00 02 0A
[12:23:58.321] [SysEx TX] F0 00 7D 00 02 0A 03 01 F7
[12:23:58.323] [SysEx RX] len=6 first bytes: 00 7D 00 02 06
[12:23:58.355] [SysEx TX] F0 00 7D 00 02 07 03 02 01 15 00 00 00 00 01 18 00 03 00 50 00 28 00 32 01 F7
[12:23:58.361] [SysEx RX] len=6 first bytes: 00 7D 00 03 04
[12:23:58.375] [SysEx TX] F0 00 7D 00 03 05 03 24 0A 35 0A 04 0A F7
[12:23:58.381] [SysEx RX] len=6 first bytes: 00 7D 00 02 0A
[12:23:58.394] [SysEx TX] F0 00 7D 00 02 0A 04 01 F7
[12:23:58.394] [SysEx RX] len=6 first bytes: 00 7D 00 02 06
[12:23:58.439] [SysEx TX] F0 00 7D 00 02 07 04 01 00 14 04 00 32 00 06 20 00 03 00 50 00 28 00 32 01 F7
[12:23:58.445] [SysEx RX] len=6 first bytes: 00 7D 00 03 04
[12:23:58.460] [SysEx TX] F0 00 7D 00 03 05 04 2C 0A 2C 0A 04 0A F7
[12:24:01.336] [CHOKE] i=1 note=38 ch=10
[12:24:01.517] [SysEx TX] F0 00 7D 00 05 03 01 00 01 01 F7
[12:24:01.824] [SysEx TX] F0 00 7D 00 05 03 01 00 25 6B F7
[12:24:02.244] [SysEx TX] F0 00 7D 00 05 03 01 00 04 13 F7
[12:24:02.345] [SysEx TX] F0 00 7D 00 05 03 01 00 01 01 F7
[12:24:02.427] [SysEx TX] F0 00 7D 00 05 03 01 00 09 2B F7
[12:24:02.567] [SysEx TX] F0 00 7D 00 05 03 01 00 20 65 F7
[12:24:32.464] [SysEx RX] len=8 first bytes: 00 7D 00 03 01
[12:24:32.473] [SysEx TX] F0 00 7D 00 05 01 03 01 00 F7
[12:24:34.598] [SysEx RX] len=5 first bytes: 00 7D 00 01 06
[12:24:34.622] [SysEx TX] F0 00 7D 00 05 01 01 06 00 F7
[12:24:36.443] [SysEx TX] F0 00 7D 00 05 03 01 00 7F 7F F7
[12:24:36.447] [CHOKE] i=1 note=57 ch=10
[12:24:36.547] [SysEx TX] F0 00 7D 00 05 03 01 00 28 6E F7
[12:24:37.907] [CHOKE] i=1 note=57 ch=10
[12:24:37.934] [CHOKE] i=1 note=57 ch=10
[12:24:37.950] [CHOKE] i=1 note=57 ch=10
[12:24:37.967] [CHOKE] i=1 note=57 ch=10
[12:24:37.986] [CHOKE] i=1 note=57 ch=10
[12:24:38.006] [CHOKE] i=1 note=57 ch=10
[12:24:38.038] [CHOKE] i=1 note=57 ch=10
[12:24:38.046] [CHOKE] i=1 note=57 ch=10
[12:24:38.067] [CHOKE] i=1 note=57 ch=10
[12:24:38.077] [SysEx TX] F0 00 7D 00 05 03 01 00 02 07 F7
[12:24:38.169] [SysEx TX] F0 00 7D 00 05 03 01 00 02 07 F7
[12:24:38.258] [SysEx TX] F0 00 7D 00 05 03 01 00 05 18 F7
[12:24:38.353] [SysEx TX] F0 00 7D 00 05 03 01 00 02 07 F7
[12:24:38.493] [SysEx TX] F0 00 7D 00 05 03 01 00 01 01 F7
[12:24:38.627] [CHOKE] i=1 note=57 ch=10
[12:24:38.647] [CHOKE] i=1 note=57 ch=10
[12:24:38.668] [SysEx TX] F0 00 7D 00 05 03 01 00 02 07 F7
[12:24:38.671] [CHOKE] i=1 note=57 ch=10
[12:24:38.755] [SysEx TX] F0 00 7D 00 05 03 01 00 04 13 F7
[12:24:39.281] [SysEx TX] F0 00 7D 00 05 03 01 00 7F 7F F7
[12:24:39.281] [CHOKE] i=1 note=57 ch=10
[12:24:39.583] [SysEx TX] F0 00 7D 00 05 03 01 00 3C 79 F7
[12:24:41.385] [SysEx TX] F0 00 7D 00 05 03 01 00 01 01 F7
[12:24:43.174] [CHOKE] i=1 note=57 ch=10
[12:24:43.186] [CHOKE] i=1 note=57 ch=10
[12:24:43.206] [CHOKE] i=1 note=57 ch=10
[12:24:43.226] [CHOKE] i=1 note=57 ch=10
[12:24:43.255] [CHOKE] i=1 note=57 ch=10
[12:24:43.279] [CHOKE] i=1 note=57 ch=10
[12:24:43.287] [CHOKE] i=1 note=57 ch=10
[12:24:43.316] [CHOKE] i=1 note=57 ch=10
[12:24:43.410] [CHOKE] i=1 note=57 ch=10
[12:24:43.429] [SysEx TX] F0 00 7D 00 05 03 01 00 01 01 F7
[12:24:43.432] [CHOKE] i=1 note=57 ch=10
[12:24:43.451] [CHOKE] i=1 note=57 ch=10
[12:24:43.470] [CHOKE] i=1 note=57 ch=10
[12:24:43.490] [CHOKE] i=1 note=57 ch=10
[12:24:43.551] [CHOKE] i=1 note=57 ch=10
[12:24:43.582] [SysEx TX] F0 00 7D 00 05 03 01 00 01 01 F7
[12:24:43.674] [SysEx TX] F0 00 7D 00 05 03 01 00 01 01 F7
[12:24:43.827] [SysEx TX] F0 00 7D 00 05 03 01 00 03 0D F7
[12:24:43.963] [SysEx TX] F0 00 7D 00 05 03 01 00 01 01 F7
[12:24:44.048] [SysEx TX] F0 00 7D 00 05 03 01 00 0B 34 F7
[12:24:44.413] [SysEx TX] F0 00 7D 00 05 03 01 00 01 01 F7
[12:24:44.747] [SysEx TX] F0 00 7D 00 05 03 01 00 01 01 F7
[12:24:45.461] [SysEx TX] F0 00 7D 00 05 03 01 00 7F 7F F7
[12:24:46.648] [SysEx TX] F0 00 7D 00 05 03 01 00 7F 7F F7
[12:24:46.666] [CHOKE] i=1 note=57 ch=10
[12:24:47.444] [SysEx TX] F0 00 7D 00 05 03 01 00 7F 7F F7
[12:24:47.445] [CHOKE] i=1 note=57 ch=10
[12:24:48.203] [SysEx TX] F0 00 7D 00 05 03 01 00 7F 7F F7
[12:24:48.557] [SysEx TX] F0 00 7D 00 05 03 01 00 7F 7F F7
[12:24:48.560] [CHOKE] i=1 note=57 ch=10
[12:24:48.910] [SysEx TX] F0 00 7D 00 05 03 01 00 7F 7F F7
[12:24:48.917] [CHOKE] i=1 note=57 ch=10
[12:24:50.127] [SysEx TX] F0 00 7D 00 05 03 01 00 7F 7F F7
[12:24:50.129] [CHOKE] i=1 note=57 ch=10
[12:24:50.420] [SysEx TX] F0 00 7D 00 05 03 01 00 7F 7F F7
[12:24:50.537] [SysEx TX] F0 00 7D 00 05 03 01 00 7F 7F F7
[12:24:50.538] [CHOKE] i=1 note=57 ch=10
[12:24:50.543] [CHOKE] i=1 note=57 ch=10
[12:24:50.622] [SysEx TX] F0 00 7D 00 05 03 01 00 7F 7F F7
[12:24:50.703] [SysEx TX] F0 00 7D 00 05 03 01 00 7F 7F F7
[12:24:50.704] [CHOKE] i=1 note=57 ch=10
[12:24:51.337] [SysEx TX] F0 00 7D 00 05 03 01 00 7F 7F F7
[12:24:51.744] [SysEx TX] F0 00 7D 00 05 03 01 00 7F 7F F7
[12:24:52.202] [SysEx TX] F0 00 7D 00 05 03 01 00 7F 7F F7
[12:24:52.206] [CHOKE] i=1 note=57 ch=10
[12:24:52.706] [SysEx TX] F0 00 7D 00 05 03 01 00 7F 7F F7
[12:24:53.170] [SysEx TX] F0 00 7D 00 05 03 01 00 7F 7F F7
[12:24:53.179] [CHOKE] i=1 note=57 ch=10
[12:24:53.197] [CHOKE] i=1 note=57 ch=10
[12:24:54.068] [SysEx TX] F0 00 7D 00 05 03 01 00 7F 7F F7
[12:24:54.071] [CHOKE] i=1 note=57 ch=10
[12:24:54.253] [SysEx TX] F0 00 7D 00 05 03 01 00 7F 7F F7
[12:24:54.258] [CHOKE] i=1 note=57 ch=10
[12:24:54.271] [SysEx TX] F0 00 7D 00 05 03 00 00 01 01 F7
[12:24:56.249] [SysEx TX] F0 00 7D 00 05 03 01 00 7F 7F F7
[12:24:56.619] [SysEx TX] F0 00 7D 00 05 03 01 00 7F 7F F7
[12:24:56.621] [CHOKE] i=1 note=57 ch=10
[12:24:57.947] [SysEx TX] F0 00 7D 00 05 03 01 00 06 1E F7
[12:24:58.265] [SysEx TX] F0 00 7D 00 05 03 01 00 34 76 F7
[12:24:59.087] [SysEx TX] F0 00 7D 00 05 03 01 00 27 6D F7
[12:24:59.490] [SysEx TX] F0 00 7D 00 05 03 01 00 02 07 F7
[12:24:59.730] [SysEx TX] F0 00 7D 00 05 03 01 00 29 6F F7
[12:24:59.732] [CHOKE] i=1 note=57 ch=10
[12:25:00.161] [SysEx TX] F0 00 7D 00 05 03 01 00 27 6D F7
[12:25:00.525] [SysEx TX] F0 00 7D 00 05 03 01 00 02 07 F7
[12:25:00.770] [SysEx TX] F0 00 7D 00 05 03 01 00 7B 7F F7
[12:25:01.036] [SysEx TX] F0 00 7D 00 05 03 01 00 7F 7F F7
[12:25:01.040] [CHOKE] i=1 note=57 ch=10
[12:25:01.328] [SysEx TX] F0 00 7D 00 05 03 01 00 7F 7F F7
[12:25:01.332] [CHOKE] i=1 note=57 ch=10
[12:25:01.692] [SysEx TX] F0 00 7D 00 05 03 01 00 7F 7F F7
[12:25:01.698] [CHOKE] i=1 note=57 ch=10
[12:25:02.042] [SysEx TX] F0 00 7D 00 05 03 01 00 1D 61 F7
[12:25:02.047] [CHOKE] i=1 note=57 ch=10
[12:25:02.282] [SysEx TX] F0 00 7D 00 05 03 01 00 15 52 F7
[12:25:02.296] [CHOKE] i=1 note=57 ch=10
[12:25:02.577] [SysEx TX] F0 00 7D 00 05 03 01 00 1B 5E F7
[12:25:02.582] [CHOKE] i=1 note=57 ch=10
[12:25:02.905] [SysEx TX] F0 00 7D 00 05 03 01 00 24 6A F7
[12:25:02.907] [CHOKE] i=1 note=57 ch=10
[12:25:03.066] [SysEx TX] F0 00 7D 00 05 03 01 00 2C 71 F7
[12:25:03.068] [CHOKE] i=1 note=57 ch=10
[12:25:03.254] [SysEx TX] F0 00 7D 00 05 03 01 00 3A 78 F7
[12:25:03.453] [SysEx TX] F0 00 7D 00 05 03 01 00 7F 7F F7
[12:25:03.542] [CHOKE] i=1 note=57 ch=10
[12:25:03.559] [SysEx TX] F0 00 7D 00 05 03 01 00 7F 7F F7
[12:25:03.788] [SysEx TX] F0 00 7D 00 05 03 01 00 7F 7F F7
[12:25:03.791] [CHOKE] i=1 note=57 ch=10
[12:25:05.302] [SysEx TX] F0 00 7D 00 05 03 01 00 7F 7F F7
[12:25:05.304] [CHOKE] i=1 note=57 ch=10
[12:25:05.712] [SysEx TX] F0 00 7D 00 05 03 01 00 7F 7F F7
[12:25:05.718] [CHOKE] i=1 note=57 ch=10
[12:25:06.203] [SysEx TX] F0 00 7D 00 05 03 00 00 01 01 F7
[12:25:06.877] [SysEx TX] F0 00 7D 00 05 03 01 00 7F 7F F7
[12:25:06.878] [CHOKE] i=1 note=57 ch=10
[12:25:06.900] [CHOKE] i=1 note=57 ch=10
[12:25:07.162] [SysEx TX] F0 00 7D 00 05 03 01 00 7F 7F F7
[12:25:07.322] [SysEx TX] F0 00 7D 00 05 03 01 00 7F 7F F7
[12:25:07.323] [CHOKE] i=1 note=57 ch=10
[12:25:08.561] [SysEx TX] F0 00 7D 00 05 03 01 00 7F 7F F7
[12:25:08.850] [SysEx TX] F0 00 7D 00 05 03 01 00 7F 7F F7
[12:25:08.882] [CHOKE] i=1 note=57 ch=10
[12:25:08.992] [SysEx TX] F0 00 7D 00 05 03 01 00 7F 7F F7
[12:25:10.464] [SysEx TX] F0 00 7D 00 05 03 01 00 7F 7F F7
[12:25:10.468] [CHOKE] i=1 note=57 ch=10
[12:25:11.440] [SysEx TX] F0 00 7D 00 05 03 01 00 7F 7F F7
[12:25:11.875] [SysEx TX] F0 00 7D 00 05 03 01 00 7F 7F F7
[12:25:11.879] [CHOKE] i=1 note=57 ch=10
[12:25:11.900] [CHOKE] i=1 note=57 ch=10
[12:25:12.349] [SysEx TX] F0 00 7D 00 05 03 01 00 7F 7F F7
[12:25:12.350] [CHOKE] i=1 note=57 ch=10
[12:25:12.735] [SysEx TX] F0 00 7D 00 05 03 00 00 46 46 F7
[12:25:12.757] [SysEx TX] F0 00 7D 00 05 03 00 00 7F 7F F7
[12:25:12.774] [SysEx TX] F0 00 7D 00 05 03 00 00 29 29 F7
[12:25:12.778] [SysEx TX] F0 00 7D 00 05 03 00 00 29 29 F7
[12:25:12.790] [SysEx TX] F0 00 7D 00 05 03 00 00 12 12 F7
[12:25:12.801] [SysEx TX] F0 00 7D 00 05 03 00 00 09 09 F7
[12:25:12.812] [SysEx TX] F0 00 7D 00 05 03 00 00 03 03 F7
[12:25:12.823] [SysEx TX] F0 00 7D 00 05 03 00 00 01 01 F7
[12:25:12.895] [SysEx TX] F0 00 7D 00 05 03 00 00 02 02 F7
[12:25:12.955] [SysEx TX] F0 00 7D 00 05 03 00 00 01 01 F7
[12:25:13.068] [SysEx TX] F0 00 7D 00 05 03 00 00 24 24 F7
[12:25:13.080] [SysEx TX] F0 00 7D 00 05 03 00 00 45 45 F7
[12:25:13.207] [SysEx TX] F0 00 7D 00 05 03 00 00 40 40 F7
[12:25:13.217] [SysEx TX] F0 00 7D 00 05 03 00 00 1E 1E F7
[12:25:13.229] [SysEx TX] F0 00 7D 00 05 03 00 00 0C 0C F7
[12:25:13.241] [SysEx TX] F0 00 7D 00 05 03 00 00 01 01 F7
[12:25:13.298] [SysEx TX] F0 00 7D 00 05 03 00 00 7F 7F F7
[12:25:13.305] [SysEx TX] F0 00 7D 00 05 03 00 00 03 03 F7
[12:25:13.318] [SysEx TX] F0 00 7D 00 05 03 00 00 23 23 F7
[12:25:13.329] [SysEx TX] F0 00 7D 00 05 03 00 00 34 34 F7
[12:25:13.342] [SysEx TX] F0 00 7D 00 05 03 00 00 1E 1E F7
[12:25:13.351] [SysEx TX] F0 00 7D 00 05 03 00 00 14 14 F7
[12:25:13.371] [SysEx TX] F0 00 7D 00 05 03 00 00 12 12 F7
[12:25:13.382] [SysEx TX] F0 00 7D 00 05 03 00 00 0A 0A F7
[12:25:14.294] [SysEx TX] F0 00 7D 00 05 03 00 00 01 01 F7
[12:25:14.306] [SysEx TX] F0 00 7D 00 05 03 00 00 3F 3F F7
[12:25:14.316] [SysEx TX] F0 00 7D 00 05 03 00 00 4B 4B F7
[12:25:14.328] [SysEx TX] F0 00 7D 00 05 03 00 00 14 14 F7
[12:25:14.339] [SysEx TX] F0 00 7D 00 05 03 00 00 1A 1A F7
[12:25:14.350] [SysEx TX] F0 00 7D 00 05 03 00 00 07 07 F7
[12:25:14.361] [SysEx TX] F0 00 7D 00 05 03 00 00 01 01 F7
[12:25:14.374] [SysEx TX] F0 00 7D 00 05 03 00 00 01 01 F7
[12:25:14.417] [SysEx TX] F0 00 7D 00 05 03 00 00 03 03 F7
[12:25:14.429] [SysEx TX] F0 00 7D 00 05 03 00 00 7F 7F F7
[12:25:14.443] [SysEx TX] F0 00 7D 00 05 03 00 00 7F 7F F7
[12:25:14.450] [SysEx TX] F0 00 7D 00 05 03 00 00 3D 3D F7
[12:25:14.462] [SysEx TX] F0 00 7D 00 05 03 00 00 27 27 F7
[12:25:14.473] [SysEx TX] F0 00 7D 00 05 03 00 00 18 18 F7
[12:25:14.498] [SysEx TX] F0 00 7D 00 05 03 00 00 08 08 F7
[12:25:14.507] [SysEx TX] F0 00 7D 00 05 03 00 00 02 02 F7
[12:25:14.517] [SysEx TX] F0 00 7D 00 05 03 00 00 01 01 F7
[12:25:14.750] [SysEx TX] F0 00 7D 00 05 03 00 00 7F 7F F7
[12:25:14.761] [SysEx TX] F0 00 7D 00 05 03 00 00 7F 7F F7
[12:25:14.774] [SysEx TX] F0 00 7D 00 05 03 00 00 7F 7F F7
[12:25:14.785] [SysEx TX] F0 00 7D 00 05 03 00 00 2C 2C F7
[12:25:14.805] [SysEx TX] F0 00 7D 00 05 03 00 00 21 21 F7
[12:25:14.815] [SysEx TX] F0 00 7D 00 05 03 00 00 15 15 F7
[12:25:14.822] [SysEx TX] F0 00 7D 00 05 03 00 00 05 05 F7
[12:25:14.834] [SysEx TX] F0 00 7D 00 05 03 00 00 02 02 F7
[12:25:15.037] [SysEx TX] F0 00 7D 00 05 03 00 00 7F 7F F7
[12:25:15.050] [SysEx TX] F0 00 7D 00 05 03 00 00 7F 7F F7
[12:25:15.060] [SysEx TX] F0 00 7D 00 05 03 00 00 48 48 F7
[12:25:15.071] [SysEx TX] F0 00 7D 00 05 03 00 00 27 27 F7
[12:25:15.087] [SysEx TX] F0 00 7D 00 05 03 00 00 07 07 F7
[12:25:15.102] [SysEx TX] F0 00 7D 00 05 03 00 00 08 08 F7
[12:25:15.113] [SysEx TX] F0 00 7D 00 05 03 00 00 05 05 F7
[12:25:16.289] [SysEx TX] F0 00 7D 00 05 03 00 00 05 05 F7
[12:25:16.299] [SysEx TX] F0 00 7D 00 05 03 00 00 65 65 F7
[12:25:16.310] [SysEx TX] F0 00 7D 00 05 03 00 00 7F 7F F7
[12:25:16.321] [SysEx TX] F0 00 7D 00 05 03 00 00 35 35 F7
[12:25:16.340] [SysEx TX] F0 00 7D 00 05 03 00 00 25 25 F7
[12:25:16.352] [SysEx TX] F0 00 7D 00 05 03 00 00 0E 0E F7
[12:25:16.359] [SysEx TX] F0 00 7D 00 05 03 00 00 0C 0C F7
[12:25:16.370] [SysEx TX] F0 00 7D 00 05 03 00 00 06 06 F7
[12:25:16.382] [SysEx TX] F0 00 7D 00 05 03 00 00 05 05 F7
[12:25:16.696] [SysEx TX] F0 00 7D 00 05 03 01 00 7F 7F F7
[12:25:16.853] [SysEx TX] F0 00 7D 00 05 03 01 00 7F 7F F7
[12:25:16.857] [CHOKE] i=1 note=57 ch=10
[12:25:17.171] [SysEx TX] F0 00 7D 00 05 03 00 00 61 61 F7
[12:25:17.179] [SysEx TX] F0 00 7D 00 05 03 00 00 7F 7F F7
[12:25:17.190] [SysEx TX] F0 00 7D 00 05 03 00 00 1F 1F F7
[12:25:17.201] [SysEx TX] F0 00 7D 00 05 03 00 00 13 13 F7
[12:25:17.213] [SysEx TX] F0 00 7D 00 05 03 00 00 01 01 F7
[12:25:17.225] [SysEx TX] F0 00 7D 00 05 03 00 00 01 01 F7
[12:25:17.238] [SysEx TX] F0 00 7D 00 05 03 00 00 03 03 F7
[12:25:17.252] [SysEx TX] F0 00 7D 00 05 03 00 00 01 01 F7
[12:25:17.263] [SysEx TX] F0 00 7D 00 05 03 00 00 02 02 F7
[12:25:17.478] [SysEx TX] F0 00 7D 00 05 03 01 00 7F 7F F7
[12:25:17.768] [SysEx TX] F0 00 7D 00 05 03 00 00 04 04 F7
[12:25:17.783] [SysEx TX] F0 00 7D 00 05 03 00 00 7F 7F F7
[12:25:17.784] [CHOKE] i=1 note=57 ch=10
[12:25:17.795] [SysEx TX] F0 00 7D 00 05 03 00 00 37 37 F7
[12:25:17.806] [SysEx TX] F0 00 7D 00 05 03 00 00 45 45 F7
[12:25:17.819] [SysEx TX] F0 00 7D 00 05 03 00 00 11 11 F7
[12:25:17.829] [SysEx TX] F0 00 7D 00 05 03 00 00 15 15 F7
[12:25:17.840] [SysEx TX] F0 00 7D 00 05 03 00 00 09 09 F7
[12:25:17.867] [SysEx TX] F0 00 7D 00 05 03 00 00 03 03 F7
[12:25:18.090] [SysEx TX] F0 00 7D 00 05 03 01 00 7F 7F F7
[12:25:18.360] [SysEx TX] F0 00 7D 00 05 03 00 00 1B 1B F7
[12:25:18.369] [SysEx TX] F0 00 7D 00 05 03 00 00 3F 3F F7
[12:25:18.399] [SysEx TX] F0 00 7D 00 05 03 00 00 47 47 F7
[12:25:18.407] [SysEx TX] F0 00 7D 00 05 03 00 00 14 14 F7
[12:25:18.418] [SysEx TX] F0 00 7D 00 05 03 00 00 03 03 F7
[12:25:18.432] [SysEx TX] F0 00 7D 00 05 03 00 00 01 01 F7
[12:25:18.471] [SysEx TX] F0 00 7D 00 05 03 00 00 01 01 F7
[12:25:18.513] [SysEx TX] F0 00 7D 00 05 03 00 00 75 75 F7
[12:25:18.525] [SysEx TX] F0 00 7D 00 05 03 00 00 30 30 F7
[12:25:18.537] [SysEx TX] F0 00 7D 00 05 03 00 00 1C 1C F7
[12:25:18.549] [SysEx TX] F0 00 7D 00 05 03 00 00 01 01 F7
[12:25:18.572] [SysEx TX] F0 00 7D 00 05 03 00 00 19 19 F7
[12:25:18.580] [SysEx TX] F0 00 7D 00 05 03 00 00 77 77 F7
[12:25:18.595] [SysEx TX] F0 00 7D 00 05 03 00 00 1A 1A F7
[12:25:18.603] [SysEx TX] F0 00 7D 00 05 03 00 00 28 28 F7
[12:25:18.611] [SysEx TX] F0 00 7D 00 05 03 00 00 0B 0B F7
[12:25:18.696] [SysEx TX] F0 00 7D 00 05 03 00 00 6E 6E F7
[12:25:18.708] [SysEx TX] F0 00 7D 00 05 03 00 00 7F 7F F7
[12:25:18.716] [SysEx TX] F0 00 7D 00 05 03 00 00 1D 1D F7
[12:25:18.728] [SysEx TX] F0 00 7D 00 05 03 00 00 31 31 F7
[12:25:18.739] [SysEx TX] F0 00 7D 00 05 03 00 00 13 13 F7
[12:25:18.963] [SysEx TX] F0 00 7D 00 05 03 00 00 7F 7F F7
[12:25:18.974] [SysEx TX] F0 00 7D 00 05 03 00 00 7F 7F F7
[12:25:18.984] [SysEx TX] F0 00 7D 00 05 03 00 00 4C 4C F7
[12:25:19.003] [SysEx TX] F0 00 7D 00 05 03 00 00 2B 2B F7
[12:25:19.014] [SysEx TX] F0 00 7D 00 05 03 00 00 1D 1D F7
[12:25:19.023] [SysEx TX] F0 00 7D 00 05 03 00 00 16 16 F7
[12:25:19.034] [SysEx TX] F0 00 7D 00 05 03 00 00 03 03 F7
[12:25:19.046] [SysEx TX] F0 00 7D 00 05 03 00 00 01 01 F7
[12:25:19.218] [SysEx TX] F0 00 7D 00 05 03 00 00 5E 5E F7
[12:25:19.225] [SysEx TX] F0 00 7D 00 05 03 00 00 29 29 F7
[12:25:19.235] [SysEx TX] F0 00 7D 00 05 03 00 00 3F 3F F7
[12:25:19.247] [SysEx TX] F0 00 7D 00 05 03 00 00 13 13 F7
[12:25:19.256] [SysEx TX] F0 00 7D 00 05 03 00 00 16 16 F7
[12:25:19.269] [SysEx TX] F0 00 7D 00 05 03 00 00 17 17 F7
[12:25:19.280] [SysEx TX] F0 00 7D 00 05 03 00 00 03 03 F7
[12:25:20.066] [SysEx TX] F0 00 7D 00 05 03 01 00 22 68 F7
[12:25:20.600] [SysEx TX] F0 00 7D 00 05 03 01 00 44 7B F7
[12:25:21.380] [SysEx TX] F0 00 7D 00 05 03 01 00 0E 3E F7
[12:25:22.507] [CHOKE] i=1 note=57 ch=10
[12:25:23.332] [SysEx TX] F0 00 7D 00 05 03 00 00 01 01 F7
[12:25:23.655] [SysEx TX] F0 00 7D 00 05 03 00 00 01 01 F7
[12:25:23.658] [CHOKE] i=1 note=57 ch=10
[12:25:23.669] [SysEx TX] F0 00 7D 00 05 03 00 00 44 44 F7
[12:25:23.681] [SysEx TX] F0 00 7D 00 05 03 00 00 40 40 F7
[12:25:23.695] [SysEx TX] F0 00 7D 00 05 03 00 00 26 26 F7
[12:25:23.726] [SysEx TX] F0 00 7D 00 05 03 00 00 19 19 F7
[12:25:23.732] [SysEx TX] F0 00 7D 00 05 03 00 00 0F 0F F7
[12:25:23.745] [SysEx TX] F0 00 7D 00 05 03 00 00 06 06 F7
[12:25:23.755] [SysEx TX] F0 00 7D 00 05 03 00 00 01 01 F7
[12:25:23.765] [SysEx TX] F0 00 7D 00 05 03 00 00 01 01 F7
[12:25:23.769] [CHOKE] i=1 note=57 ch=10
[12:25:23.867] [SysEx TX] F0 00 7D 00 05 03 00 00 13 13 F7
[12:25:23.878] [SysEx TX] F0 00 7D 00 05 03 00 00 4A 4A F7
[12:25:23.889] [SysEx TX] F0 00 7D 00 05 03 00 00 18 18 F7
[12:25:23.909] [SysEx TX] F0 00 7D 00 05 03 00 00 0E 0E F7
[12:25:23.917] [SysEx TX] F0 00 7D 00 05 03 00 00 08 08 F7
[12:25:23.929] [SysEx TX] F0 00 7D 00 05 03 00 00 07 07 F7
[12:25:23.937] [SysEx TX] F0 00 7D 00 05 03 00 00 02 02 F7
[12:25:24.091] [SysEx TX] F0 00 7D 00 05 03 00 00 3D 3D F7
[12:25:24.103] [SysEx TX] F0 00 7D 00 05 03 00 00 7F 7F F7
[12:25:24.103] [CHOKE] i=1 note=57 ch=10
[12:25:24.116] [SysEx TX] F0 00 7D 00 05 03 00 00 2A 2A F7
[12:25:24.132] [SysEx TX] F0 00 7D 00 05 03 00 00 12 12 F7
[12:25:24.133] [CHOKE] i=1 note=57 ch=10
[12:25:24.141] [SysEx TX] F0 00 7D 00 05 03 00 00 09 09 F7
[12:25:24.151] [SysEx TX] F0 00 7D 00 05 03 00 00 02 02 F7
[12:25:24.175] [SysEx TX] F0 00 7D 00 05 03 00 00 04 04 F7
[12:25:24.189] [CHOKE] i=1 note=57 ch=10
[12:25:24.196] [SysEx TX] F0 00 7D 00 05 03 00 00 7F 7F F7
[12:25:24.207] [SysEx TX] F0 00 7D 00 05 03 00 00 3C 3C F7
[12:25:24.229] [SysEx TX] F0 00 7D 00 05 03 00 00 0C 0C F7
[12:25:24.243] [SysEx TX] F0 00 7D 00 05 03 00 00 12 12 F7
[12:25:24.252] [SysEx TX] F0 00 7D 00 05 03 00 00 02 02 F7
[12:25:24.264] [SysEx TX] F0 00 7D 00 05 03 00 00 04 04 F7
[12:25:24.322] [SysEx TX] F0 00 7D 00 05 03 00 00 5E 5E F7
[12:25:24.322] [CHOKE] i=1 note=57 ch=10
[12:25:24.338] [SysEx TX] F0 00 7D 00 05 03 00 00 7F 7F F7
[12:25:24.345] [SysEx TX] F0 00 7D 00 05 03 00 00 38 38 F7
[12:25:24.353] [SysEx TX] F0 00 7D 00 05 03 00 00 1B 1B F7
[12:25:24.365] [SysEx TX] F0 00 7D 00 05 03 00 00 0C 0C F7
[12:25:24.368] [CHOKE] i=1 note=57 ch=10
[12:25:24.378] [SysEx TX] F0 00 7D 00 05 03 00 00 03 03 F7
[12:25:24.443] [CHOKE] i=1 note=57 ch=10
[12:25:24.491] [SysEx TX] F0 00 7D 00 05 03 00 00 30 30 F7
[12:25:24.503] [SysEx TX] F0 00 7D 00 05 03 00 00 33 33 F7
[12:25:24.513] [SysEx TX] F0 00 7D 00 05 03 00 00 39 39 F7
[12:25:24.533] [SysEx TX] F0 00 7D 00 05 03 00 00 01 01 F7
[12:25:24.594] [SysEx TX] F0 00 7D 00 05 03 00 00 43 43 F7
[12:25:24.605] [SysEx TX] F0 00 7D 00 05 03 00 00 59 59 F7
[12:25:24.615] [SysEx TX] F0 00 7D 00 05 03 00 00 2F 2F F7
[12:25:24.637] [SysEx TX] F0 00 7D 00 05 03 00 00 0C 0C F7
[12:25:24.654] [SysEx TX] F0 00 7D 00 05 03 00 00 02 02 F7
[12:25:24.663] [SysEx TX] F0 00 7D 00 05 03 00 00 01 01 F7
[12:25:24.685] [SysEx TX] F0 00 7D 00 05 03 00 00 47 47 F7
[12:25:24.696] [SysEx TX] F0 00 7D 00 05 03 00 00 7F 7F F7
[12:25:24.708] [SysEx TX] F0 00 7D 00 05 03 00 00 2E 2E F7
[12:25:24.718] [SysEx TX] F0 00 7D 00 05 03 00 00 13 13 F7
[12:25:24.737] [SysEx TX] F0 00 7D 00 05 03 00 00 10 10 F7
[12:25:24.747] [SysEx TX] F0 00 7D 00 05 03 00 00 07 07 F7
[12:25:24.756] [SysEx TX] F0 00 7D 00 05 03 00 00 1F 1F F7
[12:25:24.850] [SysEx TX] F0 00 7D 00 05 03 00 00 3E 3E F7
[12:25:24.858] [SysEx TX] F0 00 7D 00 05 03 00 00 7F 7F F7
[12:25:24.867] [SysEx TX] F0 00 7D 00 05 03 00 00 27 27 F7
[12:25:24.878] [SysEx TX] F0 00 7D 00 05 03 00 00 07 07 F7
[12:25:24.889] [SysEx TX] F0 00 7D 00 05 03 00 00 0A 0A F7
[12:25:24.955] [SysEx TX] F0 00 7D 00 05 03 00 00 71 71 F7
[12:25:24.965] [SysEx TX] F0 00 7D 00 05 03 00 00 7F 7F F7
[12:25:24.974] [SysEx TX] F0 00 7D 00 05 03 00 00 4D 4D F7
[12:25:24.984] [SysEx TX] F0 00 7D 00 05 03 00 00 22 22 F7
[12:25:24.996] [SysEx TX] F0 00 7D 00 05 03 00 00 09 09 F7
[12:25:25.006] [SysEx TX] F0 00 7D 00 05 03 01 00 01 01 F7
[12:25:25.023] [SysEx TX] F0 00 7D 00 05 03 00 00 0C 0C F7
[12:25:25.069] [SysEx TX] F0 00 7D 00 05 03 00 00 64 64 F7
[12:25:25.080] [SysEx TX] F0 00 7D 00 05 03 00 00 36 36 F7
[12:25:25.091] [SysEx TX] F0 00 7D 00 05 03 00 00 48 48 F7
[12:25:25.102] [SysEx TX] F0 00 7D 00 05 03 00 00 1B 1B F7
[12:25:25.113] [SysEx TX] F0 00 7D 00 05 03 00 00 08 08 F7
[12:25:25.126] [SysEx TX] F0 00 7D 00 05 03 01 00 02 07 F7
[12:25:25.238] [SysEx TX] F0 00 7D 00 05 03 00 00 7F 7F F7
[12:25:25.243] [SysEx TX] F0 00 7D 00 05 03 00 00 7D 7D F7
[12:25:25.249] [CHOKE] i=1 note=57 ch=10
[12:25:25.259] [SysEx TX] F0 00 7D 00 05 03 00 00 6C 6C F7
[12:25:25.632] [CHOKE] i=1 note=57 ch=10
[12:25:25.855] [SysEx TX] F0 00 7D 00 05 03 00 00 6A 6A F7
[12:25:25.858] [CHOKE] i=1 note=57 ch=10
[12:25:25.874] [SysEx TX] F0 00 7D 00 05 03 00 00 3C 3C F7
[12:25:25.882] [SysEx TX] F0 00 7D 00 05 03 00 00 44 44 F7
[12:25:25.890] [SysEx TX] F0 00 7D 00 05 03 00 00 19 19 F7
[12:25:25.901] [SysEx TX] F0 00 7D 00 05 03 00 00 15 15 F7
[12:25:25.913] [SysEx TX] F0 00 7D 00 05 03 00 00 05 05 F7
[12:25:25.924] [SysEx TX] F0 00 7D 00 05 03 00 00 03 03 F7
[12:25:26.035] [SysEx TX] F0 00 7D 00 05 03 00 00 58 58 F7
[12:25:26.067] [SysEx TX] F0 00 7D 00 05 03 00 00 7F 7F F7
[12:25:26.092] [SysEx TX] F0 00 7D 00 05 03 00 00 36 36 F7
[12:25:26.104] [SysEx TX] F0 00 7D 00 05 03 00 00 16 16 F7
[12:25:26.125] [CHOKE] i=1 note=57 ch=10
[12:25:26.141] [SysEx TX] F0 00 7D 00 05 03 00 00 02 02 F7
[12:25:26.158] [SysEx TX] F0 00 7D 00 05 03 00 00 04 04 F7
[12:25:26.167] [SysEx TX] F0 00 7D 00 05 03 00 00 3B 3B F7
[12:25:26.193] [SysEx TX] F0 00 7D 00 05 03 00 00 39 39 F7
[12:25:26.278] [CHOKE] i=1 note=57 ch=10
[12:25:26.294] [SysEx TX] F0 00 7D 00 05 03 00 00 7F 7F F7
[12:25:26.302] [SysEx TX] F0 00 7D 00 05 03 00 00 7F 7F F7
[12:25:26.305] [CHOKE] i=1 note=57 ch=10
[12:25:26.334] [SysEx TX] F0 00 7D 00 05 03 00 00 7F 7F F7
[12:25:26.342] [SysEx TX] F0 00 7D 00 05 03 00 00 15 15 F7
[12:25:26.348] [CHOKE] i=1 note=57 ch=10
[12:25:26.392] [SysEx TX] F0 00 7D 00 05 03 00 00 1D 1D F7
[12:25:27.470] [CHOKE] i=1 note=57 ch=10
[12:25:28.032] [SysEx TX] F0 00 7D 00 05 03 00 00 02 02 F7
[12:25:28.043] [SysEx TX] F0 00 7D 00 05 03 00 00 4F 4F F7
[12:25:28.045] [CHOKE] i=1 note=57 ch=10
[12:25:28.057] [SysEx TX] F0 00 7D 00 05 03 00 00 6A 6A F7
[12:25:28.069] [SysEx TX] F0 00 7D 00 05 03 00 00 3B 3B F7
[12:25:28.071] [CHOKE] i=1 note=57 ch=10
[12:25:28.082] [SysEx TX] F0 00 7D 00 05 03 00 00 2C 2C F7
[12:25:28.096] [SysEx TX] F0 00 7D 00 05 03 00 00 1A 1A F7
[12:25:28.111] [SysEx TX] F0 00 7D 00 05 03 00 00 0B 0B F7
[12:25:28.111] [CHOKE] i=1 note=57 ch=10
[12:25:28.128] [SysEx TX] F0 00 7D 00 05 03 00 00 05 05 F7
[12:25:28.252] [SysEx TX] F0 00 7D 00 05 03 00 00 71 71 F7
[12:25:28.264] [SysEx TX] F0 00 7D 00 05 03 00 00 7F 7F F7
[12:25:28.266] [CHOKE] i=1 note=57 ch=10
[12:25:28.277] [SysEx TX] F0 00 7D 00 05 03 00 00 5B 5B F7
[12:25:28.288] [SysEx TX] F0 00 7D 00 05 03 00 00 1F 1F F7
[12:25:28.303] [SysEx TX] F0 00 7D 00 05 03 00 00 0D 0D F7
[12:25:28.319] [SysEx TX] F0 00 7D 00 05 03 00 00 0F 0F F7
[12:25:28.331] [SysEx TX] F0 00 7D 00 05 03 00 00 09 09 F7
[12:25:28.339] [SysEx TX] F0 00 7D 00 05 03 00 00 02 02 F7
[12:25:28.379] [SysEx TX] F0 00 7D 00 05 03 00 00 7F 7F F7
[12:25:28.390] [SysEx TX] F0 00 7D 00 05 03 00 00 7F 7F F7
[12:25:28.404] [SysEx TX] F0 00 7D 00 05 03 00 00 2D 2D F7
[12:25:28.563] [SysEx TX] F0 00 7D 00 05 03 00 00 7F 7F F7
[12:25:28.576] [SysEx TX] F0 00 7D 00 05 03 00 00 7F 7F F7
[12:25:28.585] [SysEx TX] F0 00 7D 00 05 03 00 00 41 41 F7
[12:25:28.596] [SysEx TX] F0 00 7D 00 05 03 00 00 1A 1A F7
[12:25:28.639] [SysEx TX] F0 00 7D 00 05 03 00 00 1F 1F F7
[12:25:28.647] [SysEx TX] F0 00 7D 00 05 03 00 00 02 02 F7
[12:25:28.658] [SysEx TX] F0 00 7D 00 05 03 00 00 02 02 F7
[12:25:28.711] [SysEx TX] F0 00 7D 00 05 03 00 00 7F 7F F7
[12:25:28.731] [SysEx TX] F0 00 7D 00 05 03 00 00 2B 2B F7
[12:25:28.742] [SysEx TX] F0 00 7D 00 05 03 00 00 68 68 F7
[12:25:28.751] [SysEx TX] F0 00 7D 00 05 03 00 00 07 07 F7
[12:25:28.762] [SysEx TX] F0 00 7D 00 05 03 00 00 15 15 F7
[12:25:28.903] [SysEx TX] F0 00 7D 00 05 03 00 00 7F 7F F7
[12:25:28.915] [SysEx TX] F0 00 7D 00 05 03 00 00 4F 4F F7
[12:25:28.928] [SysEx TX] F0 00 7D 00 05 03 00 00 5C 5C F7
[12:25:28.937] [SysEx TX] F0 00 7D 00 05 03 00 00 2D 2D F7
[12:25:28.953] [SysEx TX] F0 00 7D 00 05 03 00 00 18 18 F7
[12:25:29.153] [SysEx TX] F0 00 7D 00 05 03 00 00 7F 7F F7
[12:25:29.165] [SysEx TX] F0 00 7D 00 05 03 00 00 7F 7F F7
[12:25:29.167] [CHOKE] i=1 note=57 ch=10
[12:25:29.179] [SysEx TX] F0 00 7D 00 05 03 00 00 68 68 F7
[12:25:29.190] [SysEx TX] F0 00 7D 00 05 03 00 00 32 32 F7
[12:25:29.194] [CHOKE] i=1 note=57 ch=10
[12:25:29.204] [SysEx TX] F0 00 7D 00 05 03 00 00 15 15 F7
[12:25:29.223] [SysEx TX] F0 00 7D 00 05 03 00 00 08 08 F7
[12:25:29.234] [SysEx TX] F0 00 7D 00 05 03 01 00 01 01 F7
[12:25:29.355] [CHOKE] i=1 note=57 ch=10
[12:25:29.492] [CHOKE] i=1 note=57 ch=10
[12:25:29.530] [SysEx TX] F0 00 7D 00 05 03 00 00 7F 7F F7
[12:25:29.554] [SysEx TX] F0 00 7D 00 05 03 00 00 7F 7F F7
[12:25:29.563] [SysEx TX] F0 00 7D 00 05 03 00 00 68 68 F7
[12:25:29.574] [SysEx TX] F0 00 7D 00 05 03 00 00 0E 0E F7
[12:25:29.586] [SysEx TX] F0 00 7D 00 05 03 00 00 01 01 F7
[12:25:29.588] [CHOKE] i=1 note=57 ch=10
[12:25:29.601] [SysEx TX] F0 00 7D 00 05 03 00 00 07 07 F7
[12:25:29.921] [SysEx TX] F0 00 7D 00 05 03 00 00 2A 2A F7
[12:25:29.938] [SysEx TX] F0 00 7D 00 05 03 00 00 7F 7F F7
[12:25:29.951] [SysEx TX] F0 00 7D 00 05 03 00 00 22 22 F7
[12:25:29.962] [SysEx TX] F0 00 7D 00 05 03 00 00 36 36 F7
[12:25:29.971] [SysEx TX] F0 00 7D 00 05 03 00 00 04 04 F7
[12:25:29.983] [SysEx TX] F0 00 7D 00 05 03 00 00 0D 0D F7
[12:25:29.993] [SysEx TX] F0 00 7D 00 05 03 00 00 01 01 F7
[12:25:30.030] [CHOKE] i=1 note=57 ch=10
[12:25:30.212] [SysEx TX] F0 00 7D 00 05 03 00 00 17 17 F7
[12:25:30.224] [SysEx TX] F0 00 7D 00 05 03 00 00 39 39 F7
[12:25:30.227] [CHOKE] i=1 note=57 ch=10
[12:25:30.238] [SysEx TX] F0 00 7D 00 05 03 00 00 03 03 F7
[12:25:30.445] [SysEx TX] F0 00 7D 00 05 03 00 00 13 13 F7
[12:25:30.472] [SysEx TX] F0 00 7D 00 05 03 00 00 20 20 F7
[12:25:31.003] [SysEx TX] F0 00 7D 00 05 03 00 00 01 01 F7
[12:25:31.014] [SysEx TX] F0 00 7D 00 05 03 00 00 45 45 F7
[12:25:31.025] [SysEx TX] F0 00 7D 00 05 03 00 00 6F 6F F7
[12:25:31.035] [SysEx TX] F0 00 7D 00 05 03 00 00 2A 2A F7
[12:25:31.048] [SysEx TX] F0 00 7D 00 05 03 00 00 01 01 F7
[12:25:31.701] [SysEx TX] F0 00 7D 00 05 03 00 00 25 25 F7
[12:25:31.711] [SysEx TX] F0 00 7D 00 05 03 00 00 53 53 F7
[12:25:31.722] [SysEx TX] F0 00 7D 00 05 03 00 00 1C 1C F7
[12:25:31.735] [SysEx TX] F0 00 7D 00 05 03 00 00 16 16 F7
[12:25:31.744] [SysEx TX] F0 00 7D 00 05 03 00 00 06 06 F7
[12:25:31.755] [SysEx TX] F0 00 7D 00 05 03 00 00 03 03 F7
[12:25:31.778] [SysEx TX] F0 00 7D 00 05 03 00 00 01 01 F7
[12:25:31.779] [CHOKE] i=1 note=57 ch=10
[12:25:31.916] [CHOKE] i=1 note=57 ch=10
[12:25:33.099] [CHOKE] i=1 note=57 ch=10
[12:25:33.113] [CHOKE] i=1 note=57 ch=10
[12:25:33.762] [CHOKE] i=1 note=57 ch=10
[12:25:35.622] [CHOKE] i=1 note=57 ch=10
[12:25:37.020] [SysEx TX] F0 00 7D 00 05 03 00 00 12 12 F7
[12:25:37.327] [SysEx TX] F0 00 7D 00 05 03 00 00 14 14 F7
[12:25:37.327] [SysEx TX] F0 00 7D 00 05 03 00 00 16 16 F7
[12:25:37.327] [SysEx TX] F0 00 7D 00 05 03 00 00 0C 0C F7
[12:25:37.327] [SysEx TX] F0 00 7D 00 05 03 00 00 10 10 F7
[12:25:37.327] [CHOKE] i=1 note=57 ch=10
[12:25:37.327] [SysEx TX] F0 00 7D 00 05 03 00 00 06 06 F7
[12:25:37.327] [SysEx TX] F0 00 7D 00 05 03 00 00 01 01 F7
[12:25:37.327] [SysEx TX] F0 00 7D 00 05 03 00 00 01 01 F7
[12:25:37.327] [SysEx TX] F0 00 7D 00 05 03 00 00 01 01 F7
[12:25:37.448] [SysEx TX] F0 00 7D 00 05 03 00 00 01 01 F7
[12:25:37.459] [SysEx TX] F0 00 7D 00 05 03 00 00 10 10 F7
[12:25:37.475] [SysEx TX] F0 00 7D 00 05 03 00 00 12 12 F7
[12:25:37.483] [CHOKE] i=1 note=57 ch=10
[12:25:37.528] [SysEx TX] F0 00 7D 00 05 03 00 00 01 01 F7
[12:25:37.539] [SysEx TX] F0 00 7D 00 05 03 00 00 01 01 F7
[12:25:37.548] [SysEx TX] F0 00 7D 00 05 03 00 00 01 01 F7
[12:25:37.761] [SysEx TX] F0 00 7D 00 05 03 00 00 06 06 F7
[12:25:37.766] [SysEx TX] F0 00 7D 00 05 03 00 00 0E 0E F7
[12:25:37.769] [CHOKE] i=1 note=57 ch=10
[12:25:37.826] [SysEx TX] F0 00 7D 00 05 03 00 00 01 01 F7
[12:25:37.844] [SysEx TX] F0 00 7D 00 05 03 00 00 01 01 F7
[12:25:37.855] [SysEx TX] F0 00 7D 00 05 03 00 00 01 01 F7
[12:25:38.028] [SysEx TX] F0 00 7D 00 05 03 00 00 05 05 F7
[12:25:38.059] [SysEx TX] F0 00 7D 00 05 03 00 00 08 08 F7
[12:25:38.068] [SysEx TX] F0 00 7D 00 05 03 00 00 0C 0C F7
[12:25:38.071] [CHOKE] i=1 note=57 ch=10
[12:25:38.104] [SysEx TX] F0 00 7D 00 05 03 00 00 01 01 F7
[12:25:38.115] [SysEx TX] F0 00 7D 00 05 03 00 00 01 01 F7
[12:25:38.133] [SysEx TX] F0 00 7D 00 05 03 00 00 01 01 F7
[12:25:38.601] [SysEx TX] F0 00 7D 00 05 03 00 00 04 04 F7
[12:25:38.609] [SysEx TX] F0 00 7D 00 05 03 00 00 05 05 F7
[12:25:38.621] [SysEx TX] F0 00 7D 00 05 03 00 00 09 09 F7
[12:25:38.676] [SysEx TX] F0 00 7D 00 05 03 00 00 01 01 F7
[12:25:38.685] [SysEx TX] F0 00 7D 00 05 03 00 00 01 01 F7
[12:25:38.696] [SysEx TX] F0 00 7D 00 05 03 00 00 01 01 F7
[12:25:38.710] [SysEx TX] F0 00 7D 00 05 03 00 00 01 01 F7
[12:25:38.850] [SysEx TX] F0 00 7D 00 05 03 00 00 03 03 F7
[12:25:38.878] [SysEx TX] F0 00 7D 00 05 03 00 00 07 07 F7
[12:25:38.886] [SysEx TX] F0 00 7D 00 05 03 00 00 0A 0A F7
[12:25:38.887] [CHOKE] i=1 note=57 ch=10
[12:25:38.919] [SysEx TX] F0 00 7D 00 05 03 00 00 01 01 F7
[12:25:38.930] [SysEx TX] F0 00 7D 00 05 03 00 00 01 01 F7
[12:25:38.936] [CHOKE] i=1 note=57 ch=10
[12:25:38.950] [SysEx TX] F0 00 7D 00 05 03 00 00 01 01 F7
[12:25:38.960] [CHOKE] i=1 note=57 ch=10
[12:25:39.123] [SysEx TX] F0 00 7D 00 05 03 00 00 03 03 F7
[12:25:39.125] [CHOKE] i=1 note=57 ch=10
[12:25:39.140] [SysEx TX] F0 00 7D 00 05 03 00 00 07 07 F7
[12:25:39.157] [SysEx TX] F0 00 7D 00 05 03 00 00 0C 0C F7
[12:25:39.193] [SysEx TX] F0 00 7D 00 05 03 00 00 01 01 F7
[12:25:39.201] [SysEx TX] F0 00 7D 00 05 03 00 00 01 01 F7
[12:25:39.211] [SysEx TX] F0 00 7D 00 05 03 00 00 01 01 F7
[12:25:39.215] [CHOKE] i=1 note=57 ch=10
[12:25:39.370] [CHOKE] i=1 note=57 ch=10
[12:25:39.383] [CHOKE] i=1 note=57 ch=10
[12:25:39.571] [SysEx TX] F0 00 7D 00 05 03 00 00 04 04 F7
[12:25:39.571] [SysEx TX] F0 00 7D 00 05 03 00 00 26 26 F7
[12:25:39.584] [CHOKE] i=1 note=57 ch=10
[12:25:39.595] [SysEx TX] F0 00 7D 00 05 03 00 00 0E 0E F7
[12:25:39.638] [SysEx TX] F0 00 7D 00 05 03 00 00 01 01 F7
[12:25:39.648] [SysEx TX] F0 00 7D 00 05 03 00 00 02 02 F7
[12:25:39.651] [CHOKE] i=1 note=57 ch=10
[12:25:39.954] [CHOKE] i=1 note=57 ch=10
[12:25:39.977] [CHOKE] i=1 note=57 ch=10
[12:25:41.217] [CHOKE] i=1 note=57 ch=10
[12:25:41.826] [CHOKE] i=1 note=57 ch=10
[12:25:42.957] [SysEx TX] F0 00 7D 00 05 03 00 00 24 24 F7
[12:25:42.997] [SysEx TX] F0 00 7D 00 05 03 00 00 7F 7F F7
[12:25:43.008] [SysEx TX] F0 00 7D 00 05 03 00 00 28 28 F7
[12:25:43.020] [SysEx TX] F0 00 7D 00 05 03 00 00 09 09 F7
[12:25:43.057] [SysEx TX] F0 00 7D 00 05 03 00 00 01 01 F7
[12:25:43.068] [SysEx TX] F0 00 7D 00 05 03 00 00 01 01 F7
[12:25:43.117] [CHOKE] i=1 note=57 ch=10
[12:25:43.197] [CHOKE] i=1 note=57 ch=10
[12:25:43.706] [CHOKE] i=1 note=57 ch=10
[12:25:43.786] [CHOKE] i=1 note=57 ch=10
[12:25:44.761] [SysEx TX] F0 00 7D 00 05 03 00 00 02 02 F7
[12:25:44.771] [SysEx TX] F0 00 7D 00 05 03 00 00 3C 3C F7
[12:25:44.787] [SysEx TX] F0 00 7D 00 05 03 00 00 44 44 F7
[12:25:44.801] [SysEx TX] F0 00 7D 00 05 03 00 00 23 23 F7
[12:25:44.813] [SysEx TX] F0 00 7D 00 05 03 00 00 21 21 F7
[12:25:44.825] [SysEx TX] F0 00 7D 00 05 03 00 00 0F 0F F7
[12:25:44.845] [SysEx TX] F0 00 7D 00 05 03 00 00 04 04 F7
[12:25:44.848] [CHOKE] i=1 note=57 ch=10
[12:25:44.865] [SysEx TX] F0 00 7D 00 05 03 00 00 01 01 F7
[12:25:44.867] [CHOKE] i=1 note=57 ch=10
[12:25:44.879] [SysEx TX] F0 00 7D 00 05 03 00 00 01 01 F7
[12:25:44.958] [CHOKE] i=1 note=57 ch=10
[12:25:45.505] [SysEx TX] F0 00 7D 00 05 03 00 00 03 03 F7
[12:25:45.523] [SysEx TX] F0 00 7D 00 05 03 00 00 5E 5E F7
[12:25:45.525] [CHOKE] i=1 note=57 ch=10
[12:25:45.537] [SysEx TX] F0 00 7D 00 05 03 00 00 3D 3D F7
[12:25:45.548] [SysEx TX] F0 00 7D 00 05 03 00 00 18 18 F7
[12:25:45.559] [SysEx TX] F0 00 7D 00 05 03 00 00 0C 0C F7
[12:25:45.570] [SysEx TX] F0 00 7D 00 05 03 00 00 09 09 F7
[12:25:45.581] [SysEx TX] F0 00 7D 00 05 03 00 00 05 05 F7
[12:25:45.596] [SysEx TX] F0 00 7D 00 05 03 00 00 01 01 F7
[12:25:45.607] [SysEx TX] F0 00 7D 00 05 03 00 00 01 01 F7
[12:25:46.137] [SysEx TX] F0 00 7D 00 05 03 00 00 02 02 F7
[12:25:46.149] [SysEx TX] F0 00 7D 00 05 03 00 00 7F 7F F7
[12:25:46.157] [SysEx TX] F0 00 7D 00 05 03 00 00 3B 3B F7
[12:25:46.167] [SysEx TX] F0 00 7D 00 05 03 00 00 28 28 F7
[12:25:46.186] [SysEx TX] F0 00 7D 00 05 03 00 00 17 17 F7
[12:25:46.195] [SysEx TX] F0 00 7D 00 05 03 00 00 0C 0C F7
[12:25:46.206] [SysEx TX] F0 00 7D 00 05 03 00 00 08 08 F7
[12:25:46.218] [SysEx TX] F0 00 7D 00 05 03 00 00 04 04 F7
[12:25:46.234] [SysEx TX] F0 00 7D 00 05 03 00 00 01 01 F7
[12:25:46.874] [SysEx TX] F0 00 7D 00 05 03 00 00 02 02 F7
[12:25:46.884] [SysEx TX] F0 00 7D 00 05 03 00 00 4F 4F F7
[12:25:46.895] [SysEx TX] F0 00 7D 00 05 03 00 00 22 22 F7
[12:25:46.904] [CHOKE] i=1 note=57 ch=10
[12:25:46.910] [SysEx TX] F0 00 7D 00 05 03 00 00 15 15 F7
[12:25:46.920] [SysEx TX] F0 00 7D 00 05 03 00 00 0D 0D F7
[12:25:46.971] [SysEx TX] F0 00 7D 00 05 03 00 00 01 01 F7
[12:25:46.980] [SysEx TX] F0 00 7D 00 05 03 00 00 01 01 F7
[12:25:46.997] [SysEx TX] F0 00 7D 00 05 03 01 00 02 07 F7
[12:25:47.441] [SysEx TX] F0 00 7D 00 05 03 00 00 0B 0B F7
[12:25:47.450] [SysEx TX] F0 00 7D 00 05 03 00 00 12 12 F7
[12:25:47.470] [CHOKE] i=1 note=57 ch=10
[12:25:47.480] [SysEx TX] F0 00 7D 00 05 03 00 00 09 09 F7
[12:25:47.489] [SysEx TX] F0 00 7D 00 05 03 00 00 0E 0E F7
[12:25:47.491] [CHOKE] i=1 note=57 ch=10
[12:25:47.529] [SysEx TX] F0 00 7D 00 05 03 00 00 01 01 F7
[12:25:47.540] [SysEx TX] F0 00 7D 00 05 03 00 00 01 01 F7
[12:25:47.878] [SysEx TX] F0 00 7D 00 05 03 00 00 06 06 F7
[12:25:47.890] [SysEx TX] F0 00 7D 00 05 03 00 00 53 53 F7
[12:25:47.900] [SysEx TX] F0 00 7D 00 05 03 00 00 18 18 F7
[12:25:47.911] [SysEx TX] F0 00 7D 00 05 03 00 00 0D 0D F7
[12:25:47.913] [CHOKE] i=1 note=57 ch=10
[12:25:47.925] [SysEx TX] F0 00 7D 00 05 03 00 00 09 09 F7
[12:25:47.936] [SysEx TX] F0 00 7D 00 05 03 00 00 08 08 F7
[12:25:47.940] [CHOKE] i=1 note=57 ch=10
[12:25:47.983] [SysEx TX] F0 00 7D 00 05 03 00 00 02 02 F7
[12:25:47.993] [SysEx TX] F0 00 7D 00 05 03 00 00 01 01 F7
[12:25:48.003] [SysEx TX] F0 00 7D 00 05 03 00 00 01 01 F7
[12:25:48.841] [SysEx TX] F0 00 7D 00 05 03 00 00 39 39 F7
[12:25:48.849] [SysEx TX] F0 00 7D 00 05 03 00 00 7F 7F F7
[12:25:48.861] [SysEx TX] F0 00 7D 00 05 03 00 00 4B 4B F7
[12:25:48.871] [SysEx TX] F0 00 7D 00 05 03 00 00 28 28 F7
[12:25:48.884] [SysEx TX] F0 00 7D 00 05 03 00 00 2D 2D F7
[12:25:48.902] [SysEx TX] F0 00 7D 00 05 03 00 00 0F 0F F7
[12:25:48.914] [SysEx TX] F0 00 7D 00 05 03 00 00 0D 0D F7
[12:25:48.921] [SysEx TX] F0 00 7D 00 05 03 00 00 05 05 F7
[12:25:48.933] [SysEx TX] F0 00 7D 00 05 03 00 00 03 03 F7
[12:25:48.947] [SysEx TX] F0 00 7D 00 05 03 00 00 01 01 F7
[12:25:48.950] [CHOKE] i=1 note=57 ch=10
[12:25:49.339] [CHOKE] i=1 note=57 ch=10
[12:25:49.723] [SysEx TX] F0 00 7D 00 05 03 00 00 02 02 F7
[12:25:49.733] [SysEx TX] F0 00 7D 00 05 03 00 00 70 70 F7
[12:25:49.734] [CHOKE] i=1 note=57 ch=10
[12:25:49.746] [SysEx TX] F0 00 7D 00 05 03 00 00 3B 3B F7
[12:25:49.768] [SysEx TX] F0 00 7D 00 05 03 00 00 2B 2B F7
[12:25:49.768] [CHOKE] i=1 note=57 ch=10
[12:25:49.778] [SysEx TX] F0 00 7D 00 05 03 00 00 14 14 F7
[12:25:49.789] [SysEx TX] F0 00 7D 00 05 03 00 00 0D 0D F7
[12:25:49.807] [SysEx TX] F0 00 7D 00 05 03 00 00 04 04 F7
[12:25:49.825] [SysEx TX] F0 00 7D 00 05 03 00 00 01 01 F7
[12:25:49.836] [SysEx TX] F0 00 7D 00 05 03 00 00 01 01 F7
[12:25:49.837] [CHOKE] i=1 note=57 ch=10
[12:25:49.979] [CHOKE] i=1 note=57 ch=10
[12:25:50.588] [SysEx TX] F0 00 7D 00 05 03 00 00 24 24 F7
[12:25:50.601] [SysEx TX] F0 00 7D 00 05 03 00 00 57 57 F7
[12:25:50.611] [SysEx TX] F0 00 7D 00 05 03 00 00 49 49 F7
[12:25:50.624] [SysEx TX] F0 00 7D 00 05 03 00 00 21 21 F7
[12:25:50.644] [SysEx TX] F0 00 7D 00 05 03 00 00 15 15 F7
[12:25:50.653] [SysEx TX] F0 00 7D 00 05 03 00 00 19 19 F7
[12:25:50.663] [SysEx TX] F0 00 7D 00 05 03 00 00 06 06 F7
[12:25:50.694] [SysEx TX] F0 00 7D 00 05 03 00 00 01 01 F7
[12:25:51.179] [CHOKE] i=1 note=57 ch=10
[12:25:51.200] [CHOKE] i=1 note=57 ch=10
[12:25:51.546] [SysEx TX] F0 00 7D 00 05 03 00 00 01 01 F7
[12:25:51.565] [CHOKE] i=1 note=57 ch=10
[12:25:51.576] [SysEx TX] F0 00 7D 00 05 03 00 00 02 02 F7
[12:25:51.585] [SysEx TX] F0 00 7D 00 05 03 00 00 1F 1F F7
[12:25:51.596] [SysEx TX] F0 00 7D 00 05 03 00 00 19 19 F7
[12:25:51.601] [CHOKE] i=1 note=57 ch=10
[12:25:51.610] [SysEx TX] F0 00 7D 00 05 03 00 00 0E 0E F7
[12:25:51.621] [SysEx TX] F0 00 7D 00 05 03 00 00 09 09 F7
[12:25:51.632] [SysEx TX] F0 00 7D 00 05 03 00 00 05 05 F7
[12:25:51.672] [SysEx TX] F0 00 7D 00 05 03 00 00 01 01 F7
[12:25:51.819] [CHOKE] i=1 note=57 ch=10
[12:25:51.839] [CHOKE] i=1 note=57 ch=10
[12:25:52.063] [SysEx TX] F0 00 7D 00 05 03 00 00 01 01 F7
[12:25:52.078] [SysEx TX] F0 00 7D 00 05 03 00 00 7F 7F F7
[12:25:52.079] [CHOKE] i=1 note=57 ch=10
[12:25:52.088] [SysEx TX] F0 00 7D 00 05 03 00 00 29 29 F7
[12:25:52.099] [SysEx TX] F0 00 7D 00 05 03 00 00 1D 1D F7
[12:25:52.110] [SysEx TX] F0 00 7D 00 05 03 00 00 0D 0D F7
[12:25:52.124] [SysEx TX] F0 00 7D 00 05 03 00 00 0C 0C F7
[12:25:52.132] [SysEx TX] F0 00 7D 00 05 03 00 00 07 07 F7
[12:25:52.145] [SysEx TX] F0 00 7D 00 05 03 00 00 04 04 F7
[12:25:52.160] [SysEx TX] F0 00 7D 00 05 03 00 00 01 01 F7
[12:25:52.160] [CHOKE] i=1 note=57 ch=10
[12:25:52.182] [SysEx TX] F0 00 7D 00 05 03 00 00 01 01 F7
[12:25:52.439] [CHOKE] i=1 note=57 ch=10
[12:25:52.782] [SysEx TX] F0 00 7D 00 05 03 00 00 02 02 F7
[12:25:52.800] [SysEx TX] F0 00 7D 00 05 03 00 00 43 43 F7
[12:25:52.805] [SysEx TX] F0 00 7D 00 05 03 00 00 11 11 F7
[12:25:52.814] [SysEx TX] F0 00 7D 00 05 03 00 00 15 15 F7
[12:25:52.826] [SysEx TX] F0 00 7D 00 05 03 00 00 08 08 F7
[12:25:52.841] [SysEx TX] F0 00 7D 00 05 03 00 00 06 06 F7
[12:25:52.860] [SysEx TX] F0 00 7D 00 05 03 00 00 01 01 F7
[12:25:52.876] [SysEx TX] F0 00 7D 00 05 03 00 00 01 01 F7
[12:25:52.889] [SysEx TX] F0 00 7D 00 05 03 00 00 01 01 F7
[12:25:53.244] [SysEx TX] F0 00 7D 00 05 03 00 00 1F 1F F7
[12:25:53.250] [SysEx TX] F0 00 7D 00 05 03 00 00 7F 7F F7
[12:25:53.261] [SysEx TX] F0 00 7D 00 05 03 00 00 23 23 F7
[12:25:53.273] [SysEx TX] F0 00 7D 00 05 03 00 00 11 11 F7
[12:25:53.291] [SysEx TX] F0 00 7D 00 05 03 00 00 0A 0A F7
[12:25:53.308] [SysEx TX] F0 00 7D 00 05 03 00 00 0B 0B F7
[12:25:53.317] [SysEx TX] F0 00 7D 00 05 03 00 00 05 05 F7
[12:25:53.326] [SysEx TX] F0 00 7D 00 05 03 00 00 02 02 F7
[12:25:53.337] [SysEx TX] F0 00 7D 00 05 03 00 00 01 01 F7
[12:25:55.981] [SysEx TX] F0 00 7D 00 05 03 00 00 02 02 F7
[12:25:55.989] [SysEx TX] F0 00 7D 00 05 03 00 00 3B 3B F7
[12:25:56.000] [SysEx TX] F0 00 7D 00 05 03 00 00 1F 1F F7
[12:25:56.010] [SysEx TX] F0 00 7D 00 05 03 00 00 10 10 F7
[12:25:56.030] [SysEx TX] F0 00 7D 00 05 03 00 00 13 13 F7
[12:25:56.048] [SysEx TX] F0 00 7D 00 05 03 00 00 08 08 F7
[12:25:56.090] [SysEx TX] F0 00 7D 00 05 03 00 00 07 07 F7
[12:25:56.108] [SysEx TX] F0 00 7D 00 05 03 00 00 04 04 F7
[12:25:56.563] [SysEx TX] F0 00 7D 00 05 03 00 00 11 11 F7
[12:25:56.577] [SysEx TX] F0 00 7D 00 05 03 00 00 46 46 F7
[12:25:56.592] [SysEx TX] F0 00 7D 00 05 03 00 00 13 13 F7
[12:25:56.604] [SysEx TX] F0 00 7D 00 05 03 00 00 0C 0C F7
[12:25:56.618] [SysEx TX] F0 00 7D 00 05 03 00 00 06 06 F7
[12:25:56.666] [SysEx TX] F0 00 7D 00 05 03 00 00 01 01 F7
[12:25:56.685] [SysEx TX] F0 00 7D 00 05 03 00 00 01 01 F7
[12:25:56.820] [CHOKE] i=1 note=57 ch=10
[12:25:56.839] [CHOKE] i=1 note=57 ch=10
[12:25:56.933] [SysEx TX] F0 00 7D 00 05 03 00 00 04 04 F7
[12:25:56.944] [SysEx TX] F0 00 7D 00 05 03 00 00 56 56 F7
[12:25:56.955] [SysEx TX] F0 00 7D 00 05 03 00 00 15 15 F7
[12:25:56.959] [CHOKE] i=1 note=57 ch=10
[12:25:56.973] [SysEx TX] F0 00 7D 00 05 03 00 00 17 17 F7
[12:25:56.985] [SysEx TX] F0 00 7D 00 05 03 00 00 09 09 F7
[12:25:56.996] [SysEx TX] F0 00 7D 00 05 03 00 00 06 06 F7
[12:25:57.029] [SysEx TX] F0 00 7D 00 05 03 00 00 01 01 F7
[12:25:57.054] [SysEx TX] F0 00 7D 00 05 03 00 00 02 02 F7
[12:25:57.416] [SysEx TX] F0 00 7D 00 05 03 00 00 09 09 F7
[12:25:57.426] [SysEx TX] F0 00 7D 00 05 03 00 00 37 37 F7
[12:25:57.438] [SysEx TX] F0 00 7D 00 05 03 00 00 0E 0E F7
[12:25:57.458] [SysEx TX] F0 00 7D 00 05 03 00 00 08 08 F7
[12:25:57.464] [SysEx TX] F0 00 7D 00 05 03 00 00 0A 0A F7
[12:25:57.484] [SysEx TX] F0 00 7D 00 05 03 01 00 01 01 F7
[12:25:57.499] [SysEx TX] F0 00 7D 00 05 03 00 00 01 01 F7
[12:25:57.508] [SysEx TX] F0 00 7D 00 05 03 00 00 01 01 F7
[12:25:57.518] [SysEx TX] F0 00 7D 00 05 03 00 00 01 01 F7
[12:25:57.627] [SysEx TX] F0 00 7D 00 05 03 00 00 18 18 F7
[12:25:57.639] [SysEx TX] F0 00 7D 00 05 03 00 00 7F 7F F7
[12:25:57.650] [SysEx TX] F0 00 7D 00 05 03 00 00 2E 2E F7
[12:25:57.661] [SysEx TX] F0 00 7D 00 05 03 00 00 14 14 F7
[12:25:57.672] [SysEx TX] F0 00 7D 00 05 03 00 00 0E 0E F7
[12:25:57.689] [SysEx TX] F0 00 7D 00 05 03 00 00 07 07 F7
[12:25:57.699] [SysEx TX] F0 00 7D 00 05 03 00 00 04 04 F7
[12:25:57.710] [SysEx TX] F0 00 7D 00 05 03 00 00 02 02 F7
[12:25:57.720] [SysEx TX] F0 00 7D 00 05 03 01 00 01 01 F7
[12:25:57.732] [SysEx TX] F0 00 7D 00 05 03 00 00 01 01 F7
[12:25:58.030] [SysEx TX] F0 00 7D 00 05 03 00 00 0E 0E F7
[12:25:58.042] [SysEx TX] F0 00 7D 00 05 03 00 00 21 21 F7
[12:25:58.051] [SysEx TX] F0 00 7D 00 05 03 00 00 3F 3F F7
[12:25:58.064] [SysEx TX] F0 00 7D 00 05 03 00 00 12 12 F7
[12:25:58.074] [SysEx TX] F0 00 7D 00 05 03 00 00 08 08 F7
[12:25:58.085] [SysEx TX] F0 00 7D 00 05 03 00 00 03 03 F7
[12:25:58.099] [SysEx TX] F0 00 7D 00 05 03 00 00 05 05 F7
[12:25:58.099] [CHOKE] i=1 note=57 ch=10
[12:25:58.137] [SysEx TX] F0 00 7D 00 05 03 00 00 02 02 F7
[12:25:58.147] [SysEx TX] F0 00 7D 00 05 03 00 00 01 01 F7
[12:25:58.687] [CHOKE] i=1 note=57 ch=10
[12:25:59.442] [SysEx TX] F0 00 7D 00 05 03 00 00 02 02 F7
[12:25:59.452] [SysEx TX] F0 00 7D 00 05 03 00 00 08 08 F7
[12:25:59.463] [SysEx TX] F0 00 7D 00 05 03 00 00 02 02 F7
[12:25:59.473] [SysEx TX] F0 00 7D 00 05 03 00 00 02 02 F7
[12:25:59.486] [SysEx TX] F0 00 7D 00 05 03 00 00 01 01 F7
[12:25:59.495] [SysEx TX] F0 00 7D 00 05 03 00 00 01 01 F7
[12:25:59.507] [SysEx TX] F0 00 7D 00 05 03 00 00 01 01 F7
[12:25:59.517] [SysEx TX] F0 00 7D 00 05 03 00 00 01 01 F7
[12:25:59.527] [SysEx TX] F0 00 7D 00 05 03 00 00 02 02 F7
[12:25:59.547] [SysEx TX] F0 00 7D 00 05 03 00 00 01 01 F7
[12:25:59.905] [SysEx TX] F0 00 7D 00 05 03 00 00 01 01 F7
[12:25:59.915] [SysEx TX] F0 00 7D 00 05 03 00 00 01 01 F7
[12:25:59.930] [SysEx TX] F0 00 7D 00 05 03 00 00 01 01 F7
[12:25:59.942] [SysEx TX] F0 00 7D 00 05 03 00 00 01 01 F7
[12:25:59.953] [SysEx TX] F0 00 7D 00 05 03 00 00 01 01 F7
[12:25:59.963] [SysEx TX] F0 00 7D 00 05 03 00 00 01 01 F7
[12:26:00.206] [SysEx TX] F0 00 7D 00 05 03 00 00 01 01 F7
[12:26:00.215] [SysEx TX] F0 00 7D 00 05 03 00 00 0A 0A F7
[12:26:00.219] [CHOKE] i=1 note=57 ch=10
[12:26:00.229] [SysEx TX] F0 00 7D 00 05 03 00 00 01 01 F7
[12:26:00.240] [SysEx TX] F0 00 7D 00 05 03 00 00 01 01 F7
[12:26:00.251] [SysEx TX] F0 00 7D 00 05 03 00 00 01 01 F7
[12:26:00.264] [SysEx TX] F0 00 7D 00 05 03 00 00 01 01 F7
[12:26:00.530] [SysEx TX] F0 00 7D 00 05 03 00 00 02 02 F7
[12:26:00.588] [SysEx TX] F0 00 7D 00 05 03 00 00 03 03 F7
[12:26:00.590] [CHOKE] i=1 note=57 ch=10
[12:26:00.610] [SysEx TX] F0 00 7D 00 05 03 00 00 07 07 F7
[12:26:00.620] [SysEx TX] F0 00 7D 00 05 03 00 00 01 01 F7
[12:26:00.625] [CHOKE] i=1 note=57 ch=10
[12:26:00.636] [SysEx TX] F0 00 7D 00 05 03 00 00 01 01 F7
[12:26:00.927] [SysEx TX] F0 00 7D 00 05 03 00 00 01 01 F7
[12:26:00.930] [CHOKE] i=1 note=57 ch=10
[12:26:00.941] [SysEx TX] F0 00 7D 00 05 03 00 00 03 03 F7
[12:26:00.951] [SysEx TX] F0 00 7D 00 05 03 00 00 01 01 F7
[12:26:00.967] [SysEx TX] F0 00 7D 00 05 03 00 00 01 01 F7
[12:26:00.981] [SysEx TX] F0 00 7D 00 05 03 00 00 01 01 F7
[12:26:00.986] [CHOKE] i=1 note=57 ch=10
[12:26:00.998] [SysEx TX] F0 00 7D 00 05 03 00 00 01 01 F7
[12:26:01.005] [SysEx TX] F0 00 7D 00 05 03 01 00 02 07 F7
[12:26:01.181] [CHOKE] i=1 note=57 ch=10
[12:26:01.417] [SysEx TX] F0 00 7D 00 05 03 00 00 01 01 F7
[12:26:01.430] [SysEx TX] F0 00 7D 00 05 03 00 00 01 01 F7
[12:26:01.442] [SysEx TX] F0 00 7D 00 05 03 00 00 01 01 F7
[12:26:01.454] [SysEx TX] F0 00 7D 00 05 03 00 00 01 01 F7
[12:26:01.466] [SysEx TX] F0 00 7D 00 05 03 00 00 01 01 F7
[12:26:01.479] [SysEx TX] F0 00 7D 00 05 03 00 00 01 01 F7
[12:26:02.402] [CHOKE] i=1 note=57 ch=10
[12:26:03.068] [CHOKE] i=1 note=57 ch=10
[12:26:03.132] [CHOKE] i=1 note=57 ch=10
[12:26:03.660] [CHOKE] i=1 note=57 ch=10
[12:26:03.700] [CHOKE] i=1 note=57 ch=10
[12:26:04.419] [SysEx TX] F0 00 7D 00 05 03 00 00 02 02 F7
[12:26:04.429] [SysEx TX] F0 00 7D 00 05 03 00 00 03 03 F7
[12:26:04.441] [SysEx TX] F0 00 7D 00 05 03 00 00 04 04 F7
[12:26:04.452] [SysEx TX] F0 00 7D 00 05 03 00 00 01 01 F7
[12:26:04.486] [SysEx TX] F0 00 7D 00 05 03 00 00 02 02 F7
[12:26:04.497] [SysEx TX] F0 00 7D 00 05 03 00 00 01 01 F7
[12:26:04.511] [SysEx TX] F0 00 7D 00 05 03 00 00 01 01 F7
[12:26:04.525] [SysEx TX] F0 00 7D 00 05 03 00 00 01 01 F7
[12:26:04.537] [SysEx TX] F0 00 7D 00 05 03 00 00 01 01 F7
[12:26:04.962] [CHOKE] i=1 note=57 ch=10
[12:26:05.062] [SysEx TX] F0 00 7D 00 05 03 00 00 04 04 F7
[12:26:05.073] [SysEx TX] F0 00 7D 00 05 03 00 00 06 06 F7
[12:26:05.097] [SysEx TX] F0 00 7D 00 05 03 00 00 05 05 F7
[12:26:05.112] [SysEx TX] F0 00 7D 00 05 03 00 00 01 01 F7
[12:26:05.122] [SysEx TX] F0 00 7D 00 05 03 00 00 01 01 F7
[12:26:05.135] [SysEx TX] F0 00 7D 00 05 03 00 00 01 01 F7
[12:26:05.145] [SysEx TX] F0 00 7D 00 05 03 00 00 01 01 F7
[12:26:05.156] [SysEx TX] F0 00 7D 00 05 03 00 00 01 01 F7
[12:26:05.165] [CHOKE] i=1 note=57 ch=10
[12:26:05.179] [SysEx TX] F0 00 7D 00 05 03 00 00 01 01 F7
[12:26:05.606] [CHOKE] i=1 note=57 ch=10
[12:26:05.691] [SysEx TX] F0 00 7D 00 05 03 00 00 01 01 F7
[12:26:05.711] [SysEx TX] F0 00 7D 00 05 03 00 00 01 01 F7
[12:26:05.719] [SysEx TX] F0 00 7D 00 05 03 00 00 01 01 F7
[12:26:05.786] [SysEx TX] F0 00 7D 00 05 03 00 00 01 01 F7
[12:26:05.801] [SysEx TX] F0 00 7D 00 05 03 00 00 01 01 F7
[12:26:05.802] [CHOKE] i=1 note=57 ch=10
[12:26:05.818] [SysEx TX] F0 00 7D 00 05 03 00 00 01 01 F7
[12:26:06.454] [SysEx TX] F0 00 7D 00 05 03 00 00 06 06 F7
[12:26:06.465] [SysEx TX] F0 00 7D 00 05 03 00 00 0F 0F F7
[12:26:06.476] [SysEx TX] F0 00 7D 00 05 03 00 00 09 09 F7
[12:26:06.518] [SysEx TX] F0 00 7D 00 05 03 00 00 01 01 F7
[12:26:06.527] [SysEx TX] F0 00 7D 00 05 03 00 00 01 01 F7
[12:26:06.537] [SysEx TX] F0 00 7D 00 05 03 00 00 01 01 F7
[12:26:07.041] [SysEx TX] F0 00 7D 00 05 03 00 00 06 06 F7
[12:26:07.050] [SysEx TX] F0 00 7D 00 05 03 00 00 7F 7F F7
[12:26:07.061] [SysEx TX] F0 00 7D 00 05 03 00 00 2E 2E F7
[12:26:07.072] [SysEx TX] F0 00 7D 00 05 03 00 00 0E 0E F7
[12:26:07.084] [SysEx TX] F0 00 7D 00 05 03 00 00 13 13 F7
[12:26:07.095] [SysEx TX] F0 00 7D 00 05 03 00 00 0C 0C F7
[12:26:07.111] [SysEx TX] F0 00 7D 00 05 03 00 00 08 08 F7
[12:26:07.150] [SysEx TX] F0 00 7D 00 05 03 00 00 01 01 F7
[12:26:07.152] [CHOKE] i=1 note=57 ch=10
[12:26:07.163] [SysEx TX] F0 00 7D 00 05 03 00 00 01 01 F7
[12:26:07.439] [CHOKE] i=1 note=57 ch=10
[12:26:08.032] [SysEx TX] F0 00 7D 00 05 03 00 00 06 06 F7
[12:26:08.059] [SysEx TX] F0 00 7D 00 05 03 00 00 40 40 F7
[12:26:08.070] [SysEx TX] F0 00 7D 00 05 03 00 00 21 21 F7
[12:26:08.080] [SysEx TX] F0 00 7D 00 05 03 00 00 0B 0B F7
[12:26:08.095] [SysEx TX] F0 00 7D 00 05 03 00 00 07 07 F7
[12:26:08.146] [SysEx TX] F0 00 7D 00 05 03 00 00 01 01 F7
[12:26:08.155] [SysEx TX] F0 00 7D 00 05 03 00 00 01 01 F7
[12:26:08.165] [SysEx TX] F0 00 7D 00 05 03 00 00 01 01 F7
[12:26:08.564] [SysEx TX] F0 00 7D 00 05 03 00 00 38 38 F7
[12:26:08.575] [SysEx TX] F0 00 7D 00 05 03 00 00 7F 7F F7
[12:26:08.585] [SysEx TX] F0 00 7D 00 05 03 00 00 3D 3D F7
[12:26:08.596] [SysEx TX] F0 00 7D 00 05 03 00 00 0D 0D F7
[12:26:08.607] [SysEx TX] F0 00 7D 00 05 03 00 00 10 10 F7
[12:26:08.618] [SysEx TX] F0 00 7D 00 05 03 00 00 08 08 F7
[12:26:08.629] [SysEx TX] F0 00 7D 00 05 03 00 00 04 04 F7
[12:26:08.646] [SysEx TX] F0 00 7D 00 05 03 00 00 01 01 F7
[12:26:08.661] [SysEx TX] F0 00 7D 00 05 03 00 00 01 01 F7
[12:26:08.670] [SysEx TX] F0 00 7D 00 05 03 00 00 01 01 F7
[12:26:09.150] [SysEx TX] F0 00 7D 00 05 03 00 00 4E 4E F7
[12:26:09.159] [CHOKE] i=1 note=57 ch=10
[12:26:09.178] [SysEx TX] F0 00 7D 00 05 03 00 00 4C 4C F7
[12:26:09.193] [SysEx TX] F0 00 7D 00 05 03 00 00 16 16 F7
[12:26:09.202] [SysEx TX] F0 00 7D 00 05 03 00 00 28 28 F7
[12:26:09.213] [SysEx TX] F0 00 7D 00 05 03 00 00 08 08 F7
[12:26:09.224] [SysEx TX] F0 00 7D 00 05 03 00 00 02 02 F7
[12:26:09.235] [SysEx TX] F0 00 7D 00 05 03 00 00 01 01 F7
[12:26:09.303] [CHOKE] i=1 note=57 ch=10
[12:26:09.921] [CHOKE] i=1 note=57 ch=10
[12:26:10.096] [SysEx TX] F0 00 7D 00 05 03 00 00 7F 7F F7
[12:26:10.110] [SysEx TX] F0 00 7D 00 05 03 00 00 4F 4F F7
[12:26:10.122] [SysEx TX] F0 00 7D 00 05 03 00 00 55 55 F7
[12:26:10.134] [SysEx TX] F0 00 7D 00 05 03 00 00 28 28 F7
[12:26:10.144] [SysEx TX] F0 00 7D 00 05 03 00 00 21 21 F7
[12:26:10.147] [CHOKE] i=1 note=57 ch=10
[12:26:10.159] [SysEx TX] F0 00 7D 00 05 03 00 00 10 10 F7
[12:26:10.170] [SysEx TX] F0 00 7D 00 05 03 00 00 09 09 F7
[12:26:10.183] [SysEx TX] F0 00 7D 00 05 03 00 00 02 02 F7
[12:26:10.197] [SysEx TX] F0 00 7D 00 05 03 00 00 01 01 F7
[12:26:10.213] [SysEx TX] F0 00 7D 00 05 03 00 00 01 01 F7
[12:26:10.580] [CHOKE] i=1 note=57 ch=10
[12:26:10.923] [SysEx TX] F0 00 7D 00 05 03 00 00 7F 7F F7
[12:26:10.931] [SysEx TX] F0 00 7D 00 05 03 00 00 6B 6B F7
[12:26:10.941] [SysEx TX] F0 00 7D 00 05 03 00 00 55 55 F7
[12:26:10.953] [SysEx TX] F0 00 7D 00 05 03 00 00 2A 2A F7
[12:26:10.967] [SysEx TX] F0 00 7D 00 05 03 00 00 1C 1C F7
[12:26:10.976] [SysEx TX] F0 00 7D 00 05 03 00 00 0E 0E F7
[12:26:10.987] [SysEx TX] F0 00 7D 00 05 03 00 00 13 13 F7
[12:26:11.001] [SysEx TX] F0 00 7D 00 05 03 00 00 09 09 F7
[12:26:11.020] [SysEx TX] F0 00 7D 00 05 03 00 00 06 06 F7
[12:26:11.023] [SysEx TX] F0 00 7D 00 05 03 00 00 02 02 F7
[12:26:11.033] [SysEx TX] F0 00 7D 00 05 03 00 00 01 01 F7
[12:26:12.160] [SysEx TX] F0 00 7D 00 05 03 00 00 01 01 F7
[12:26:12.170] [SysEx TX] F0 00 7D 00 05 03 00 00 59 59 F7
[12:26:12.182] [SysEx TX] F0 00 7D 00 05 03 00 00 1B 1B F7
[12:26:12.193] [SysEx TX] F0 00 7D 00 05 03 00 00 0D 0D F7
[12:26:12.232] [SysEx TX] F0 00 7D 00 05 03 00 00 04 04 F7
[12:26:12.233] [CHOKE] i=1 note=57 ch=10
[12:26:12.251] [SysEx TX] F0 00 7D 00 05 03 00 00 01 01 F7
[12:26:12.261] [SysEx TX] F0 00 7D 00 05 03 00 00 02 02 F7
[12:26:12.263] [CHOKE] i=1 note=57 ch=10
[12:26:12.401] [CHOKE] i=1 note=57 ch=10
[12:26:12.450] [CHOKE] i=1 note=57 ch=10
[12:26:12.603] [SysEx TX] F0 00 7D 00 05 03 00 00 30 30 F7
[12:26:12.616] [SysEx TX] F0 00 7D 00 05 03 00 00 7F 7F F7
[12:26:12.618] [CHOKE] i=1 note=57 ch=10
[12:26:12.630] [SysEx TX] F0 00 7D 00 05 03 00 00 23 23 F7
[12:26:12.640] [SysEx TX] F0 00 7D 00 05 03 00 00 1B 1B F7
[12:26:12.660] [SysEx TX] F0 00 7D 00 05 03 00 00 0F 0F F7
[12:26:12.674] [SysEx TX] F0 00 7D 00 05 03 00 00 0A 0A F7
[12:26:12.710] [SysEx TX] F0 00 7D 00 05 03 00 00 01 01 F7
[12:26:12.715] [CHOKE] i=1 note=57 ch=10
[12:26:13.069] [SysEx TX] F0 00 7D 00 05 03 00 00 22 22 F7
[12:26:13.203] [SysEx TX] F0 00 7D 00 05 03 00 00 6F 6F F7
[12:26:13.206] [CHOKE] i=1 note=57 ch=10
[12:26:13.226] [SysEx TX] F0 00 7D 00 05 03 00 00 1A 1A F7
[12:26:13.235] [SysEx TX] F0 00 7D 00 05 03 00 00 07 07 F7
[12:26:13.239] [CHOKE] i=1 note=57 ch=10
[12:26:13.254] [SysEx TX] F0 00 7D 00 05 03 00 00 02 02 F7
[12:26:13.464] [SysEx TX] F0 00 7D 00 05 03 00 00 31 31 F7
[12:26:13.474] [SysEx TX] F0 00 7D 00 05 03 00 00 64 64 F7
[12:26:13.482] [CHOKE] i=1 note=57 ch=10
[12:26:13.490] [SysEx TX] F0 00 7D 00 05 03 00 00 38 38 F7
[12:26:13.498] [SysEx TX] F0 00 7D 00 05 03 00 00 29 29 F7
[12:26:13.511] [SysEx TX] F0 00 7D 00 05 03 00 00 14 14 F7
[12:26:13.522] [SysEx TX] F0 00 7D 00 05 03 00 00 0D 0D F7
[12:26:13.533] [SysEx TX] F0 00 7D 00 05 03 00 00 09 09 F7
[12:26:13.544] [SysEx TX] F0 00 7D 00 05 03 00 00 03 03 F7
[12:26:13.562] [SysEx TX] F0 00 7D 00 05 03 00 00 01 01 F7
[12:26:13.575] [SysEx TX] F0 00 7D 00 05 03 00 00 01 01 F7
[12:26:13.868] [SysEx TX] F0 00 7D 00 05 03 00 00 02 02 F7
[12:26:13.882] [SysEx TX] F0 00 7D 00 05 03 00 00 7F 7F F7
[12:26:13.888] [SysEx TX] F0 00 7D 00 05 03 00 00 29 29 F7
[12:26:13.900] [SysEx TX] F0 00 7D 00 05 03 00 00 27 27 F7
[12:26:13.909] [SysEx TX] F0 00 7D 00 05 03 00 00 0D 0D F7
[12:26:13.920] [SysEx TX] F0 00 7D 00 05 03 00 00 0B 0B F7
[12:26:13.932] [SysEx TX] F0 00 7D 00 05 03 00 00 08 08 F7
[12:26:13.941] [SysEx TX] F0 00 7D 00 05 03 00 00 03 03 F7
[12:26:13.959] [SysEx TX] F0 00 7D 00 05 03 00 00 01 01 F7
[12:26:14.221] [SysEx TX] F0 00 7D 00 05 03 00 00 4F 4F F7
[12:26:14.231] [SysEx TX] F0 00 7D 00 05 03 00 00 7F 7F F7
[12:26:14.254] [SysEx TX] F0 00 7D 00 05 03 00 00 65 65 F7
[12:26:14.254] [SysEx TX] F0 00 7D 00 05 03 00 00 2B 2B F7
[12:26:14.290] [SysEx TX] F0 00 7D 00 05 03 00 00 1F 1F F7
[12:26:14.295] [SysEx TX] F0 00 7D 00 05 03 00 00 21 21 F7
[12:26:14.315] [SysEx TX] F0 00 7D 00 05 03 00 00 08 08 F7
[12:26:14.322] [SysEx TX] F0 00 7D 00 05 03 00 00 04 04 F7
[12:26:16.199] [CHOKE] i=1 note=57 ch=10
[12:26:16.238] [SysEx TX] F0 00 7D 00 05 03 01 00 7F 7F F7
[12:26:16.239] [CHOKE] i=1 note=57 ch=10
[12:26:16.244] [CHOKE] i=1 note=57 ch=10
[12:26:16.429] [SysEx TX] F0 00 7D 00 05 03 01 00 7F 7F F7
[12:26:16.429] [CHOKE] i=1 note=57 ch=10
[12:26:16.592] [SysEx TX] F0 00 7D 00 05 03 01 00 7F 7F F7
[12:26:16.880] [SysEx TX] F0 00 7D 00 05 03 01 00 7F 7F F7
[12:26:18.104] [SysEx TX] F0 00 7D 00 05 03 01 00 7F 7F F7
[12:26:18.104] [CHOKE] i=1 note=57 ch=10
[12:26:18.116] [CHOKE] i=1 note=57 ch=10
[12:26:18.140] [CHOKE] i=1 note=57 ch=10
[12:26:18.288] [SysEx TX] F0 00 7D 00 05 03 01 00 34 76 F7
[12:26:18.406] [SysEx TX] F0 00 7D 00 05 03 01 00 40 7A F7
[12:26:18.531] [SysEx TX] F0 00 7D 00 05 03 01 00 24 6A F7
[12:26:19.413] [SysEx TX] F0 00 7D 00 05 03 01 00 7F 7F F7
[12:26:19.419] [CHOKE] i=1 note=57 ch=10
[12:26:19.541] [SysEx TX] F0 00 7D 00 05 03 01 00 7F 7F F7
[12:26:20.545] [CHOKE] i=1 note=57 ch=10
[12:26:23.040] [CHOKE] i=1 note=57 ch=10
[12:26:23.061] [CHOKE] i=1 note=57 ch=10
[12:26:23.129] [SysEx TX] F0 00 7D 00 05 03 00 00 01 01 F7
[12:26:23.139] [SysEx TX] F0 00 7D 00 05 03 00 00 6E 6E F7
[12:26:23.150] [SysEx TX] F0 00 7D 00 05 03 00 00 5F 5F F7
[12:26:23.154] [CHOKE] i=1 note=57 ch=10
[12:26:23.165] [SysEx TX] F0 00 7D 00 05 03 00 00 0F 0F F7
[12:26:23.175] [SysEx TX] F0 00 7D 00 05 03 00 00 12 12 F7
[12:26:23.179] [CHOKE] i=1 note=57 ch=10
[12:26:23.199] [SysEx TX] F0 00 7D 00 05 03 00 00 06 06 F7
[12:26:23.208] [SysEx TX] F0 00 7D 00 05 03 00 00 02 02 F7
[12:26:23.659] [CHOKE] i=1 note=57 ch=10
[12:26:24.588] [SysEx TX] F0 00 7D 00 05 03 01 00 7F 7F F7
[12:26:24.684] [SysEx TX] F0 00 7D 00 05 03 01 00 3E 7A F7
[12:26:24.784] [SysEx TX] F0 00 7D 00 05 03 01 00 0B 34 F7
[12:26:24.948] [SysEx TX] F0 00 7D 00 05 03 01 00 23 69 F7
[12:26:25.236] [SysEx TX] F0 00 7D 00 05 03 01 00 03 0D F7
[12:26:25.400] [SysEx TX] F0 00 7D 00 05 03 01 00 01 01 F7
[12:26:25.500] [CHOKE] i=1 note=57 ch=10
[12:26:25.543] [CHOKE] i=1 note=57 ch=10
[12:26:25.659] [SysEx TX] F0 00 7D 00 05 03 01 00 02 07 F7
[12:26:25.668] [SysEx TX] F0 00 7D 00 05 03 00 00 01 01 F7
[12:26:26.198] [CHOKE] i=1 note=57 ch=10
[12:26:26.978] [SysEx TX] F0 00 7D 00 05 03 00 00 04 04 F7
[12:26:26.996] [SysEx TX] F0 00 7D 00 05 03 00 00 7F 7F F7
[12:26:27.016] [SysEx TX] F0 00 7D 00 05 03 00 00 5B 5B F7
[12:26:27.018] [SysEx TX] F0 00 7D 00 05 03 00 00 49 49 F7
[12:26:27.032] [SysEx TX] F0 00 7D 00 05 03 00 00 24 24 F7
[12:26:27.041] [SysEx TX] F0 00 7D 00 05 03 00 00 17 17 F7
[12:26:27.053] [SysEx TX] F0 00 7D 00 05 03 00 00 0C 0C F7
[12:26:27.069] [SysEx TX] F0 00 7D 00 05 03 00 00 06 06 F7
[12:26:27.078] [SysEx TX] F0 00 7D 00 05 03 00 00 01 01 F7
[12:26:27.451] [SysEx TX] F0 00 7D 00 05 03 01 00 7F 7F F7
[12:26:27.544] [SysEx TX] F0 00 7D 00 05 03 01 00 09 2B F7
[12:26:27.648] [SysEx TX] F0 00 7D 00 05 03 01 00 3A 78 F7
[12:26:27.795] [SysEx TX] F0 00 7D 00 05 03 01 00 1C 60 F7
[12:26:28.040] [CHOKE] i=1 note=57 ch=10
[12:26:28.180] [SysEx TX] F0 00 7D 00 05 03 00 00 08 08 F7
[12:26:28.190] [SysEx TX] F0 00 7D 00 05 03 00 00 7F 7F F7
[12:26:28.204] [SysEx TX] F0 00 7D 00 05 03 00 00 7F 7F F7
[12:26:28.219] [SysEx TX] F0 00 7D 00 05 03 00 00 6F 6F F7
[12:26:28.229] [SysEx TX] F0 00 7D 00 05 03 00 00 2F 2F F7
[12:26:28.243] [SysEx TX] F0 00 7D 00 05 03 00 00 20 20 F7
[12:26:28.251] [SysEx TX] F0 00 7D 00 05 03 00 00 0C 0C F7
[12:26:28.264] [SysEx TX] F0 00 7D 00 05 03 00 00 05 05 F7
[12:26:28.273] [SysEx TX] F0 00 7D 00 05 03 00 00 02 02 F7
[12:26:29.301] [SysEx TX] F0 00 7D 00 05 03 00 00 08 08 F7
[12:26:29.312] [SysEx TX] F0 00 7D 00 05 03 00 00 7F 7F F7
[12:26:29.323] [SysEx TX] F0 00 7D 00 05 03 00 00 7F 7F F7
[12:26:29.332] [SysEx TX] F0 00 7D 00 05 03 00 00 7F 7F F7
[12:26:29.354] [SysEx TX] F0 00 7D 00 05 03 00 00 39 39 F7
[12:26:29.364] [SysEx TX] F0 00 7D 00 05 03 00 00 19 19 F7
[12:26:29.375] [SysEx TX] F0 00 7D 00 05 03 00 00 16 16 F7
[12:26:29.386] [SysEx TX] F0 00 7D 00 05 03 00 00 03 03 F7
[12:26:29.397] [SysEx TX] F0 00 7D 00 05 03 00 00 06 06 F7
[12:26:30.007] [SysEx TX] F0 00 7D 00 05 03 00 00 7F 7F F7
[12:26:30.011] [CHOKE] i=1 note=57 ch=10
[12:26:30.021] [SysEx TX] F0 00 7D 00 05 03 00 00 7F 7F F7
[12:26:30.033] [SysEx TX] F0 00 7D 00 05 03 00 00 7F 7F F7
[12:26:30.047] [SysEx TX] F0 00 7D 00 05 03 00 00 39 39 F7
[12:26:30.061] [SysEx TX] F0 00 7D 00 05 03 00 00 3B 3B F7
[12:26:30.069] [SysEx TX] F0 00 7D 00 05 03 00 00 26 26 F7
[12:26:30.080] [SysEx TX] F0 00 7D 00 05 03 00 00 0E 0E F7
[12:26:30.091] [SysEx TX] F0 00 7D 00 05 03 00 00 01 01 F7
[12:26:30.500] [CHOKE] i=1 note=57 ch=10
[12:26:30.520] [CHOKE] i=1 note=57 ch=10
[12:26:31.158] [SysEx TX] F0 00 7D 00 05 03 00 00 03 03 F7
[12:26:31.174] [SysEx TX] F0 00 7D 00 05 03 00 00 7F 7F F7
[12:26:31.190] [SysEx TX] F0 00 7D 00 05 03 00 00 7F 7F F7
[12:26:31.205] [SysEx TX] F0 00 7D 00 05 03 00 00 7F 7F F7
[12:26:31.216] [SysEx TX] F0 00 7D 00 05 03 00 00 45 45 F7
[12:26:31.229] [SysEx TX] F0 00 7D 00 05 03 00 00 19 19 F7
[12:26:31.251] [SysEx TX] F0 00 7D 00 05 03 00 00 11 11 F7
[12:26:31.263] [SysEx TX] F0 00 7D 00 05 03 00 00 01 01 F7
[12:26:33.000] [CHOKE] i=1 note=57 ch=10
[12:26:35.513] [CHOKE] i=1 note=57 ch=10
[12:26:36.579] [SysEx TX] F0 00 7D 00 05 03 00 00 01 01 F7
[12:26:36.588] [SysEx TX] F0 00 7D 00 05 03 00 00 03 03 F7
[12:26:36.602] [SysEx TX] F0 00 7D 00 05 03 00 00 43 43 F7
[12:26:36.617] [SysEx TX] F0 00 7D 00 05 03 00 00 30 30 F7
[12:26:36.633] [SysEx TX] F0 00 7D 00 05 03 00 00 1A 1A F7
[12:26:36.640] [SysEx TX] F0 00 7D 00 05 03 00 00 0D 0D F7
[12:26:36.650] [SysEx TX] F0 00 7D 00 05 03 00 00 07 07 F7
[12:26:36.661] [SysEx TX] F0 00 7D 00 05 03 00 00 06 06 F7
[12:26:36.672] [SysEx TX] F0 00 7D 00 05 03 00 00 03 03 F7
[12:26:36.683] [SysEx TX] F0 00 7D 00 05 03 00 00 01 01 F7
[12:26:36.695] [SysEx TX] F0 00 7D 00 05 03 00 00 01 01 F7
[12:26:37.054] [SysEx TX] F0 00 7D 00 05 03 00 00 23 23 F7
[12:26:37.069] [SysEx TX] F0 00 7D 00 05 03 00 00 7F 7F F7
[12:26:37.076] [SysEx TX] F0 00 7D 00 05 03 00 00 1D 1D F7
[12:26:37.087] [SysEx TX] F0 00 7D 00 05 03 00 00 11 11 F7
[12:26:37.098] [SysEx TX] F0 00 7D 00 05 03 00 00 04 04 F7
[12:26:37.115] [SysEx TX] F0 00 7D 00 05 03 00 00 08 08 F7
[12:26:37.135] [SysEx TX] F0 00 7D 00 05 03 00 00 01 01 F7
[12:26:37.137] [CHOKE] i=1 note=57 ch=10
[12:26:37.437] [SysEx TX] F0 00 7D 00 05 03 00 00 1B 1B F7
[12:26:37.452] [SysEx TX] F0 00 7D 00 05 03 00 00 7F 7F F7
[12:26:37.462] [SysEx TX] F0 00 7D 00 05 03 00 00 07 07 F7
[12:26:37.626] [SysEx TX] F0 00 7D 00 05 03 00 00 0F 0F F7
[12:26:37.638] [CHOKE] i=1 note=57 ch=10
[12:26:37.651] [SysEx TX] F0 00 7D 00 05 03 00 00 41 41 F7
[12:26:37.787] [SysEx TX] F0 00 7D 00 05 03 00 00 04 04 F7
[12:26:37.790] [CHOKE] i=1 note=57 ch=10
[12:26:37.801] [SysEx TX] F0 00 7D 00 05 03 00 00 05 05 F7
[12:26:37.813] [SysEx TX] F0 00 7D 00 05 03 00 00 04 04 F7
[12:26:37.934] [SysEx TX] F0 00 7D 00 05 03 00 00 02 02 F7
[12:26:37.954] [SysEx TX] F0 00 7D 00 05 03 00 00 06 06 F7
[12:26:37.965] [SysEx TX] F0 00 7D 00 05 03 00 00 01 01 F7
[12:26:37.965] [CHOKE] i=1 note=57 ch=10
[12:26:38.020] [CHOKE] i=1 note=57 ch=10
[12:26:38.056] [SysEx TX] F0 00 7D 00 05 03 00 00 05 05 F7
[12:26:38.067] [CHOKE] i=1 note=57 ch=10
[12:26:38.073] [SysEx TX] F0 00 7D 00 05 03 00 00 0B 0B F7
[12:26:38.084] [SysEx TX] F0 00 7D 00 05 03 00 00 01 01 F7
[12:26:38.139] [SysEx TX] F0 00 7D 00 05 03 00 00 06 06 F7
[12:26:38.159] [SysEx TX] F0 00 7D 00 05 03 00 00 02 02 F7
[12:26:38.159] [CHOKE] i=1 note=57 ch=10
[12:26:38.168] [SysEx TX] F0 00 7D 00 05 03 00 00 01 01 F7
[12:26:38.216] [SysEx TX] F0 00 7D 00 05 03 00 00 04 04 F7
[12:26:38.226] [SysEx TX] F0 00 7D 00 05 03 00 00 0B 0B F7
[12:26:38.240] [SysEx TX] F0 00 7D 00 05 03 00 00 04 04 F7
[12:26:38.240] [CHOKE] i=1 note=57 ch=10
[12:26:38.278] [SysEx TX] F0 00 7D 00 05 03 00 00 03 03 F7
[12:26:38.291] [SysEx TX] F0 00 7D 00 05 03 00 00 01 01 F7
[12:26:38.300] [SysEx TX] F0 00 7D 00 05 03 00 00 02 02 F7
[12:26:38.670] [SysEx TX] F0 00 7D 00 05 03 00 00 2F 2F F7
[12:26:38.681] [SysEx TX] F0 00 7D 00 05 03 00 00 5A 5A F7
[12:26:38.690] [SysEx TX] F0 00 7D 00 05 03 00 00 12 12 F7
[12:26:38.700] [SysEx TX] F0 00 7D 00 05 03 00 00 17 17 F7
[12:26:38.711] [SysEx TX] F0 00 7D 00 05 03 00 00 09 09 F7
[12:26:38.722] [SysEx TX] F0 00 7D 00 05 03 00 00 0A 0A F7
[12:26:38.743] [SysEx TX] F0 00 7D 00 05 03 00 00 02 02 F7
[12:26:38.752] [SysEx TX] F0 00 7D 00 05 03 00 00 01 01 F7
[12:26:38.978] [SysEx TX] F0 00 7D 00 05 03 00 00 02 02 F7
[12:26:38.989] [SysEx TX] F0 00 7D 00 05 03 00 00 5E 5E F7
[12:26:39.002] [SysEx TX] F0 00 7D 00 05 03 00 00 2D 2D F7
[12:26:39.014] [SysEx TX] F0 00 7D 00 05 03 00 00 1A 1A F7
[12:26:39.021] [SysEx TX] F0 00 7D 00 05 03 00 00 0A 0A F7
[12:26:39.035] [SysEx TX] F0 00 7D 00 05 03 00 00 05 05 F7
[12:26:39.044] [SysEx TX] F0 00 7D 00 05 03 00 00 05 05 F7
[12:26:39.060] [SysEx TX] F0 00 7D 00 05 03 00 00 02 02 F7
[12:26:39.841] [CHOKE] i=1 note=57 ch=10
[12:26:39.861] [CHOKE] i=1 note=57 ch=10
[12:26:39.901] [CHOKE] i=1 note=57 ch=10
[12:26:40.480] [CHOKE] i=1 note=57 ch=10
[12:26:41.742] [CHOKE] i=1 note=57 ch=10
[12:26:41.763] [CHOKE] i=1 note=57 ch=10
[12:26:42.042] [CHOKE] i=1 note=57 ch=10
[12:26:42.381] [CHOKE] i=1 note=57 ch=10
[12:26:44.261] [CHOKE] i=1 note=57 ch=10
[12:26:44.862] [CHOKE] i=1 note=57 ch=10
[12:26:44.936] [CHOKE] i=1 note=57 ch=10
[12:26:46.771] [CHOKE] i=1 note=57 ch=10
[12:26:48.603] [CHOKE] i=1 note=57 ch=10
[12:26:48.807] [CHOKE] i=1 note=57 ch=10
[12:26:49.241] [CHOKE] i=1 note=57 ch=10
[12:26:49.861] [CHOKE] i=1 note=57 ch=10
[12:26:50.510] [SysEx TX] F0 00 7D 00 05 03 00 00 01 01 F7
[12:26:50.910] [SysEx TX] F0 00 7D 00 05 03 00 00 01 01 F7
[12:26:52.385] [CHOKE] i=1 note=57 ch=10
[12:26:52.985] [CHOKE] i=1 note=57 ch=10
[12:26:54.644] [SysEx TX] F0 00 7D 00 05 03 01 00 01 01 F7
[12:26:56.118] [CHOKE] i=1 note=57 ch=10
[12:26:56.737] [CHOKE] i=1 note=57 ch=10
[12:26:56.917] [SysEx TX] F0 00 7D 00 05 03 01 00 05 18 F7
[12:26:57.029] [SysEx TX] F0 00 7D 00 05 03 01 00 04 13 F7
[12:26:58.042] [SysEx TX] F0 00 7D 00 05 03 00 00 01 01 F7
[12:26:58.599] [CHOKE] i=1 note=57 ch=10
[12:26:59.836] [CHOKE] i=1 note=57 ch=10
[12:27:00.583] [SysEx TX] F0 00 7D 00 05 03 00 00 01 01 F7
[12:27:01.702] [CHOKE] i=1 note=57 ch=10
[12:27:02.377] [CHOKE] i=1 note=57 ch=10
[12:27:02.996] [CHOKE] i=1 note=57 ch=10
[12:27:03.517] [SysEx TX] F0 00 7D 00 05 03 00 00 01 01 F7
[12:27:06.098] [CHOKE] i=1 note=57 ch=10
[12:27:08.594] [CHOKE] i=1 note=57 ch=10
[12:27:08.664] [CHOKE] i=1 note=57 ch=10
[12:27:10.059] [SysEx TX] F0 00 7D 00 05 03 00 00 01 01 F7
[12:27:11.544] [SysEx TX] F0 00 7D 00 05 03 01 00 05 18 F7
[12:27:11.738] [CHOKE] i=1 note=57 ch=10
[12:27:11.758] [SysEx TX] F0 00 7D 00 05 03 01 00 12 4A F7
[12:27:11.764] [CHOKE] i=1 note=57 ch=10
[12:27:11.931] [SysEx TX] F0 00 7D 00 05 03 01 00 32 75 F7
[12:27:12.135] [SysEx TX] F0 00 7D 00 05 03 01 00 43 7B F7
[12:27:12.153] [CHOKE] i=1 note=57 ch=10
[12:27:13.079] [SysEx TX] F0 00 7D 00 05 03 01 00 52 7D F7
[12:27:13.203] [CHOKE] i=1 note=57 ch=10
[12:27:13.306] [SysEx TX] F0 00 7D 00 05 03 01 00 63 7E F7
[12:27:13.309] [CHOKE] i=1 note=57 ch=10
[12:27:13.322] [SysEx TX] F0 00 7D 00 05 03 00 00 01 01 F7
[12:27:13.327] [CHOKE] i=1 note=57 ch=10
[12:27:13.550] [SysEx TX] F0 00 7D 00 05 03 01 00 7F 7F F7
[12:27:13.553] [CHOKE] i=1 note=57 ch=10
[12:27:17.292] [CHOKE] i=1 note=57 ch=10
[12:27:17.323] [SysEx TX] F0 00 7D 00 05 03 01 00 05 18 F7
[12:27:17.411] [SysEx TX] F0 00 7D 00 05 03 01 00 01 01 F7
[12:27:17.612] [SysEx TX] F0 00 7D 00 05 03 01 00 01 01 F7
[12:27:17.747] [SysEx TX] F0 00 7D 00 05 03 01 00 03 0D F7
[12:27:17.918] [SysEx TX] F0 00 7D 00 05 03 01 00 02 07 F7
[12:27:17.991] [CHOKE] i=1 note=57 ch=10
[12:27:18.085] [SysEx TX] F0 00 7D 00 05 03 01 00 34 76 F7
[12:27:18.093] [CHOKE] i=1 note=57 ch=10
[12:27:18.106] [CHOKE] i=1 note=57 ch=10
[12:27:18.321] [SysEx TX] F0 00 7D 00 05 03 01 00 03 0D F7
[12:27:18.519] [SysEx TX] F0 00 7D 00 05 03 01 00 09 2B F7
[12:27:18.558] [SysEx TX] F0 00 7D 00 05 03 00 00 01 01 F7
[12:27:18.661] [SysEx TX] F0 00 7D 00 05 03 01 00 1C 60 F7
[12:27:18.869] [SysEx TX] F0 00 7D 00 05 03 01 00 2B 71 F7
[12:27:20.448] [CHOKE] i=1 note=57 ch=10
[12:27:20.452] [CHOKE] i=1 note=57 ch=10
[12:27:21.057] [CHOKE] i=1 note=57 ch=10
[12:27:22.935] [CHOKE] i=1 note=57 ch=10
[12:27:22.952] [CHOKE] i=1 note=57 ch=10
[12:27:23.570] [CHOKE] i=1 note=57 ch=10
[12:27:25.418] [SysEx TX] F0 00 7D 00 05 03 01 00 0C 37 F7
[12:27:25.894] [SysEx TX] F0 00 7D 00 05 03 01 00 18 58 F7
[12:27:27.309] [CHOKE] i=1 note=57 ch=10
[12:27:28.442] [SysEx TX] F0 00 7D 00 05 03 00 00 01 01 F7
[12:27:29.808] [CHOKE] i=1 note=57 ch=10
[12:27:30.427] [CHOKE] i=1 note=57 ch=10
[12:27:31.026] [CHOKE] i=1 note=57 ch=10
[12:27:33.557] [CHOKE] i=1 note=57 ch=10
[12:27:36.684] [CHOKE] i=1 note=57 ch=10
[12:27:36.855] [SysEx TX] F0 00 7D 00 05 03 00 00 01 01 F7
[12:27:36.856] [CHOKE] i=1 note=57 ch=10
[12:27:38.920] [SysEx RX] len=5 first bytes: 00 7D 00 01 06
[12:27:38.946] [SysEx TX] F0 00 7D 00 05 01 01 06 00 F7
[12:27:39.246] [CHOKE] i=1 note=57 ch=10
[12:27:39.270] [CHOKE] i=1 note=57 ch=10
[12:27:40.704] [SysEx TX] F0 00 7D 00 05 03 01 00 16 54 F7
[12:27:41.272] [SysEx TX] F0 00 7D 00 05 03 01 00 14 50 F7
[12:27:41.615] [SysEx TX] F0 00 7D 00 05 03 01 00 17 56 F7
[12:27:42.383] [CHOKE] i=1 note=57 ch=10
[12:27:42.801] [SysEx TX] F0 00 7D 00 05 03 01 00 03 0D F7
[12:27:42.948] [SysEx TX] F0 00 7D 00 05 03 01 00 01 01 F7
[12:27:43.003] [CHOKE] i=1 note=57 ch=10
[12:27:43.303] [SysEx TX] F0 00 7D 00 05 03 01 00 7F 7F F7
[12:27:43.309] [CHOKE] i=1 note=57 ch=10
[12:27:43.603] [SysEx TX] F0 00 7D 00 05 03 01 00 7F 7F F7
[12:27:43.965] [SysEx TX] F0 00 7D 00 05 03 01 00 7F 7F F7
[12:27:43.967] [CHOKE] i=1 note=57 ch=10
[12:27:44.323] [SysEx TX] F0 00 7D 00 05 03 01 00 7F 7F F7
[12:27:44.332] [CHOKE] i=1 note=57 ch=10
[12:27:44.981] [SysEx TX] F0 00 7D 00 05 03 01 00 1F 64 F7
[12:27:45.526] [CHOKE] i=1 note=57 ch=10
[12:27:45.968] [SysEx TX] F0 00 7D 00 05 03 01 00 01 01 F7
[12:27:46.111] [SysEx TX] F0 00 7D 00 05 03 01 00 7F 7F F7
[12:27:46.117] [CHOKE] i=1 note=57 ch=10
[12:27:46.248] [SysEx TX] F0 00 7D 00 05 03 01 00 04 13 F7
[12:27:47.994] [CHOKE] i=1 note=57 ch=10
[12:27:48.600] [CHOKE] i=1 note=57 ch=10
[12:27:51.121] [CHOKE] i=1 note=57 ch=10
[12:27:51.739] [CHOKE] i=1 note=57 ch=10
[12:27:54.819] [CHOKE] i=1 note=57 ch=10
[12:27:54.880] [CHOKE] i=1 note=57 ch=10
[12:27:55.974] [SysEx RX] len=5 first bytes: 00 7D 00 01 06
[12:27:56.078] [SysEx TX] F0 00 7D 00 05 01 01 06 00 F7
[12:27:56.087] [CHOKE] i=1 note=57 ch=10
[12:27:56.135] [CHOKE] i=1 note=57 ch=10
[12:27:56.170] [SysEx TX] F0 00 7D 00 05 03 00 00 01 01 F7
[12:27:56.699] [CHOKE] i=1 note=57 ch=10
[12:27:58.600] [CHOKE] i=1 note=57 ch=10
[12:27:59.198] [CHOKE] i=1 note=57 ch=10
[12:28:01.105] [CHOKE] i=1 note=57 ch=10
[12:28:01.120] [CHOKE] i=1 note=57 ch=10
[12:28:05.602] [CHOKE] i=1 note=57 ch=10
[12:28:06.082] [CHOKE] i=1 note=57 ch=10
[12:28:06.100] [CHOKE] i=1 note=57 ch=10
[12:28:06.766] [SysEx RX] len=5 first bytes: 00 7D 00 01 06
[12:28:06.776] [SysEx TX] F0 00 7D 00 05 01 01 06 00 F7
[12:28:08.168] [CHOKE] i=1 note=57 ch=10
[12:28:10.022] [CHOKE] i=1 note=57 ch=10
[12:28:10.044] [CHOKE] i=1 note=57 ch=10
[12:28:10.680] [CHOKE] i=1 note=57 ch=10
[12:28:12.793] [SysEx RX] len=7 first bytes: 00 7D 00 02 03
[12:28:12.799] [SysEx TX] F0 00 7D 00 05 01 02 03 00 F7
[12:28:14.180] [CHOKE] i=1 note=57 ch=10
[12:28:14.200] [CHOKE] i=1 note=57 ch=10
[12:28:14.599] [SysEx RX] len=5 first bytes: 00 7D 00 01 06
[12:28:14.615] [SysEx TX] F0 00 7D 00 05 01 01 06 00 F7
[12:28:14.740] [CHOKE] i=1 note=57 ch=10
[12:28:16.022] [CHOKE] i=1 note=57 ch=10
[12:28:16.666] [SysEx TX] F0 00 7D 00 05 03 01 00 15 15 F7
[12:28:16.967] [SysEx TX] F0 00 7D 00 05 03 01 00 02 02 F7
[12:28:17.209] [SysEx TX] F0 00 7D 00 05 03 01 00 2A 2A F7
[12:28:17.466] [SysEx TX] F0 00 7D 00 05 03 01 00 54 54 F7
[12:28:17.793] [SysEx TX] F0 00 7D 00 05 03 01 00 7F 7F F7
[12:28:17.794] [CHOKE] i=1 note=57 ch=10
[12:28:17.801] [CHOKE] i=1 note=57 ch=10
[12:28:18.125] [SysEx TX] F0 00 7D 00 05 03 01 00 7F 7F F7
[12:28:18.130] [CHOKE] i=1 note=57 ch=10
[12:28:18.505] [SysEx TX] F0 00 7D 00 05 03 01 00 65 65 F7
[12:28:18.510] [CHOKE] i=1 note=57 ch=10
[12:28:18.810] [SysEx TX] F0 00 7D 00 05 03 01 00 56 56 F7
[12:28:19.053] [SysEx TX] F0 00 7D 00 05 03 01 00 3D 3D F7
[12:28:19.159] [CHOKE] i=1 note=57 ch=10
[12:28:19.280] [SysEx TX] F0 00 7D 00 05 03 01 00 36 36 F7
[12:28:19.551] [SysEx TX] F0 00 7D 00 05 03 01 00 01 01 F7
[12:28:19.739] [SysEx TX] F0 00 7D 00 05 03 01 00 7F 7F F7
[12:28:19.744] [CHOKE] i=1 note=57 ch=10
[12:28:19.987] [SysEx TX] F0 00 7D 00 05 03 01 00 7F 7F F7
[12:28:21.637] [CHOKE] i=1 note=57 ch=10
[12:28:21.685] [CHOKE] i=1 note=57 ch=10
[12:28:21.686] [CHOKE] i=1 note=57 ch=10
[12:28:22.279] [CHOKE] i=1 note=57 ch=10
[12:28:22.381] [CHOKE] i=1 note=57 ch=10
[12:28:22.776] [SysEx RX] len=8 first bytes: 00 7D 00 02 0B
[12:28:22.790] [SysEx TX] F0 00 7D 00 05 01 02 0B 00 F7
[12:28:23.242] [SysEx RX] len=8 first bytes: 00 7D 00 02 0B
[12:28:23.307] [SysEx TX] F0 00 7D 00 05 01 02 0B 00 F7
[12:28:23.307] [SysEx RX] len=8 first bytes: 00 7D 00 02 0B
[12:28:23.307] [SysEx TX] F0 00 7D 00 05 01 02 0B 00 F7
[12:28:23.308] [SysEx RX] len=8 first bytes: 00 7D 00 02 0B
[12:28:23.308] [SysEx TX] F0 00 7D 00 05 01 02 0B 00 F7
[12:28:23.308] [SysEx RX] len=8 first bytes: 00 7D 00 02 0B
[12:28:23.308] [SysEx TX] F0 00 7D 00 05 01 02 0B 00 F7
[12:28:23.308] [CHOKE] i=1 note=57 ch=10
[12:28:23.317] [SysEx RX] len=8 first bytes: 00 7D 00 02 0B
[12:28:23.323] [SysEx TX] F0 00 7D 00 05 01 02 0B 00 F7
[12:28:23.335] [SysEx RX] len=8 first bytes: 00 7D 00 02 0B
[12:28:23.342] [SysEx TX] F0 00 7D 00 05 01 02 0B 00 F7
[12:28:23.344] [SysEx RX] len=8 first bytes: 00 7D 00 02 0B
[12:28:23.353] [SysEx TX] F0 00 7D 00 05 01 02 0B 00 F7
[12:28:23.360] [SysEx RX] len=8 first bytes: 00 7D 00 02 0B
[12:28:23.370] [SysEx TX] F0 00 7D 00 05 01 02 0B 00 F7
[12:28:23.374] [CHOKE] i=1 note=57 ch=10
[12:28:23.377] [SysEx RX] len=8 first bytes: 00 7D 00 02 0B
[12:28:23.388] [SysEx TX] F0 00 7D 00 05 01 02 0B 00 F7
[12:28:23.420] [SysEx RX] len=8 first bytes: 00 7D 00 02 0B
[12:28:23.426] [SysEx TX] F0 00 7D 00 05 01 02 0B 00 F7
[12:28:23.429] [SysEx RX] len=8 first bytes: 00 7D 00 02 0B
[12:28:23.440] [SysEx TX] F0 00 7D 00 05 01 02 0B 00 F7
[12:28:23.443] [SysEx RX] len=8 first bytes: 00 7D 00 02 0B
[12:28:23.452] [SysEx TX] F0 00 7D 00 05 01 02 0B 00 F7
[12:28:23.459] [SysEx RX] len=8 first bytes: 00 7D 00 02 0B
[12:28:23.472] [SysEx TX] F0 00 7D 00 05 01 02 0B 00 F7
[12:28:23.472] [CHOKE] i=1 note=57 ch=10
[12:28:23.478] [SysEx RX] len=8 first bytes: 00 7D 00 02 0B
[12:28:23.487] [SysEx TX] F0 00 7D 00 05 01 02 0B 00 F7
[12:28:23.492] [SysEx RX] len=8 first bytes: 00 7D 00 02 0B
[12:28:23.508] [SysEx TX] F0 00 7D 00 05 01 02 0B 00 F7
[12:28:23.522] [SysEx RX] len=8 first bytes: 00 7D 00 02 0B
[12:28:23.528] [SysEx TX] F0 00 7D 00 05 01 02 0B 00 F7
[12:28:23.539] [SysEx RX] len=8 first bytes: 00 7D 00 02 0B
[12:28:23.544] [SysEx TX] F0 00 7D 00 05 01 02 0B 00 F7
[12:28:23.547] [SysEx RX] len=8 first bytes: 00 7D 00 02 0B
[12:28:23.563] [SysEx TX] F0 00 7D 00 05 01 02 0B 00 F7
[12:28:23.563] [SysEx RX] len=8 first bytes: 00 7D 00 02 0B
[12:28:23.574] [SysEx TX] F0 00 7D 00 05 01 02 0B 00 F7
[12:28:23.580] [SysEx RX] len=8 first bytes: 00 7D 00 02 0B
[12:28:23.587] [SysEx TX] F0 00 7D 00 05 01 02 0B 00 F7
[12:28:23.595] [SysEx RX] len=8 first bytes: 00 7D 00 02 0B
[12:28:23.608] [SysEx TX] F0 00 7D 00 05 01 02 0B 00 F7
[12:28:23.609] [SysEx RX] len=8 first bytes: 00 7D 00 02 0B
[12:28:23.619] [SysEx TX] F0 00 7D 00 05 01 02 0B 00 F7
[12:28:23.629] [SysEx RX] len=8 first bytes: 00 7D 00 02 0B
[12:28:23.634] [SysEx TX] F0 00 7D 00 05 01 02 0B 00 F7
[12:28:23.650] [SysEx RX] len=8 first bytes: 00 7D 00 02 0B
[12:28:23.654] [SysEx TX] F0 00 7D 00 05 01 02 0B 00 F7
[12:28:23.659] [SysEx RX] len=8 first bytes: 00 7D 00 02 0B
[12:28:23.710] [SysEx TX] F0 00 7D 00 05 01 02 0B 00 F7
[12:28:23.726] [SysEx TX] F0 00 7D 00 05 03 01 00 03 03 F7
[12:28:23.727] [SysEx RX] len=8 first bytes: 00 7D 00 02 0B
[12:28:23.737] [SysEx TX] F0 00 7D 00 05 01 02 0B 00 F7
[12:28:23.745] [SysEx RX] len=8 first bytes: 00 7D 00 02 0B
[12:28:23.751] [SysEx TX] F0 00 7D 00 05 01 02 0B 00 F7
[12:28:23.759] [SysEx RX] len=8 first bytes: 00 7D 00 02 0B
[12:28:23.769] [SysEx TX] F0 00 7D 00 05 01 02 0B 00 F7
[12:28:23.772] [CHOKE] i=1 note=57 ch=10
[12:28:26.141] [SysEx TX] F0 00 7D 00 05 03 01 00 14 14 F7
[12:28:26.621] [CHOKE] i=1 note=57 ch=10
[12:28:26.700] [SysEx TX] F0 00 7D 00 05 03 01 00 2B 2B F7
[12:28:26.998] [SysEx TX] F0 00 7D 00 05 03 01 00 4D 4D F7
[12:28:27.386] [SysEx TX] F0 00 7D 00 05 03 01 00 5F 5F F7
[12:28:27.386] [CHOKE] i=1 note=57 ch=10
[12:28:27.616] [SysEx TX] F0 00 7D 00 05 03 01 00 55 55 F7
[12:28:27.956] [SysEx TX] F0 00 7D 00 05 03 01 00 5C 5C F7
[12:28:28.243] [SysEx TX] F0 00 7D 00 05 03 01 00 40 40 F7
[12:28:28.510] [SysEx TX] F0 00 7D 00 05 03 01 00 7F 7F F7
[12:28:28.517] [CHOKE] i=1 note=57 ch=10
[12:28:28.853] [SysEx TX] F0 00 7D 00 05 03 01 00 7F 7F F7
[12:28:28.860] [CHOKE] i=1 note=57 ch=10
[12:28:29.056] [CHOKE] i=1 note=57 ch=10
[12:28:29.366] [SysEx TX] F0 00 7D 00 05 03 01 00 7F 7F F7
[12:28:29.368] [CHOKE] i=1 note=57 ch=10
[12:28:29.694] [CHOKE] i=1 note=57 ch=10
[12:28:29.796] [SysEx TX] F0 00 7D 00 05 03 01 00 7F 7F F7
[12:28:29.802] [CHOKE] i=1 note=57 ch=10
[12:28:30.320] [SysEx TX] F0 00 7D 00 05 03 01 00 7F 7F F7
[12:28:30.440] [SysEx TX] F0 00 7D 00 05 03 01 00 07 07 F7
[12:28:30.583] [SysEx TX] F0 00 7D 00 05 03 01 00 03 03 F7
[12:28:30.994] [SysEx TX] F0 00 7D 00 05 03 01 00 03 03 F7
[12:28:31.945] [SysEx RX] len=8 first bytes: 00 7D 00 02 0B
[12:28:31.951] [SysEx TX] F0 00 7D 00 05 01 02 0B 00 F7
[12:28:31.960] [SysEx RX] len=8 first bytes: 00 7D 00 02 0B
[12:28:31.969] [SysEx TX] F0 00 7D 00 05 01 02 0B 00 F7
[12:28:31.977] [SysEx RX] len=8 first bytes: 00 7D 00 02 0B
[12:28:31.987] [SysEx TX] F0 00 7D 00 05 01 02 0B 00 F7
[12:28:31.995] [SysEx RX] len=8 first bytes: 00 7D 00 02 0B
[12:28:32.006] [SysEx TX] F0 00 7D 00 05 01 02 0B 00 F7
[12:28:32.017] [SysEx RX] len=8 first bytes: 00 7D 00 02 0B
[12:28:32.027] [SysEx TX] F0 00 7D 00 05 01 02 0B 00 F7
[12:28:32.030] [CHOKE] i=1 note=57 ch=10
[12:28:32.038] [SysEx RX] len=8 first bytes: 00 7D 00 02 0B
[12:28:32.043] [SysEx TX] F0 00 7D 00 05 01 02 0B 00 F7
[12:28:32.049] [SysEx RX] len=8 first bytes: 00 7D 00 02 0B
[12:28:32.056] [SysEx TX] F0 00 7D 00 05 01 02 0B 00 F7
[12:28:32.064] [SysEx RX] len=8 first bytes: 00 7D 00 02 0B
[12:28:32.078] [SysEx TX] F0 00 7D 00 05 01 02 0B 00 F7
[12:28:32.079] [SysEx RX] len=8 first bytes: 00 7D 00 02 0B
[12:28:32.088] [SysEx TX] F0 00 7D 00 05 01 02 0B 00 F7
[12:28:32.093] [SysEx RX] len=8 first bytes: 00 7D 00 02 0B
[12:28:32.107] [SysEx TX] F0 00 7D 00 05 01 02 0B 00 F7
[12:28:32.119] [SysEx RX] len=8 first bytes: 00 7D 00 02 0B
[12:28:32.121] [SysEx TX] F0 00 7D 00 05 01 02 0B 00 F7
[12:28:32.134] [SysEx RX] len=8 first bytes: 00 7D 00 02 0B
[12:28:32.136] [SysEx TX] F0 00 7D 00 05 01 02 0B 00 F7
[12:28:32.160] [SysEx RX] len=8 first bytes: 00 7D 00 02 0B
[12:28:32.171] [SysEx TX] F0 00 7D 00 05 01 02 0B 00 F7
[12:28:32.177] [SysEx RX] len=8 first bytes: 00 7D 00 02 0B
[12:28:32.186] [SysEx TX] F0 00 7D 00 05 01 02 0B 00 F7
[12:28:32.210] [SysEx RX] len=8 first bytes: 00 7D 00 02 0B
[12:28:32.231] [SysEx TX] F0 00 7D 00 05 01 02 0B 00 F7
[12:28:32.231] [CHOKE] i=1 note=57 ch=10
[12:28:32.233] [SysEx RX] len=8 first bytes: 00 7D 00 02 0B
[12:28:32.243] [SysEx TX] F0 00 7D 00 05 01 02 0B 00 F7
[12:28:32.249] [SysEx RX] len=8 first bytes: 00 7D 00 02 0B
[12:28:32.253] [SysEx TX] F0 00 7D 00 05 01 02 0B 00 F7
[12:28:32.262] [SysEx RX] len=8 first bytes: 00 7D 00 02 0B
[12:28:32.269] [SysEx TX] F0 00 7D 00 05 01 02 0B 00 F7
[12:28:32.277] [SysEx RX] len=8 first bytes: 00 7D 00 02 0B
[12:28:32.286] [SysEx TX] F0 00 7D 00 05 01 02 0B 00 F7
[12:28:32.297] [SysEx TX] F0 00 7D 00 05 03 00 00 01 01 F7
[12:28:32.313] [SysEx RX] len=8 first bytes: 00 7D 00 02 0B
[12:28:32.314] [SysEx TX] F0 00 7D 00 05 01 02 0B 00 F7
[12:28:32.328] [SysEx RX] len=8 first bytes: 00 7D 00 02 0B
[12:28:32.335] [SysEx TX] F0 00 7D 00 05 01 02 0B 00 F7
[12:28:32.345] [SysEx RX] len=8 first bytes: 00 7D 00 02 0B
[12:28:32.347] [SysEx TX] F0 00 7D 00 05 01 02 0B 00 F7
[12:28:32.354] [SysEx RX] len=8 first bytes: 00 7D 00 02 0B
[12:28:32.363] [SysEx TX] F0 00 7D 00 05 01 02 0B 00 F7
[12:28:32.371] [SysEx RX] len=8 first bytes: 00 7D 00 02 0B
[12:28:32.377] [SysEx TX] F0 00 7D 00 05 01 02 0B 00 F7
[12:28:33.012] [CHOKE] i=1 note=57 ch=10
[12:28:33.043] [CHOKE] i=1 note=57 ch=10
[12:28:34.387] [SysEx TX] F0 00 7D 00 05 03 01 00 2E 2E F7
[12:28:34.859] [SysEx TX] F0 00 7D 00 05 03 01 00 4F 4F F7
[12:28:35.356] [SysEx TX] F0 00 7D 00 05 03 01 00 5F 5F F7
[12:28:35.622] [SysEx TX] F0 00 7D 00 05 03 01 00 7F 7F F7
[12:28:35.622] [CHOKE] i=1 note=57 ch=10
[12:28:36.134] [CHOKE] i=1 note=57 ch=10
[12:28:36.341] [SysEx TX] F0 00 7D 00 05 03 01 00 7F 7F F7
[12:28:36.780] [SysEx TX] F0 00 7D 00 05 03 01 00 7F 7F F7
[12:28:36.781] [CHOKE] i=1 note=57 ch=10
[12:28:38.544] [SysEx RX] len=8 first bytes: 00 7D 00 02 0B
[12:28:38.558] [SysEx TX] F0 00 7D 00 05 01 02 0B 00 F7
[12:28:38.561] [SysEx RX] len=8 first bytes: 00 7D 00 02 0B
[12:28:38.579] [SysEx TX] F0 00 7D 00 05 01 02 0B 00 F7
[12:28:38.582] [SysEx RX] len=8 first bytes: 00 7D 00 02 0B
[12:28:38.592] [SysEx TX] F0 00 7D 00 05 01 02 0B 00 F7
[12:28:38.599] [SysEx RX] len=8 first bytes: 00 7D 00 02 0B
[12:28:38.606] [SysEx TX] F0 00 7D 00 05 01 02 0B 00 F7
[12:28:38.612] [SysEx RX] len=8 first bytes: 00 7D 00 02 0B
[12:28:38.621] [SysEx TX] F0 00 7D 00 05 01 02 0B 00 F7
[12:28:38.626] [CHOKE] i=1 note=57 ch=10
[12:28:38.631] [SysEx RX] len=8 first bytes: 00 7D 00 02 0B
[12:28:38.639] [SysEx TX] F0 00 7D 00 05 01 02 0B 00 F7
[12:28:38.646] [SysEx RX] len=8 first bytes: 00 7D 00 02 0B
[12:28:38.664] [SysEx TX] F0 00 7D 00 05 01 02 0B 00 F7
[12:28:38.664] [SysEx RX] len=8 first bytes: 00 7D 00 02 0B
[12:28:38.675] [SysEx TX] F0 00 7D 00 05 01 02 0B 00 F7
[12:28:38.684] [SysEx RX] len=8 first bytes: 00 7D 00 02 0B
[12:28:38.694] [SysEx TX] F0 00 7D 00 05 01 02 0B 00 F7
[12:28:38.696] [SysEx RX] len=8 first bytes: 00 7D 00 02 0B
[12:28:38.704] [SysEx TX] F0 00 7D 00 05 01 02 0B 00 F7
[12:28:38.712] [SysEx RX] len=8 first bytes: 00 7D 00 02 0B
[12:28:38.720] [SysEx TX] F0 00 7D 00 05 01 02 0B 00 F7
[12:28:38.724] [CHOKE] i=1 note=57 ch=10
[12:28:38.729] [SysEx RX] len=8 first bytes: 00 7D 00 02 0B
[12:28:38.739] [SysEx TX] F0 00 7D 00 05 01 02 0B 00 F7
[12:28:38.745] [SysEx RX] len=8 first bytes: 00 7D 00 02 0B
[12:28:38.754] [SysEx TX] F0 00 7D 00 05 01 02 0B 00 F7
[12:28:38.765] [SysEx TX] F0 00 7D 00 05 03 00 00 01 01 F7
[12:28:38.820] [SysEx RX] len=8 first bytes: 00 7D 00 02 0B
[12:28:38.822] [SysEx TX] F0 00 7D 00 05 01 02 0B 00 F7
[12:28:38.827] [CHOKE] i=1 note=57 ch=10
[12:28:38.838] [SysEx TX] F0 00 7D 00 05 03 01 00 03 03 F7
[12:28:38.845] [SysEx RX] len=8 first bytes: 00 7D 00 02 0B
[12:28:38.853] [SysEx TX] F0 00 7D 00 05 01 02 0B 00 F7
[12:28:38.866] [SysEx RX] len=8 first bytes: 00 7D 00 02 0B
[12:28:38.868] [SysEx TX] F0 00 7D 00 05 01 02 0B 00 F7
[12:28:38.882] [SysEx RX] len=8 first bytes: 00 7D 00 02 0B
[12:28:38.890] [SysEx TX] F0 00 7D 00 05 01 02 0B 00 F7
[12:28:38.901] [SysEx RX] len=8 first bytes: 00 7D 00 02 0B
[12:28:38.906] [SysEx TX] F0 00 7D 00 05 01 02 0B 00 F7
[12:28:38.912] [SysEx RX] len=8 first bytes: 00 7D 00 02 0B
[12:28:38.921] [SysEx TX] F0 00 7D 00 05 01 02 0B 00 F7
[12:28:38.925] [CHOKE] i=1 note=57 ch=10
[12:28:38.930] [SysEx RX] len=8 first bytes: 00 7D 00 02 0B
[12:28:38.939] [SysEx TX] F0 00 7D 00 05 01 02 0B 00 F7
[12:28:38.945] [SysEx RX] len=8 first bytes: 00 7D 00 02 0B
[12:28:38.954] [SysEx TX] F0 00 7D 00 05 01 02 0B 00 F7
[12:28:38.982] [SysEx RX] len=8 first bytes: 00 7D 00 02 0B
[12:28:38.985] [SysEx TX] F0 00 7D 00 05 01 02 0B 00 F7
[12:28:39.027] [SysEx RX] len=8 first bytes: 00 7D 00 02 0B
[12:28:39.036] [SysEx TX] F0 00 7D 00 05 01 02 0B 00 F7
[12:28:39.061] [SysEx RX] len=8 first bytes: 00 7D 00 02 0B
[12:28:39.073] [SysEx TX] F0 00 7D 00 05 01 02 0B 00 F7
[12:28:39.095] [SysEx RX] len=8 first bytes: 00 7D 00 02 0B
[12:28:39.105] [SysEx TX] F0 00 7D 00 05 01 02 0B 00 F7
[12:28:39.128] [SysEx RX] len=8 first bytes: 00 7D 00 02 0B
[12:28:39.136] [SysEx TX] F0 00 7D 00 05 01 02 0B 00 F7
[12:28:39.141] [CHOKE] i=1 note=57 ch=10
[12:28:39.186] [SysEx RX] len=8 first bytes: 00 7D 00 02 0B
[12:28:39.190] [SysEx TX] F0 00 7D 00 05 01 02 0B 00 F7
[12:28:39.212] [SysEx RX] len=8 first bytes: 00 7D 00 02 0B
[12:28:39.219] [SysEx TX] F0 00 7D 00 05 01 02 0B 00 F7
[12:28:39.244] [SysEx RX] len=8 first bytes: 00 7D 00 02 0B
[12:28:39.253] [SysEx TX] F0 00 7D 00 05 01 02 0B 00 F7
[12:28:39.281] [SysEx RX] len=8 first bytes: 00 7D 00 02 0B
[12:28:39.291] [SysEx TX] F0 00 7D 00 05 01 02 0B 00 F7
[12:28:39.314] [SysEx RX] len=8 first bytes: 00 7D 00 02 0B
[12:28:39.319] [SysEx TX] F0 00 7D 00 05 01 02 0B 00 F7
[12:28:39.345] [SysEx RX] len=8 first bytes: 00 7D 00 02 0B
[12:28:39.353] [SysEx TX] F0 00 7D 00 05 01 02 0B 00 F7
[12:28:39.399] [SysEx RX] len=8 first bytes: 00 7D 00 02 0B
[12:28:39.401] [SysEx TX] F0 00 7D 00 05 01 02 0B 00 F7
[12:28:39.430] [SysEx RX] len=8 first bytes: 00 7D 00 02 0B
[12:28:39.440] [SysEx TX] F0 00 7D 00 05 01 02 0B 00 F7
[12:28:39.440] [CHOKE] i=1 note=57 ch=10
[12:28:39.461] [SysEx RX] len=8 first bytes: 00 7D 00 02 0B
[12:28:39.470] [SysEx TX] F0 00 7D 00 05 01 02 0B 00 F7
[12:28:39.513] [SysEx RX] len=8 first bytes: 00 7D 00 02 0B
[12:28:39.521] [SysEx TX] F0 00 7D 00 05 01 02 0B 00 F7
[12:28:39.583] [SysEx RX] len=8 first bytes: 00 7D 00 02 0B
[12:28:39.585] [SysEx TX] F0 00 7D 00 05 01 02 0B 00 F7
[12:28:39.616] [SysEx RX] len=8 first bytes: 00 7D 00 02 0B
[12:28:39.619] [SysEx TX] F0 00 7D 00 05 01 02 0B 00 F7
[12:28:39.659] [SysEx RX] len=8 first bytes: 00 7D 00 02 0B
[12:28:39.671] [SysEx TX] F0 00 7D 00 05 01 02 0B 00 F7
[12:28:39.688] [SysEx RX] len=8 first bytes: 00 7D 00 02 0B
[12:28:39.708] [SysEx TX] F0 00 7D 00 05 01 02 0B 00 F7
[12:28:39.730] [SysEx RX] len=8 first bytes: 00 7D 00 02 0B
[12:28:39.745] [SysEx TX] F0 00 7D 00 05 01 02 0B 00 F7
[12:28:39.759] [SysEx RX] len=8 first bytes: 00 7D 00 02 0B
[12:28:39.764] [SysEx TX] F0 00 7D 00 05 01 02 0B 00 F7
[12:28:39.770] [SysEx RX] len=8 first bytes: 00 7D 00 02 0B
[12:28:39.779] [SysEx TX] F0 00 7D 00 05 01 02 0B 00 F7
[12:28:39.789] [SysEx RX] len=8 first bytes: 00 7D 00 02 0B
[12:28:39.815] [SysEx TX] F0 00 7D 00 05 01 02 0B 00 F7
[12:28:39.844] [SysEx RX] len=8 first bytes: 00 7D 00 02 0B
[12:28:39.846] [SysEx TX] F0 00 7D 00 05 01 02 0B 00 F7
[12:28:39.852] [SysEx RX] len=8 first bytes: 00 7D 00 02 0B
[12:28:39.861] [SysEx TX] F0 00 7D 00 05 01 02 0B 00 F7
[12:28:39.867] [SysEx RX] len=8 first bytes: 00 7D 00 02 0B
[12:28:39.875] [SysEx TX] F0 00 7D 00 05 01 02 0B 00 F7
[12:28:39.894] [SysEx RX] len=8 first bytes: 00 7D 00 02 0B
[12:28:39.924] [SysEx TX] F0 00 7D 00 05 01 02 0B 00 F7
[12:28:39.944] [SysEx RX] len=8 first bytes: 00 7D 00 02 0B
[12:28:39.956] [SysEx TX] F0 00 7D 00 05 01 02 0B 00 F7
[12:28:42.262] [SysEx TX] F0 00 7D 00 05 03 01 00 05 05 F7
[12:28:42.518] [SysEx TX] F0 00 7D 00 05 03 01 00 12 12 F7
[12:28:42.731] [SysEx TX] F0 00 7D 00 05 03 01 00 1D 1D F7
[12:28:42.734] [CHOKE] i=1 note=57 ch=10
[12:28:42.808] [CHOKE] i=1 note=57 ch=10
[12:28:42.963] [SysEx TX] F0 00 7D 00 05 03 01 00 09 09 F7
[12:28:43.012] [CHOKE] i=1 note=57 ch=10
[12:28:43.154] [SysEx TX] F0 00 7D 00 05 03 01 00 34 34 F7
[12:28:43.218] [CHOKE] i=1 note=57 ch=10
[12:28:43.417] [SysEx TX] F0 00 7D 00 05 03 01 00 34 34 F7
[12:28:43.760] [CHOKE] i=1 note=57 ch=10
[12:28:43.761] [SysEx TX] F0 00 7D 00 05 03 01 00 44 44 F7
[12:28:43.761] [CHOKE] i=1 note=57 ch=10
[12:28:44.045] [SysEx TX] F0 00 7D 00 05 03 01 00 08 08 F7
[12:28:44.049] [CHOKE] i=1 note=57 ch=10
[12:28:44.409] [SysEx TX] F0 00 7D 00 05 03 01 00 04 04 F7
[12:28:44.748] [SysEx TX] F0 00 7D 00 05 03 01 00 0B 0B F7
[12:28:45.112] [SysEx TX] F0 00 7D 00 05 03 01 00 27 27 F7
[12:28:45.113] [CHOKE] i=1 note=57 ch=10
[12:28:45.249] [SysEx TX] F0 00 7D 00 05 03 01 00 05 05 F7
[12:28:45.538] [SysEx TX] F0 00 7D 00 05 03 01 00 27 27 F7
[12:28:45.543] [CHOKE] i=1 note=57 ch=10
[12:28:45.707] [SysEx TX] F0 00 7D 00 05 03 01 00 18 18 F7
[12:28:46.036] [SysEx TX] F0 00 7D 00 05 03 01 00 7F 7F F7
[12:28:46.047] [CHOKE] i=1 note=57 ch=10
[12:28:46.600] [SysEx TX] F0 00 7D 00 05 03 01 00 06 06 F7
[12:28:46.776] [SysEx TX] F0 00 7D 00 05 03 01 00 09 09 F7
[12:28:46.856] [SysEx TX] F0 00 7D 00 05 03 01 00 7F 7F F7
[12:28:46.880] [CHOKE] i=1 note=57 ch=10
[12:28:47.309] [SysEx TX] F0 00 7D 00 05 03 01 00 7F 7F F7
[12:28:47.311] [CHOKE] i=1 note=57 ch=10
[12:28:48.084] [SysEx TX] F0 00 7D 00 05 03 01 00 7F 7F F7
[12:28:48.745] [SysEx TX] F0 00 7D 00 05 03 01 00 1B 1B F7
[12:28:48.944] [SysEx TX] F0 00 7D 00 05 03 01 00 37 37 F7
[12:28:49.157] [SysEx TX] F0 00 7D 00 05 03 01 00 41 41 F7
[12:28:49.157] [CHOKE] i=1 note=57 ch=10
[12:28:49.333] [SysEx TX] F0 00 7D 00 05 03 01 00 47 47 F7
[12:28:49.336] [CHOKE] i=1 note=57 ch=10
[12:28:49.492] [SysEx TX] F0 00 7D 00 05 03 01 00 40 40 F7
[12:28:49.495] [CHOKE] i=1 note=57 ch=10
[12:28:49.683] [SysEx TX] F0 00 7D 00 05 03 01 00 4F 4F F7
[12:28:49.895] [SysEx TX] F0 00 7D 00 05 03 01 00 5D 5D F7
[12:28:49.895] [CHOKE] i=1 note=57 ch=10
[12:28:52.192] [SysEx TX] F0 00 7D 00 05 03 01 00 11 11 F7
[12:28:52.385] [SysEx TX] F0 00 7D 00 05 03 01 00 28 28 F7
[12:28:52.851] [SysEx TX] F0 00 7D 00 05 03 01 00 36 36 F7
[12:28:53.068] [SysEx TX] F0 00 7D 00 05 03 01 00 7B 7B F7
[12:28:53.073] [CHOKE] i=1 note=57 ch=10
[12:28:53.261] [SysEx TX] F0 00 7D 00 05 03 01 00 4A 4A F7
[12:28:53.934] [SysEx TX] F0 00 7D 00 05 03 01 00 7F 7F F7
[12:28:53.934] [CHOKE] i=1 note=57 ch=10
[12:28:54.471] [SysEx TX] F0 00 7D 00 05 03 01 00 7F 7F F7
[12:28:55.046] [SysEx TX] F0 00 7D 00 05 03 01 00 7F 7F F7
[12:28:55.629] [SysEx TX] F0 00 7D 00 05 03 01 00 7F 7F F7
[12:28:56.285] [SysEx TX] F0 00 7D 00 05 03 01 00 7F 7F F7
[12:28:56.285] [CHOKE] i=1 note=57 ch=10
[12:28:56.764] [SysEx TX] F0 00 7D 00 05 03 01 00 19 19 F7
[12:28:56.916] [SysEx TX] F0 00 7D 00 05 03 01 00 04 04 F7
[12:28:57.981] [SysEx RX] len=8 first bytes: 00 7D 00 02 0B
[12:28:57.989] [SysEx TX] F0 00 7D 00 05 01 02 0B 00 F7
[12:28:57.997] [SysEx RX] len=8 first bytes: 00 7D 00 02 0B
[12:28:58.010] [SysEx TX] F0 00 7D 00 05 01 02 0B 00 F7
[12:28:58.016] [SysEx RX] len=8 first bytes: 00 7D 00 02 0B
[12:28:58.038] [SysEx TX] F0 00 7D 00 05 01 02 0B 00 F7
[12:28:58.040] [SysEx RX] len=8 first bytes: 00 7D 00 02 0B
[12:28:58.050] [SysEx TX] F0 00 7D 00 05 01 02 0B 00 F7
[12:28:58.056] [SysEx RX] len=8 first bytes: 00 7D 00 02 0B
[12:28:58.063] [SysEx TX] F0 00 7D 00 05 01 02 0B 00 F7
[12:28:58.070] [SysEx RX] len=8 first bytes: 00 7D 00 02 0B
[12:28:58.078] [SysEx TX] F0 00 7D 00 05 01 02 0B 00 F7
[12:28:58.085] [SysEx RX] len=8 first bytes: 00 7D 00 02 0B
[12:28:58.093] [SysEx TX] F0 00 7D 00 05 01 02 0B 00 F7
[12:28:58.099] [SysEx RX] len=8 first bytes: 00 7D 00 02 0B
[12:28:58.108] [SysEx TX] F0 00 7D 00 05 01 02 0B 00 F7
[12:28:58.118] [SysEx RX] len=8 first bytes: 00 7D 00 02 0B
[12:28:58.130] [SysEx TX] F0 00 7D 00 05 01 02 0B 00 F7
[12:28:58.135] [SysEx RX] len=8 first bytes: 00 7D 00 02 0B
[12:28:58.148] [SysEx TX] F0 00 7D 00 05 01 02 0B 00 F7
[12:28:58.151] [SysEx RX] len=8 first bytes: 00 7D 00 02 0B
[12:28:58.156] [SysEx TX] F0 00 7D 00 05 01 02 0B 00 F7
[12:28:58.165] [SysEx RX] len=8 first bytes: 00 7D 00 02 0B
[12:28:58.173] [SysEx TX] F0 00 7D 00 05 01 02 0B 00 F7
[12:28:58.184] [SysEx RX] len=8 first bytes: 00 7D 00 02 0B
[12:28:58.194] [SysEx TX] F0 00 7D 00 05 01 02 0B 00 F7
[12:28:58.197] [SysEx RX] len=8 first bytes: 00 7D 00 02 0B
[12:28:58.206] [SysEx TX] F0 00 7D 00 05 01 02 0B 00 F7
[12:28:58.232] [SysEx RX] len=8 first bytes: 00 7D 00 02 0B
[12:28:58.233] [SysEx TX] F0 00 7D 00 05 01 02 0B 00 F7
[12:28:58.240] [SysEx RX] len=8 first bytes: 00 7D 00 02 0B
[12:28:58.252] [SysEx TX] F0 00 7D 00 05 01 02 0B 00 F7
[12:28:58.253] [SysEx RX] len=8 first bytes: 00 7D 00 02 0B
[12:28:58.266] [SysEx TX] F0 00 7D 00 05 01 02 0B 00 F7
[12:28:58.332] [SysEx RX] len=8 first bytes: 00 7D 00 02 0B
[12:28:58.338] [SysEx TX] F0 00 7D 00 05 01 02 0B 00 F7
[12:28:58.365] [SysEx RX] len=8 first bytes: 00 7D 00 02 0B
[12:28:58.373] [SysEx TX] F0 00 7D 00 05 01 02 0B 00 F7
[12:28:58.397] [SysEx RX] len=8 first bytes: 00 7D 00 02 0B
[12:28:58.406] [SysEx TX] F0 00 7D 00 05 01 02 0B 00 F7
[12:28:58.414] [SysEx RX] len=8 first bytes: 00 7D 00 02 0B
[12:28:58.424] [SysEx TX] F0 00 7D 00 05 01 02 0B 00 F7
[12:28:58.446] [SysEx RX] len=8 first bytes: 00 7D 00 02 0B
[12:28:58.457] [SysEx TX] F0 00 7D 00 05 01 02 0B 00 F7
[12:28:58.480] [SysEx RX] len=8 first bytes: 00 7D 00 02 0B
[12:28:58.489] [SysEx TX] F0 00 7D 00 05 01 02 0B 00 F7
[12:28:58.560] [SysEx RX] len=8 first bytes: 00 7D 00 02 0B
[12:28:58.562] [SysEx TX] F0 00 7D 00 05 01 02 0B 00 F7
[12:28:58.571] [SysEx RX] len=8 first bytes: 00 7D 00 02 0B
[12:28:58.581] [SysEx TX] F0 00 7D 00 05 01 02 0B 00 F7
[12:28:58.586] [SysEx RX] len=8 first bytes: 00 7D 00 02 0B
[12:28:58.597] [SysEx TX] F0 00 7D 00 05 01 02 0B 00 F7
[12:28:58.601] [SysEx RX] len=8 first bytes: 00 7D 00 02 0B
[12:28:58.610] [SysEx TX] F0 00 7D 00 05 01 02 0B 00 F7
[12:29:00.866] [SysEx TX] F0 00 7D 00 05 03 01 00 01 01 F7
[12:29:00.883] [SysEx TX] F0 00 7D 00 05 03 00 00 01 01 F7
[12:29:01.736] [SysEx TX] F0 00 7D 00 05 03 01 00 13 13 F7
[12:29:02.199] [SysEx TX] F0 00 7D 00 05 03 01 00 2A 2A F7
[12:29:02.214] [SysEx TX] F0 00 7D 00 05 03 00 00 01 01 F7
[12:29:02.214] [CHOKE] i=1 note=57 ch=10
[12:29:02.441] [SysEx TX] F0 00 7D 00 05 03 01 00 5D 5D F7
[12:29:02.444] [CHOKE] i=1 note=57 ch=10
[12:29:02.679] [SysEx TX] F0 00 7D 00 05 03 01 00 54 54 F7
[12:29:02.944] [SysEx TX] F0 00 7D 00 05 03 01 00 66 66 F7
[12:29:03.229] [SysEx TX] F0 00 7D 00 05 03 01 00 7F 7F F7
[12:29:03.585] [SysEx TX] F0 00 7D 00 05 03 01 00 7F 7F F7
[12:29:03.585] [CHOKE] i=1 note=57 ch=10
[12:29:04.096] [SysEx TX] F0 00 7D 00 05 03 01 00 7F 7F F7
[12:29:04.097] [CHOKE] i=1 note=57 ch=10
[12:29:04.603] [SysEx TX] F0 00 7D 00 05 03 01 00 7F 7F F7
[12:29:04.608] [CHOKE] i=1 note=57 ch=10
[12:29:04.611] [CHOKE] i=1 note=57 ch=10
[12:29:05.348] [SysEx TX] F0 00 7D 00 05 03 01 00 7F 7F F7
[12:29:05.351] [CHOKE] i=1 note=57 ch=10
[12:29:05.609] [SysEx TX] F0 00 7D 00 05 03 01 00 45 45 F7
[12:29:05.840] [SysEx TX] F0 00 7D 00 05 03 01 00 34 34 F7
[12:29:05.841] [CHOKE] i=1 note=57 ch=10
[12:29:05.960] [SysEx TX] F0 00 7D 00 05 03 01 00 1F 1F F7
[12:29:05.961] [CHOKE] i=1 note=57 ch=10
[12:29:06.105] [SysEx TX] F0 00 7D 00 05 03 01 00 62 62 F7
[12:29:06.301] [SysEx TX] F0 00 7D 00 05 03 01 00 69 69 F7
[12:29:06.476] [SysEx TX] F0 00 7D 00 05 03 01 00 7F 7F F7
[12:29:06.479] [CHOKE] i=1 note=57 ch=10
[12:29:06.633] [SysEx TX] F0 00 7D 00 05 03 01 00 44 44 F7
[12:29:06.639] [CHOKE] i=1 note=57 ch=10
[12:29:06.807] [SysEx TX] F0 00 7D 00 05 03 01 00 5A 5A F7
[12:29:07.015] [SysEx TX] F0 00 7D 00 05 03 01 00 7F 7F F7
[12:29:07.019] [CHOKE] i=1 note=57 ch=10
[12:29:08.073] [SysEx TX] F0 00 7D 00 05 03 01 00 09 09 F7
[12:29:08.167] [SysEx TX] F0 00 7D 00 05 03 01 00 06 06 F7
[12:29:11.168] [SysEx TX] F0 00 7D 00 05 03 01 00 05 05 F7
[12:29:11.292] [SysEx TX] F0 00 7D 00 05 03 01 00 06 06 F7
[12:29:11.503] [SysEx TX] F0 00 7D 00 05 03 01 00 01 01 F7
[12:29:11.586] [SysEx TX] F0 00 7D 00 05 03 01 00 03 03 F7
[12:29:11.596] [SysEx TX] F0 00 7D 00 05 03 00 00 01 01 F7
[12:29:11.668] [SysEx TX] F0 00 7D 00 05 03 01 00 01 01 F7
[12:29:11.776] [SysEx TX] F0 00 7D 00 05 03 01 00 0C 0C F7
[12:29:11.780] [CHOKE] i=1 note=57 ch=10
[12:29:12.030] [SysEx TX] F0 00 7D 00 05 03 01 00 03 03 F7
[12:29:12.118] [SysEx TX] F0 00 7D 00 05 03 01 00 0F 0F F7
[12:29:12.263] [SysEx TX] F0 00 7D 00 05 03 01 00 27 27 F7
[12:29:12.367] [SysEx TX] F0 00 7D 00 05 03 01 00 03 03 F7
[12:29:12.453] [SysEx TX] F0 00 7D 00 05 03 01 00 06 06 F7
[12:29:12.546] [SysEx TX] F0 00 7D 00 05 03 01 00 03 03 F7
[12:29:12.629] [SysEx TX] F0 00 7D 00 05 03 01 00 07 07 F7
[12:29:12.772] [SysEx TX] F0 00 7D 00 05 03 01 00 1B 1B F7
[12:29:12.896] [SysEx TX] F0 00 7D 00 05 03 01 00 02 02 F7
[12:29:12.965] [SysEx TX] F0 00 7D 00 05 03 01 00 08 08 F7
[12:29:13.103] [SysEx TX] F0 00 7D 00 05 03 01 00 1B 1B F7
[12:29:13.217] [CHOKE] i=1 note=57 ch=10
[12:29:13.235] [SysEx TX] F0 00 7D 00 05 03 01 00 08 08 F7
[12:29:13.338] [SysEx TX] F0 00 7D 00 05 03 01 00 08 08 F7
[12:29:13.421] [SysEx TX] F0 00 7D 00 05 03 01 00 18 18 F7
[12:29:13.504] [SysEx TX] F0 00 7D 00 05 03 01 00 04 04 F7
[12:29:13.594] [SysEx TX] F0 00 7D 00 05 03 01 00 05 05 F7
[12:29:13.673] [SysEx TX] F0 00 7D 00 05 03 01 00 01 01 F7
[12:29:13.761] [SysEx TX] F0 00 7D 00 05 03 01 00 01 01 F7
[12:29:13.887] [SysEx TX] F0 00 7D 00 05 03 01 00 20 20 F7
[12:29:13.973] [SysEx TX] F0 00 7D 00 05 03 01 00 0F 0F F7
[12:29:13.976] [CHOKE] i=1 note=57 ch=10
[12:29:14.120] [SysEx TX] F0 00 7D 00 05 03 01 00 0B 0B F7
[12:29:14.205] [SysEx TX] F0 00 7D 00 05 03 01 00 1B 1B F7
[12:29:14.299] [SysEx TX] F0 00 7D 00 05 03 01 00 01 01 F7
[12:29:14.387] [SysEx TX] F0 00 7D 00 05 03 01 00 01 01 F7
[12:29:14.518] [SysEx TX] F0 00 7D 00 05 03 01 00 19 19 F7
[12:29:14.854] [SysEx TX] F0 00 7D 00 05 03 01 00 24 24 F7
[12:29:14.859] [CHOKE] i=1 note=57 ch=10
[12:29:16.871] [SysEx RX] len=8 first bytes: 00 7D 00 02 0D
[12:29:16.877] [SysEx TX] F0 00 7D 00 05 01 02 0D 00 F7
[12:29:17.133] [SysEx RX] len=8 first bytes: 00 7D 00 02 0D
[12:29:17.141] [SysEx TX] F0 00 7D 00 05 01 02 0D 00 F7
[12:29:17.150] [SysEx RX] len=8 first bytes: 00 7D 00 02 0D
[12:29:17.167] [SysEx TX] F0 00 7D 00 05 01 02 0D 00 F7
[12:29:17.168] [SysEx RX] len=8 first bytes: 00 7D 00 02 0D
[12:29:17.187] [SysEx TX] F0 00 7D 00 05 01 02 0D 00 F7
[12:29:17.203] [SysEx RX] len=8 first bytes: 00 7D 00 02 0D
[12:29:17.204] [SysEx TX] F0 00 7D 00 05 01 02 0D 00 F7
[12:29:17.208] [SysEx RX] len=8 first bytes: 00 7D 00 02 0D
[12:29:17.218] [SysEx TX] F0 00 7D 00 05 01 02 0D 00 F7
[12:29:17.224] [SysEx RX] len=8 first bytes: 00 7D 00 02 0D
[12:29:17.232] [SysEx TX] F0 00 7D 00 05 01 02 0D 00 F7
[12:29:17.283] [SysEx RX] len=8 first bytes: 00 7D 00 02 0D
[12:29:17.290] [SysEx TX] F0 00 7D 00 05 01 02 0D 00 F7
[12:29:17.317] [SysEx RX] len=8 first bytes: 00 7D 00 02 0D
[12:29:17.326] [SysEx TX] F0 00 7D 00 05 01 02 0D 00 F7
[12:29:17.333] [SysEx RX] len=8 first bytes: 00 7D 00 02 0D
[12:29:17.341] [SysEx TX] F0 00 7D 00 05 01 02 0D 00 F7
[12:29:17.349] [SysEx RX] len=8 first bytes: 00 7D 00 02 0D
[12:29:17.357] [SysEx TX] F0 00 7D 00 05 01 02 0D 00 F7
[12:29:17.384] [SysEx RX] len=8 first bytes: 00 7D 00 02 0D
[12:29:17.390] [SysEx TX] F0 00 7D 00 05 01 02 0D 00 F7
[12:29:17.435] [SysEx RX] len=8 first bytes: 00 7D 00 02 0D
[12:29:17.441] [SysEx TX] F0 00 7D 00 05 01 02 0D 00 F7
[12:29:17.472] [SysEx RX] len=8 first bytes: 00 7D 00 02 0D
[12:29:17.472] [SysEx TX] F0 00 7D 00 05 01 02 0D 00 F7
[12:29:17.497] [SysEx RX] len=8 first bytes: 00 7D 00 02 0D
[12:29:17.505] [SysEx TX] F0 00 7D 00 05 01 02 0D 00 F7
[12:29:17.517] [SysEx TX] F0 00 7D 00 05 03 00 00 01 01 F7
[12:29:17.523] [SysEx RX] len=8 first bytes: 00 7D 00 02 0D
[12:29:17.532] [SysEx TX] F0 00 7D 00 05 01 02 0D 00 F7
[12:29:17.538] [SysEx RX] len=8 first bytes: 00 7D 00 02 0D
[12:29:17.547] [SysEx TX] F0 00 7D 00 05 01 02 0D 00 F7
[12:29:17.556] [SysEx RX] len=8 first bytes: 00 7D 00 02 0D
[12:29:17.562] [SysEx TX] F0 00 7D 00 05 01 02 0D 00 F7
[12:29:17.573] [SysEx RX] len=8 first bytes: 00 7D 00 02 0D
[12:29:17.575] [SysEx TX] F0 00 7D 00 05 01 02 0D 00 F7
[12:29:17.600] [SysEx RX] len=8 first bytes: 00 7D 00 02 0D
[12:29:17.613] [SysEx TX] F0 00 7D 00 05 01 02 0D 00 F7
[12:29:17.633] [SysEx RX] len=8 first bytes: 00 7D 00 02 0D
[12:29:17.642] [SysEx TX] F0 00 7D 00 05 01 02 0D 00 F7
[12:29:17.700] [SysEx RX] len=8 first bytes: 00 7D 00 02 0D
[12:29:17.709] [SysEx TX] F0 00 7D 00 05 01 02 0D 00 F7
[12:29:17.831] [SysEx RX] len=8 first bytes: 00 7D 00 02 0D
[12:29:17.841] [SysEx TX] F0 00 7D 00 05 01 02 0D 00 F7
[12:29:17.902] [SysEx RX] len=8 first bytes: 00 7D 00 02 0D
[12:29:17.907] [SysEx TX] F0 00 7D 00 05 01 02 0D 00 F7
[12:29:17.949] [SysEx RX] len=8 first bytes: 00 7D 00 02 0D
[12:29:17.956] [SysEx TX] F0 00 7D 00 05 01 02 0D 00 F7
[12:29:18.018] [SysEx RX] len=8 first bytes: 00 7D 00 02 0D
[12:29:18.024] [SysEx TX] F0 00 7D 00 05 01 02 0D 00 F7
[12:29:18.166] [SysEx RX] len=8 first bytes: 00 7D 00 02 0D
[12:29:18.176] [SysEx TX] F0 00 7D 00 05 01 02 0D 00 F7
[12:29:18.223] [SysEx RX] len=8 first bytes: 00 7D 00 02 0D
[12:29:18.226] [SysEx TX] F0 00 7D 00 05 01 02 0D 00 F7
[12:29:18.483] [SysEx RX] len=8 first bytes: 00 7D 00 02 0D
[12:29:18.494] [SysEx TX] F0 00 7D 00 05 01 02 0D 00 F7
[12:29:18.516] [SysEx RX] len=8 first bytes: 00 7D 00 02 0D
[12:29:18.528] [SysEx TX] F0 00 7D 00 05 01 02 0D 00 F7
[12:29:18.582] [SysEx RX] len=8 first bytes: 00 7D 00 02 0D
[12:29:18.596] [SysEx TX] F0 00 7D 00 05 01 02 0D 00 F7
[12:29:18.611] [SysEx TX] F0 00 7D 00 05 03 00 00 01 01 F7
[12:29:18.650] [SysEx RX] len=8 first bytes: 00 7D 00 02 0D
[12:29:18.658] [SysEx TX] F0 00 7D 00 05 01 02 0D 00 F7
[12:29:18.803] [SysEx RX] len=8 first bytes: 00 7D 00 02 0D
[12:29:18.817] [SysEx TX] F0 00 7D 00 05 01 02 0D 00 F7
[12:29:18.841] [SysEx TX] F0 00 7D 00 05 03 00 00 01 01 F7
[12:29:18.866] [SysEx RX] len=8 first bytes: 00 7D 00 02 0D
[12:29:18.874] [SysEx TX] F0 00 7D 00 05 01 02 0D 00 F7
[12:29:19.303] [SysEx RX] len=8 first bytes: 00 7D 00 02 0D
[12:29:19.306] [SysEx TX] F0 00 7D 00 05 01 02 0D 00 F7
[12:29:19.417] [SysEx RX] len=8 first bytes: 00 7D 00 02 0D
[12:29:19.431] [SysEx TX] F0 00 7D 00 05 01 02 0D 00 F7
[12:29:20.608] [SysEx TX] F0 00 7D 00 05 03 01 00 07 07 F7
[12:29:20.895] [SysEx TX] F0 00 7D 00 05 03 01 00 06 06 F7
[12:29:21.095] [SysEx TX] F0 00 7D 00 05 03 01 00 01 01 F7
[12:29:21.159] [SysEx TX] F0 00 7D 00 05 03 01 00 01 01 F7
[12:29:21.751] [SysEx TX] F0 00 7D 00 05 03 01 00 0C 0C F7
[12:29:21.754] [CHOKE] i=1 note=57 ch=10
[12:29:22.016] [SysEx TX] F0 00 7D 00 05 03 01 00 48 48 F7
[12:29:22.345] [SysEx TX] F0 00 7D 00 05 03 01 00 7F 7F F7
[12:29:22.684] [SysEx TX] F0 00 7D 00 05 03 01 00 7F 7F F7
[12:29:23.205] [SysEx TX] F0 00 7D 00 05 03 01 00 11 11 F7
[12:29:23.547] [SysEx TX] F0 00 7D 00 05 03 01 00 10 10 F7
[12:29:23.666] [SysEx TX] F0 00 7D 00 05 03 01 00 22 22 F7
[12:29:23.674] [CHOKE] i=1 note=57 ch=10
[12:29:23.821] [SysEx TX] F0 00 7D 00 05 03 01 00 49 49 F7
[12:29:23.834] [CHOKE] i=1 note=57 ch=10
[12:29:23.974] [SysEx TX] F0 00 7D 00 05 03 01 00 39 39 F7
[12:29:24.113] [SysEx TX] F0 00 7D 00 05 03 01 00 4C 4C F7
[12:29:24.245] [SysEx TX] F0 00 7D 00 05 03 01 00 64 64 F7
[12:29:24.357] [SysEx TX] F0 00 7D 00 05 03 01 00 4D 4D F7
[12:29:24.477] [SysEx TX] F0 00 7D 00 05 03 01 00 35 35 F7
[12:29:24.570] [SysEx TX] F0 00 7D 00 05 03 01 00 29 29 F7
[12:29:24.576] [CHOKE] i=1 note=57 ch=10
[12:29:24.937] [SysEx TX] F0 00 7D 00 05 03 01 00 7F 7F F7
[12:29:25.310] [SysEx TX] F0 00 7D 00 05 03 01 00 7F 7F F7
[12:29:25.312] [CHOKE] i=1 note=57 ch=10
[12:29:25.697] [SysEx TX] F0 00 7D 00 05 03 01 00 7F 7F F7
[12:29:26.039] [SysEx TX] F0 00 7D 00 05 03 01 00 5C 5C F7
[12:29:26.046] [CHOKE] i=1 note=57 ch=10
[12:29:26.188] [SysEx TX] F0 00 7D 00 05 03 01 00 7F 7F F7
[12:29:26.235] [CHOKE] i=1 note=57 ch=10
[12:29:26.253] [SysEx TX] F0 00 7D 00 05 03 01 00 11 11 F7
[12:29:26.406] [SysEx TX] F0 00 7D 00 05 03 01 00 38 38 F7
[12:29:26.529] [SysEx TX] F0 00 7D 00 05 03 01 00 2D 2D F7
[12:29:26.861] [SysEx TX] F0 00 7D 00 05 03 01 00 17 17 F7
[12:29:27.006] [SysEx TX] F0 00 7D 00 05 03 01 00 23 23 F7
[12:29:27.013] [CHOKE] i=1 note=57 ch=10
[12:29:27.189] [SysEx TX] F0 00 7D 00 05 03 01 00 1C 1C F7
[12:29:27.189] [CHOKE] i=1 note=57 ch=10
[12:29:27.253] [SysEx TX] F0 00 7D 00 05 03 01 00 17 17 F7
[12:29:27.388] [SysEx TX] F0 00 7D 00 05 03 01 00 37 37 F7
[12:29:27.393] [CHOKE] i=1 note=57 ch=10
[12:29:27.527] [SysEx TX] F0 00 7D 00 05 03 01 00 2C 2C F7
[12:29:27.528] [CHOKE] i=1 note=57 ch=10
[12:29:27.661] [SysEx TX] F0 00 7D 00 05 03 01 00 15 15 F7
[12:29:28.035] [SysEx TX] F0 00 7D 00 05 03 01 00 1A 1A F7
[12:29:28.039] [CHOKE] i=1 note=57 ch=10
[12:29:28.176] [SysEx TX] F0 00 7D 00 05 03 01 00 21 21 F7
[12:29:28.427] [SysEx TX] F0 00 7D 00 05 03 01 00 12 12 F7
[12:29:28.429] [CHOKE] i=1 note=57 ch=10
[12:29:28.694] [SysEx TX] F0 00 7D 00 05 03 01 00 29 29 F7
[12:29:29.022] [SysEx TX] F0 00 7D 00 05 03 01 00 14 14 F7
[12:29:29.306] [SysEx TX] F0 00 7D 00 05 03 01 00 2C 2C F7
[12:29:29.311] [CHOKE] i=1 note=57 ch=10
[12:29:29.591] [SysEx TX] F0 00 7D 00 05 03 01 00 44 44 F7
[12:29:29.593] [CHOKE] i=1 note=57 ch=10
[12:29:29.918] [CHOKE] i=1 note=57 ch=10
[12:29:29.929] [SysEx TX] F0 00 7D 00 05 03 01 00 66 66 F7
[12:29:30.309] [SysEx TX] F0 00 7D 00 05 03 01 00 53 53 F7
[12:29:30.753] [SysEx TX] F0 00 7D 00 05 03 01 00 5E 5E F7
[12:29:31.328] [SysEx TX] F0 00 7D 00 05 03 01 00 7F 7F F7
[12:29:31.333] [CHOKE] i=1 note=57 ch=10
[12:29:32.065] [SysEx TX] F0 00 7D 00 05 03 01 00 7F 7F F7
[12:29:32.071] [CHOKE] i=1 note=57 ch=10
[12:29:32.811] [SysEx TX] F0 00 7D 00 05 03 01 00 7F 7F F7
[12:29:32.816] [CHOKE] i=1 note=57 ch=10
[12:29:34.226] [SysEx TX] F0 00 7D 00 05 03 01 00 7F 7F F7
[12:29:34.266] [SysEx TX] F0 00 7D 00 05 03 01 00 1D 1D F7
[12:29:34.318] [SysEx TX] F0 00 7D 00 05 03 01 00 0C 0C F7
[12:29:34.353] [SysEx TX] F0 00 7D 00 05 03 01 00 02 02 F7
[12:29:37.147] [SysEx RX] len=5 first bytes: 00 7D 00 01 06
[12:29:37.168] [SysEx TX] F0 00 7D 00 05 01 01 06 00 F7
[12:29:40.653] [SysEx TX] F0 00 7D 00 05 03 03 00 7F 7F F7
[12:29:41.044] [SysEx TX] F0 00 7D 00 05 03 03 00 7F 7F F7
[12:29:41.250] [SysEx TX] F0 00 7D 00 05 03 03 00 7F 7F F7
[12:29:41.331] [SysEx TX] F0 00 7D 00 05 03 03 00 7F 7F F7
[12:30:02.071] [SysEx RX] len=8 first bytes: 00 7D 00 03 01
[12:30:02.080] [SysEx TX] F0 00 7D 00 05 01 03 01 00 F7
[12:30:02.938] [SysEx TX] F0 00 7D 00 05 03 03 00 7F 7F F7
[12:30:03.117] [SysEx TX] F0 00 7D 00 05 03 03 00 7F 7F F7
[12:30:03.553] [SysEx TX] F0 00 7D 00 05 03 03 00 7F 7F F7
[12:30:03.879] [SysEx TX] F0 00 7D 00 05 03 03 00 7F 7F F7
[12:30:04.631] [SysEx TX] F0 00 7D 00 05 03 03 00 7F 7F F7
[12:30:10.490] [SysEx TX] F0 00 7D 00 05 03 01 00 08 08 F7
[12:30:10.618] [SysEx TX] F0 00 7D 00 05 03 01 00 04 04 F7
[12:30:11.538] [SysEx TX] F0 00 7D 00 05 03 01 00 0E 0E F7
[12:30:13.017] [CHOKE] i=1 note=57 ch=10
[12:30:13.517] [CHOKE] i=1 note=57 ch=10
[12:30:13.534] [CHOKE] i=1 note=57 ch=10
[12:30:14.173] [CHOKE] i=1 note=57 ch=10
[12:30:25.441] [SysEx RX] len=8 first bytes: 00 7D 00 03 01
[12:30:25.450] [SysEx TX] F0 00 7D 00 05 01 03 01 00 F7
[12:30:25.467] [SysEx TX] F0 00 7D 00 05 03 00 00 01 01 F7
[12:30:27.984] [SysEx TX] F0 00 7D 00 05 03 03 00 7F 7F F7
[12:30:28.242] [SysEx TX] F0 00 7D 00 05 03 03 00 7F 7F F7
[12:30:28.454] [SysEx TX] F0 00 7D 00 05 03 03 00 7F 7F F7
[12:30:28.459] [CHOKE] i=1 note=57 ch=10
[12:30:32.750] [CHOKE] i=1 note=57 ch=10
[12:30:36.277] [SysEx RX] len=8 first bytes: 00 7D 00 03 01
[12:30:36.285] [SysEx TX] F0 00 7D 00 05 01 03 01 00 F7
[12:30:36.824] [SysEx TX] F0 00 7D 00 05 03 01 00 01 01 F7
[12:30:37.120] [SysEx TX] F0 00 7D 00 05 03 01 00 01 01 F7
[12:30:37.699] [CHOKE] i=1 note=57 ch=10
[12:30:38.280] [SysEx TX] F0 00 7D 00 05 03 03 00 7F 7F F7
[12:30:38.365] [CHOKE] i=1 note=57 ch=10
[12:30:38.981] [CHOKE] i=1 note=57 ch=10
[12:30:39.216] [SysEx TX] F0 00 7D 00 05 03 03 00 7F 7F F7
[12:30:39.527] [SysEx TX] F0 00 7D 00 05 03 03 00 7F 7F F7
[12:30:39.763] [SysEx TX] F0 00 7D 00 05 03 03 00 7F 7F F7
[12:30:40.593] [SysEx TX] F0 00 7D 00 05 03 01 00 01 01 F7
[12:30:40.647] [SysEx TX] F0 00 7D 00 05 03 01 00 01 01 F7
[12:30:41.597] [SysEx RX] len=5 first bytes: 00 7D 00 01 06
[12:30:41.616] [SysEx TX] F0 00 7D 00 05 01 01 06 00 F7
[12:30:47.606] [SysEx TX] F0 00 7D 00 05 03 03 00 7F 7F F7
[12:30:47.925] [SysEx TX] F0 00 7D 00 05 03 03 00 7F 7F F7
[12:30:48.223] [SysEx TX] F0 00 7D 00 05 03 03 00 7F 7F F7
[12:30:48.457] [SysEx TX] F0 00 7D 00 05 03 03 00 7F 7F F7
[12:30:48.475] [SysEx TX] F0 00 7D 00 05 03 01 00 02 02 F7
[12:30:48.998] [SysEx TX] F0 00 7D 00 05 03 03 00 7F 7F F7
[12:30:49.245] [SysEx TX] F0 00 7D 00 05 03 03 00 7F 7F F7
[12:30:51.088] [CHOKE] i=1 note=57 ch=10
[12:30:55.816] [SysEx TX] F0 00 7D 00 05 03 00 00 01 01 F7
[12:30:58.129] [SysEx RX] len=8 first bytes: 00 7D 00 03 01
[12:30:58.152] [SysEx TX] F0 00 7D 00 05 01 03 01 00 F7
[12:30:59.713] [SysEx RX] len=5 first bytes: 00 7D 00 01 06
[12:30:59.739] [SysEx TX] F0 00 7D 00 05 01 01 06 00 F7
[12:31:00.692] [SysEx TX] F0 00 7D 00 05 03 03 00 7F 7F F7
[12:31:00.886] [SysEx TX] F0 00 7D 00 05 03 03 00 7F 7F F7
[12:31:01.058] [SysEx TX] F0 00 7D 00 05 03 03 00 7F 7F F7
[12:31:01.270] [SysEx TX] F0 00 7D 00 05 03 03 00 7F 7F F7
[12:31:01.449] [SysEx TX] F0 00 7D 00 05 03 03 00 7F 7F F7
[12:31:01.611] [SysEx TX] F0 00 7D 00 05 03 03 00 7F 7F F7
[12:31:06.159] [CHOKE] i=1 note=57 ch=10
[12:31:18.630] [CHOKE] i=1 note=57 ch=10
[12:31:18.653] [CHOKE] i=1 note=57 ch=10
[12:31:18.835] [CHOKE] i=1 note=57 ch=10
[12:31:19.995] [SysEx TX] F0 00 7D 00 05 03 03 00 7F 7F F7
[12:31:20.366] [SysEx TX] F0 00 7D 00 05 03 03 00 7F 7F F7
[12:31:20.678] [SysEx TX] F0 00 7D 00 05 03 03 00 7F 7F F7
[12:31:21.123] [SysEx TX] F0 00 7D 00 05 03 03 00 7F 7F F7
[12:31:21.296] [SysEx TX] F0 00 7D 00 05 03 03 00 7F 7F F7
[12:31:21.544] [SysEx TX] F0 00 7D 00 05 03 03 00 7F 7F F7
[12:31:21.844] [SysEx TX] F0 00 7D 00 05 03 03 00 7F 7F F7
[12:31:22.235] [SysEx TX] F0 00 7D 00 05 03 03 00 7F 7F F7
[12:31:22.349] [CHOKE] i=1 note=57 ch=10
[12:31:22.400] [SysEx TX] F0 00 7D 00 05 03 03 00 7F 7F F7
[12:31:22.695] [SysEx TX] F0 00 7D 00 05 03 03 00 7F 7F F7
[12:31:23.022] [CHOKE] i=1 note=57 ch=10
[12:31:23.409] [SysEx TX] F0 00 7D 00 05 03 03 00 7F 7F F7
[12:31:23.414] [CHOKE] i=1 note=57 ch=10
[12:31:23.855] [SysEx TX] F0 00 7D 00 05 03 03 00 7F 7F F7
[12:31:24.288] [SysEx TX] F0 00 7D 00 05 03 03 00 7F 7F F7
[12:31:24.719] [SysEx TX] F0 00 7D 00 05 03 03 00 7F 7F F7
[12:31:27.364] [CHOKE] i=1 note=57 ch=10
[12:31:41.116] [CHOKE] i=1 note=57 ch=10
[12:31:41.677] [SysEx TX] F0 00 7D 00 05 03 03 00 7F 7F F7
[12:31:41.936] [SysEx TX] F0 00 7D 00 05 03 03 00 7F 7F F7
[12:31:42.182] [SysEx TX] F0 00 7D 00 05 03 03 00 7F 7F F7
[12:31:42.442] [SysEx TX] F0 00 7D 00 05 03 03 00 7F 7F F7
[12:31:42.582] [SysEx TX] F0 00 7D 00 05 03 03 00 7F 7F F7
[12:31:42.848] [SysEx TX] F0 00 7D 00 05 03 03 00 7F 7F F7
[12:31:42.962] [SysEx TX] F0 00 7D 00 05 03 03 00 7F 7F F7
[12:31:43.258] [SysEx TX] F0 00 7D 00 05 03 03 00 7F 7F F7
[12:31:43.535] [SysEx TX] F0 00 7D 00 05 03 03 00 7F 7F F7
[12:31:43.800] [SysEx TX] F0 00 7D 00 05 03 03 00 7F 7F F7
[12:31:44.047] [SysEx TX] F0 00 7D 00 05 03 03 00 7F 7F F7
[12:31:44.329] [SysEx TX] F0 00 7D 00 05 03 03 00 7F 7F F7
[12:31:44.587] [SysEx TX] F0 00 7D 00 05 03 03 00 7F 7F F7
[12:31:44.680] [SysEx TX] F0 00 7D 00 05 03 03 00 7F 7F F7
[12:31:44.799] [SysEx TX] F0 00 7D 00 05 03 03 00 7F 7F F7
[12:31:45.091] [SysEx TX] F0 00 7D 00 05 03 03 00 7F 7F F7
[12:31:45.479] [CHOKE] i=1 note=57 ch=10
[12:31:46.343] [SysEx TX] F0 00 7D 00 05 03 03 00 7F 7F F7
[12:31:46.652] [SysEx TX] F0 00 7D 00 05 03 03 00 7F 7F F7
[12:31:47.981] [SysEx TX] F0 00 7D 00 05 03 03 00 7F 7F F7
[12:31:48.694] [SysEx TX] F0 00 7D 00 05 03 03 00 7F 7F F7
[12:31:48.984] [SysEx TX] F0 00 7D 00 05 03 03 00 7F 7F F7
[12:31:49.104] [SysEx TX] F0 00 7D 00 05 03 03 00 7F 7F F7
[12:31:49.229] [CHOKE] i=1 note=57 ch=10
[12:31:49.418] [SysEx TX] F0 00 7D 00 05 03 03 00 7F 7F F7
[12:31:49.652] [SysEx TX] F0 00 7D 00 05 03 03 00 7F 7F F7
[12:31:51.963] [SysEx TX] F0 00 7D 00 05 03 01 00 69 69 F7
[12:31:52.379] [SysEx TX] F0 00 7D 00 05 03 01 00 7F 7F F7
[12:31:53.853] [SysEx TX] F0 00 7D 00 05 03 00 00 02 02 F7
[12:31:53.879] [SysEx TX] F0 00 7D 00 05 03 00 00 06 06 F7
[12:31:53.895] [SysEx TX] F0 00 7D 00 05 03 00 00 18 18 F7
[12:31:53.904] [SysEx TX] F0 00 7D 00 05 03 00 00 01 01 F7
[12:31:53.914] [SysEx TX] F0 00 7D 00 05 03 00 00 02 02 F7
[12:31:53.925] [SysEx TX] F0 00 7D 00 05 03 00 00 01 01 F7
[12:31:54.144] [SysEx TX] F0 00 7D 00 05 03 00 00 7F 7F F7
[12:31:54.164] [SysEx TX] F0 00 7D 00 05 03 00 00 31 31 F7
[12:31:54.184] [SysEx TX] F0 00 7D 00 05 03 00 00 57 57 F7
[12:31:54.199] [SysEx TX] F0 00 7D 00 05 03 00 00 60 60 F7
[12:31:54.207] [SysEx TX] F0 00 7D 00 05 03 00 00 0B 0B F7
[12:31:54.219] [SysEx TX] F0 00 7D 00 05 03 00 00 02 02 F7
[12:31:54.419] [SysEx TX] F0 00 7D 00 05 03 00 00 7F 7F F7
[12:31:54.430] [SysEx TX] F0 00 7D 00 05 03 00 00 7F 7F F7
[12:31:54.451] [SysEx TX] F0 00 7D 00 05 03 00 00 7F 7F F7
[12:31:54.452] [CHOKE] i=1 note=57 ch=10
[12:31:54.463] [SysEx TX] F0 00 7D 00 05 03 00 00 3A 3A F7
[12:31:54.473] [SysEx TX] F0 00 7D 00 05 03 00 00 10 10 F7
[12:31:54.488] [SysEx TX] F0 00 7D 00 05 03 00 00 0A 0A F7
[12:31:54.497] [SysEx TX] F0 00 7D 00 05 03 00 00 04 04 F7
[12:31:54.715] [SysEx TX] F0 00 7D 00 05 03 00 00 7F 7F F7
[12:31:54.733] [SysEx TX] F0 00 7D 00 05 03 00 00 7F 7F F7
[12:31:54.744] [SysEx TX] F0 00 7D 00 05 03 00 00 7F 7F F7
[12:31:54.760] [SysEx TX] F0 00 7D 00 05 03 00 00 22 22 F7
[12:31:54.775] [SysEx TX] F0 00 7D 00 05 03 00 00 18 18 F7
[12:31:54.783] [SysEx TX] F0 00 7D 00 05 03 00 00 0A 0A F7
[12:31:54.797] [SysEx TX] F0 00 7D 00 05 03 00 00 01 01 F7
[12:31:54.880] [CHOKE] i=1 note=57 ch=10
[12:31:57.035] [SysEx TX] F0 00 7D 00 05 03 03 00 7F 7F F7
[12:31:57.239] [SysEx TX] F0 00 7D 00 05 03 03 00 7F 7F F7
[12:31:57.534] [SysEx TX] F0 00 7D 00 05 03 03 00 7F 7F F7
[12:31:57.773] [SysEx TX] F0 00 7D 00 05 03 03 00 7F 7F F7
[12:31:58.585] [CHOKE] i=1 note=57 ch=10
[12:31:58.717] [SysEx TX] F0 00 7D 00 05 03 01 00 7F 7F F7
[12:31:59.032] [SysEx TX] F0 00 7D 00 05 03 01 00 7F 7F F7
[12:31:59.036] [CHOKE] i=1 note=57 ch=10
[12:31:59.201] [CHOKE] i=1 note=57 ch=10
[12:31:59.386] [SysEx TX] F0 00 7D 00 05 03 01 00 7F 7F F7
[12:31:59.387] [CHOKE] i=1 note=57 ch=10
[12:31:59.751] [SysEx TX] F0 00 7D 00 05 03 01 00 7F 7F F7
[12:31:59.756] [CHOKE] i=1 note=57 ch=10
[12:32:00.192] [SysEx TX] F0 00 7D 00 05 03 01 00 7F 7F F7
[12:32:00.357] [SysEx TX] F0 00 7D 00 05 03 01 00 75 75 F7
[12:32:00.357] [CHOKE] i=1 note=57 ch=10
[12:32:00.458] [SysEx TX] F0 00 7D 00 05 03 01 00 65 65 F7
[12:32:00.461] [CHOKE] i=1 note=57 ch=10
[12:32:00.534] [SysEx TX] F0 00 7D 00 05 03 01 00 73 73 F7
[12:32:00.618] [SysEx TX] F0 00 7D 00 05 03 01 00 10 10 F7
[12:32:00.721] [SysEx TX] F0 00 7D 00 05 03 01 00 7F 7F F7
[12:32:00.734] [CHOKE] i=1 note=57 ch=10
[12:32:00.825] [SysEx TX] F0 00 7D 00 05 03 01 00 7F 7F F7
[12:32:00.838] [CHOKE] i=1 note=57 ch=10
[12:32:00.958] [SysEx TX] F0 00 7D 00 05 03 01 00 7F 7F F7
[12:32:00.963] [CHOKE] i=1 note=57 ch=10
[12:32:01.065] [SysEx TX] F0 00 7D 00 05 03 01 00 5C 5C F7
[12:32:02.300] [CHOKE] i=1 note=57 ch=10
[12:32:02.407] [SysEx TX] F0 00 7D 00 05 03 00 00 01 01 F7
[12:32:02.414] [SysEx TX] F0 00 7D 00 05 03 00 00 7F 7F F7
[12:32:02.417] [CHOKE] i=1 note=57 ch=10
[12:32:02.452] [SysEx TX] F0 00 7D 00 05 03 00 00 01 01 F7
[12:32:02.480] [SysEx TX] F0 00 7D 00 05 03 00 00 01 01 F7
[12:32:02.652] [SysEx TX] F0 00 7D 00 05 03 00 00 59 59 F7
[12:32:02.664] [SysEx TX] F0 00 7D 00 05 03 00 00 7F 7F F7
[12:32:02.679] [SysEx TX] F0 00 7D 00 05 03 00 00 3C 3C F7
[12:32:02.682] [SysEx TX] F0 00 7D 00 05 03 00 00 20 20 F7
[12:32:02.700] [SysEx TX] F0 00 7D 00 05 03 00 00 13 13 F7
[12:32:02.720] [SysEx TX] F0 00 7D 00 05 03 00 00 0D 0D F7
[12:32:02.726] [SysEx TX] F0 00 7D 00 05 03 00 00 02 02 F7
[12:32:02.729] [CHOKE] i=1 note=57 ch=10
[12:32:02.755] [SysEx TX] F0 00 7D 00 05 03 00 00 02 02 F7
[12:32:03.540] [SysEx TX] F0 00 7D 00 05 03 00 00 01 01 F7
[12:32:03.549] [SysEx TX] F0 00 7D 00 05 03 00 00 7F 7F F7
[12:32:03.564] [SysEx TX] F0 00 7D 00 05 03 00 00 22 22 F7
[12:32:03.580] [SysEx TX] F0 00 7D 00 05 03 00 00 15 15 F7
[12:32:03.590] [SysEx TX] F0 00 7D 00 05 03 01 00 01 01 F7
[12:32:03.603] [SysEx TX] F0 00 7D 00 05 03 00 00 05 05 F7
[12:32:03.659] [SysEx TX] F0 00 7D 00 05 03 00 00 05 05 F7
[12:32:03.669] [SysEx TX] F0 00 7D 00 05 03 00 00 01 01 F7
[12:32:04.570] [SysEx TX] F0 00 7D 00 05 03 00 00 03 03 F7
[12:32:04.587] [SysEx TX] F0 00 7D 00 05 03 00 00 06 06 F7
[12:32:04.612] [SysEx TX] F0 00 7D 00 05 03 00 00 7F 7F F7
[12:32:04.628] [SysEx TX] F0 00 7D 00 05 03 00 00 4D 4D F7
[12:32:04.636] [SysEx TX] F0 00 7D 00 05 03 00 00 0E 0E F7
[12:32:04.651] [SysEx TX] F0 00 7D 00 05 03 00 00 08 08 F7
[12:32:04.664] [SysEx TX] F0 00 7D 00 05 03 00 00 03 03 F7
[12:32:04.672] [SysEx TX] F0 00 7D 00 05 03 00 00 02 02 F7
[12:32:05.237] [SysEx TX] F0 00 7D 00 05 03 01 00 7F 7F F7
[12:32:05.240] [CHOKE] i=1 note=57 ch=10
[12:32:06.023] [CHOKE] i=1 note=57 ch=10
[12:32:06.242] [SysEx TX] F0 00 7D 00 05 03 01 00 7F 7F F7
[12:32:06.248] [CHOKE] i=1 note=57 ch=10
[12:32:06.720] [SysEx TX] F0 00 7D 00 05 03 01 00 02 02 F7
[12:32:06.726] [CHOKE] i=1 note=57 ch=10
[12:32:06.782] [SysEx TX] F0 00 7D 00 05 03 01 00 05 05 F7
[12:32:06.784] [CHOKE] i=1 note=57 ch=10
[12:32:07.057] [SysEx TX] F0 00 7D 00 05 03 00 00 30 30 F7
[12:32:07.076] [SysEx TX] F0 00 7D 00 05 03 00 00 42 42 F7
[12:32:07.076] [CHOKE] i=1 note=57 ch=10
[12:32:07.086] [SysEx TX] F0 00 7D 00 05 03 00 00 2B 2B F7
[12:32:07.100] [SysEx TX] F0 00 7D 00 05 03 00 00 03 03 F7
[12:32:07.111] [SysEx TX] F0 00 7D 00 05 03 00 00 06 06 F7
[12:32:07.128] [SysEx TX] F0 00 7D 00 05 03 00 00 01 01 F7
[12:32:07.137] [SysEx TX] F0 00 7D 00 05 03 00 00 01 01 F7
[12:32:07.150] [SysEx TX] F0 00 7D 00 05 03 00 00 01 01 F7
[12:32:07.300] [CHOKE] i=1 note=57 ch=10
[12:32:07.366] [SysEx TX] F0 00 7D 00 05 03 00 00 0A 0A F7
[12:32:07.376] [SysEx TX] F0 00 7D 00 05 03 00 00 43 43 F7
[12:32:07.379] [CHOKE] i=1 note=57 ch=10
[12:32:07.392] [SysEx TX] F0 00 7D 00 05 03 00 00 07 07 F7
[12:32:07.400] [SysEx TX] F0 00 7D 00 05 03 00 00 01 01 F7
[12:32:07.474] [SysEx TX] F0 00 7D 00 05 03 00 00 02 02 F7
[12:32:07.489] [SysEx TX] F0 00 7D 00 05 03 00 00 39 39 F7
[12:32:07.498] [SysEx TX] F0 00 7D 00 05 03 00 00 6F 6F F7
[12:32:07.504] [CHOKE] i=1 note=57 ch=10
[12:32:07.511] [SysEx TX] F0 00 7D 00 05 03 00 00 16 16 F7
[12:32:07.529] [SysEx TX] F0 00 7D 00 05 03 00 00 10 10 F7
[12:32:07.534] [SysEx TX] F0 00 7D 00 05 03 00 00 09 09 F7
[12:32:07.537] [CHOKE] i=1 note=57 ch=10
[12:32:07.549] [SysEx TX] F0 00 7D 00 05 03 00 00 04 04 F7
[12:32:07.559] [SysEx TX] F0 00 7D 00 05 03 00 00 01 01 F7
[12:32:07.950] [CHOKE] i=1 note=57 ch=10
[12:32:08.694] [SysEx TX] F0 00 7D 00 05 03 00 00 01 01 F7
[12:32:08.705] [SysEx TX] F0 00 7D 00 05 03 00 00 01 01 F7
[12:32:08.722] [SysEx TX] F0 00 7D 00 05 03 00 00 2F 2F F7
[12:32:08.725] [SysEx TX] F0 00 7D 00 05 03 00 00 4E 4E F7
[12:32:08.737] [SysEx TX] F0 00 7D 00 05 03 00 00 21 21 F7
[12:32:08.749] [SysEx TX] F0 00 7D 00 05 03 00 00 1B 1B F7
[12:32:08.761] [SysEx TX] F0 00 7D 00 05 03 00 00 13 13 F7
[12:32:08.770] [SysEx TX] F0 00 7D 00 05 03 00 00 09 09 F7
[12:32:08.785] [SysEx TX] F0 00 7D 00 05 03 00 00 05 05 F7
[12:32:08.797] [SysEx TX] F0 00 7D 00 05 03 00 00 03 03 F7
[12:32:08.806] [SysEx TX] F0 00 7D 00 05 03 00 00 01 01 F7
[12:32:08.825] [SysEx TX] F0 00 7D 00 05 03 00 00 01 01 F7
[12:32:08.829] [SysEx TX] F0 00 7D 00 05 03 00 00 02 02 F7
[12:32:08.841] [SysEx TX] F0 00 7D 00 05 03 00 00 33 33 F7
[12:32:08.851] [SysEx TX] F0 00 7D 00 05 03 00 00 28 28 F7
[12:32:08.864] [SysEx TX] F0 00 7D 00 05 03 00 00 20 20 F7
[12:32:08.874] [SysEx TX] F0 00 7D 00 05 03 00 00 0A 0A F7
[12:32:08.888] [SysEx TX] F0 00 7D 00 05 03 00 00 03 03 F7
[12:32:08.910] [SysEx TX] F0 00 7D 00 05 03 00 00 02 02 F7
[12:32:08.934] [SysEx TX] F0 00 7D 00 05 03 00 00 5F 5F F7
[12:32:08.945] [SysEx TX] F0 00 7D 00 05 03 00 00 7F 7F F7
[12:32:08.954] [SysEx TX] F0 00 7D 00 05 03 00 00 4A 4A F7
[12:32:08.966] [SysEx TX] F0 00 7D 00 05 03 00 00 1A 1A F7
[12:32:08.977] [SysEx TX] F0 00 7D 00 05 03 00 00 14 14 F7
[12:32:08.991] [SysEx TX] F0 00 7D 00 05 03 00 00 07 07 F7
[12:32:09.014] [SysEx TX] F0 00 7D 00 05 03 00 00 02 02 F7
[12:32:09.025] [SysEx TX] F0 00 7D 00 05 03 00 00 01 01 F7
[12:32:09.759] [SysEx TX] F0 00 7D 00 05 03 00 00 57 57 F7
[12:32:09.775] [SysEx TX] F0 00 7D 00 05 03 00 00 7F 7F F7
[12:32:09.789] [SysEx TX] F0 00 7D 00 05 03 00 00 7F 7F F7
[12:32:09.794] [SysEx TX] F0 00 7D 00 05 03 00 00 1E 1E F7
[12:32:09.836] [SysEx TX] F0 00 7D 00 05 03 00 00 05 05 F7
[12:32:10.462] [CHOKE] i=1 note=57 ch=10
[12:32:11.016] [CHOKE] i=1 note=57 ch=10
[12:32:12.293] [CHOKE] i=1 note=57 ch=10
[12:32:12.380] [CHOKE] i=1 note=57 ch=10
[12:32:12.558] [SysEx TX] F0 00 7D 00 05 03 01 00 02 02 F7
[12:32:12.751] [SysEx TX] F0 00 7D 00 05 03 01 00 10 10 F7
[12:32:12.796] [SysEx TX] F0 00 7D 00 05 03 01 00 05 05 F7
[12:32:12.852] [SysEx TX] F0 00 7D 00 05 03 01 00 0A 0A F7
[12:32:15.411] [CHOKE] i=1 note=57 ch=10
[12:32:15.432] [CHOKE] i=1 note=57 ch=10
[12:32:16.069] [CHOKE] i=1 note=57 ch=10
[12:32:16.299] [SysEx TX] F0 00 7D 00 05 03 00 00 01 01 F7
[12:32:16.305] [SysEx TX] F0 00 7D 00 05 03 00 00 01 01 F7
[12:32:16.307] [CHOKE] i=1 note=57 ch=10
[12:32:16.319] [SysEx TX] F0 00 7D 00 05 03 00 00 01 01 F7
[12:32:16.629] [CHOKE] i=1 note=57 ch=10
[12:32:16.654] [SysEx TX] F0 00 7D 00 05 03 00 00 05 05 F7
[12:32:16.672] [SysEx TX] F0 00 7D 00 05 03 00 00 12 12 F7
[12:32:16.695] [SysEx TX] F0 00 7D 00 05 03 00 00 05 05 F7
[12:32:17.269] [CHOKE] i=1 note=57 ch=10
[12:32:17.295] [CHOKE] i=1 note=57 ch=10
[12:32:19.472] [SysEx TX] F0 00 7D 00 05 03 00 00 04 04 F7
[12:32:19.492] [SysEx TX] F0 00 7D 00 05 03 00 00 05 05 F7
[12:32:19.502] [SysEx TX] F0 00 7D 00 05 03 00 00 01 01 F7
[12:32:19.506] [CHOKE] i=1 note=57 ch=10
[12:32:19.516] [SysEx TX] F0 00 7D 00 05 03 00 00 01 01 F7
[12:32:19.561] [SysEx TX] F0 00 7D 00 05 03 00 00 01 01 F7
[12:32:19.576] [SysEx TX] F0 00 7D 00 05 03 00 00 01 01 F7
[12:32:19.582] [SysEx TX] F0 00 7D 00 05 03 00 00 01 01 F7
[12:32:19.599] [SysEx TX] F0 00 7D 00 05 03 01 00 01 01 F7
[12:32:19.675] [SysEx TX] F0 00 7D 00 05 03 00 00 01 01 F7
[12:32:19.703] [SysEx TX] F0 00 7D 00 05 03 03 00 7F 7F F7
[12:32:19.719] [SysEx TX] F0 00 7D 00 05 03 01 00 02 02 F7
[12:32:19.919] [SysEx TX] F0 00 7D 00 05 03 00 00 02 02 F7
[12:32:19.929] [SysEx TX] F0 00 7D 00 05 03 00 00 01 01 F7
[12:32:19.947] [SysEx TX] F0 00 7D 00 05 03 00 00 01 01 F7
[12:32:20.026] [SysEx TX] F0 00 7D 00 05 03 00 00 01 01 F7
[12:32:20.044] [SysEx TX] F0 00 7D 00 05 03 00 00 01 01 F7
[12:32:20.052] [SysEx TX] F0 00 7D 00 05 03 00 00 01 01 F7
[12:32:20.066] [SysEx TX] F0 00 7D 00 05 03 00 00 02 02 F7
[12:32:20.078] [SysEx TX] F0 00 7D 00 05 03 00 00 03 03 F7
[12:32:20.089] [SysEx TX] F0 00 7D 00 05 03 00 00 06 06 F7
[12:32:20.109] [SysEx TX] F0 00 7D 00 05 03 00 00 08 08 F7
[12:32:20.121] [SysEx TX] F0 00 7D 00 05 03 00 00 04 04 F7
[12:32:20.132] [SysEx TX] F0 00 7D 00 05 03 00 00 01 01 F7
[12:32:20.135] [CHOKE] i=1 note=57 ch=10
[12:32:20.151] [SysEx TX] F0 00 7D 00 05 03 00 00 02 02 F7
[12:32:20.152] [CHOKE] i=1 note=57 ch=10
[12:32:20.165] [SysEx TX] F0 00 7D 00 05 03 00 00 01 01 F7
[12:32:20.333] [SysEx TX] F0 00 7D 00 05 03 00 00 05 05 F7
[12:32:20.337] [CHOKE] i=1 note=57 ch=10
[12:32:20.351] [SysEx TX] F0 00 7D 00 05 03 00 00 08 08 F7
[12:32:20.360] [SysEx TX] F0 00 7D 00 05 03 00 00 01 01 F7
[12:32:20.379] [SysEx TX] F0 00 7D 00 05 03 00 00 03 03 F7
[12:32:20.391] [SysEx TX] F0 00 7D 00 05 03 00 00 01 01 F7
[12:32:20.406] [CHOKE] i=1 note=57 ch=10
[12:32:21.010] [CHOKE] i=1 note=57 ch=10
[12:32:21.506] [CHOKE] i=1 note=57 ch=10
[12:32:21.525] [CHOKE] i=1 note=57 ch=10
[12:32:21.573] [CHOKE] i=1 note=57 ch=10
[12:32:21.585] [CHOKE] i=1 note=57 ch=10
[12:32:21.606] [CHOKE] i=1 note=57 ch=10
[12:32:21.624] [CHOKE] i=1 note=57 ch=10
[12:32:21.648] [CHOKE] i=1 note=57 ch=10
[12:32:21.665] [CHOKE] i=1 note=57 ch=10
[12:32:21.688] [CHOKE] i=1 note=57 ch=10
[12:32:21.747] [SysEx TX] F0 00 7D 00 05 03 01 00 01 01 F7
[12:32:21.807] [SysEx TX] F0 00 7D 00 05 03 01 00 02 02 F7
[12:32:21.829] [CHOKE] i=1 note=57 ch=10
[12:32:21.846] [CHOKE] i=1 note=57 ch=10
[12:32:21.864] [CHOKE] i=1 note=57 ch=10
[12:32:21.885] [CHOKE] i=1 note=57 ch=10
[12:32:21.928] [SysEx TX] F0 00 7D 00 05 03 01 00 0C 0C F7
[12:32:22.264] [CHOKE] i=1 note=57 ch=10
[12:32:22.711] [SysEx TX] F0 00 7D 00 05 03 01 00 30 30 F7
[12:32:22.713] [CHOKE] i=1 note=57 ch=10
[12:32:22.885] [SysEx TX] F0 00 7D 00 05 03 01 00 0C 0C F7
[12:32:22.889] [CHOKE] i=1 note=57 ch=10
[12:32:22.962] [CHOKE] i=1 note=57 ch=10
[12:32:23.035] [SysEx TX] F0 00 7D 00 05 03 01 00 39 39 F7
[12:32:23.038] [CHOKE] i=1 note=57 ch=10
[12:32:23.109] [SysEx TX] F0 00 7D 00 05 03 01 00 04 04 F7
[12:32:23.228] [SysEx TX] F0 00 7D 00 05 03 01 00 14 14 F7
[12:32:23.366] [CHOKE] i=1 note=57 ch=10
[12:32:23.386] [CHOKE] i=1 note=57 ch=10
[12:32:23.406] [CHOKE] i=1 note=57 ch=10
[12:32:23.434] [SysEx TX] F0 00 7D 00 05 03 01 00 44 44 F7
[12:32:23.450] [CHOKE] i=1 note=57 ch=10
[12:32:23.469] [CHOKE] i=1 note=57 ch=10
[12:32:23.479] [SysEx TX] F0 00 7D 00 05 03 01 00 07 07 F7
[12:32:23.486] [CHOKE] i=1 note=57 ch=10
[12:32:23.504] [CHOKE] i=1 note=57 ch=10
[12:32:23.552] [CHOKE] i=1 note=57 ch=10
[12:32:23.572] [CHOKE] i=1 note=57 ch=10
[12:32:23.586] [CHOKE] i=1 note=57 ch=10
[12:32:23.604] [CHOKE] i=1 note=57 ch=10
[12:32:23.649] [CHOKE] i=1 note=57 ch=10
[12:32:23.650] [CHOKE] i=1 note=57 ch=10
[12:32:23.666] [CHOKE] i=1 note=57 ch=10
[12:32:23.686] [CHOKE] i=1 note=57 ch=10
[12:32:23.707] [CHOKE] i=1 note=57 ch=10
[12:32:23.725] [CHOKE] i=1 note=57 ch=10
[12:32:23.747] [CHOKE] i=1 note=57 ch=10
[12:32:23.775] [CHOKE] i=1 note=57 ch=10
[12:32:23.794] [SysEx TX] F0 00 7D 00 05 03 00 00 01 01 F7
[12:32:23.794] [CHOKE] i=1 note=57 ch=10
[12:32:23.805] [CHOKE] i=1 note=57 ch=10
[12:32:23.825] [CHOKE] i=1 note=57 ch=10
[12:32:23.851] [CHOKE] i=1 note=57 ch=10
[12:32:23.873] [CHOKE] i=1 note=57 ch=10
[12:32:23.885] [CHOKE] i=1 note=57 ch=10
[12:32:23.905] [CHOKE] i=1 note=57 ch=10
[12:32:24.004] [SysEx TX] F0 00 7D 00 05 03 00 00 01 01 F7
[12:32:24.014] [SysEx TX] F0 00 7D 00 05 03 01 00 4C 4C F7
[12:32:24.028] [SysEx TX] F0 00 7D 00 05 03 00 00 01 01 F7
[12:32:24.042] [SysEx TX] F0 00 7D 00 05 03 00 00 01 01 F7
[12:32:24.055] [SysEx TX] F0 00 7D 00 05 03 00 00 01 01 F7
[12:32:26.308] [SysEx TX] F0 00 7D 00 05 03 01 00 04 04 F7
[12:32:26.339] [SysEx TX] F0 00 7D 00 05 03 00 00 01 01 F7
[12:32:26.339] [CHOKE] i=1 note=57 ch=10
[12:32:26.348] [SysEx TX] F0 00 7D 00 05 03 00 00 01 01 F7
[12:32:26.361] [SysEx TX] F0 00 7D 00 05 03 01 00 08 08 F7
[12:32:26.587] [SysEx TX] F0 00 7D 00 05 03 00 00 01 01 F7
[12:32:26.590] [CHOKE] i=1 note=57 ch=10
[12:32:29.759] [CHOKE] i=1 note=57 ch=10
[12:32:30.418] [CHOKE] i=1 note=57 ch=10
[12:32:34.736] [CHOKE] i=1 note=57 ch=10
[12:32:42.870] [CHOKE] i=1 note=57 ch=10
[12:32:43.469] [CHOKE] i=1 note=57 ch=10
[12:32:47.208] [CHOKE] i=1 note=57 ch=10
[12:32:47.827] [CHOKE] i=1 note=57 ch=10
[12:32:51.588] [CHOKE] i=1 note=57 ch=10
[12:32:55.322] [CHOKE] i=1 note=57 ch=10
[12:32:59.121] [CHOKE] i=1 note=57 ch=10
[12:33:02.820] [CHOKE] i=1 note=57 ch=10
[12:33:05.937] [CHOKE] i=1 note=57 ch=10
[12:33:09.674] [CHOKE] i=1 note=57 ch=10
[12:33:13.440] [CHOKE] i=1 note=57 ch=10
[12:33:20.949] [CHOKE] i=1 note=57 ch=10
[12:33:21.529] [CHOKE] i=1 note=57 ch=10
[12:33:25.925] [CHOKE] i=1 note=57 ch=10
[12:33:29.043] [CHOKE] i=1 note=57 ch=10
[12:33:29.683] [CHOKE] i=1 note=57 ch=10
[12:33:33.407] [CHOKE] i=1 note=57 ch=10
[12:33:34.059] [CHOKE] i=1 note=57 ch=10
[12:33:37.757] [CHOKE] i=1 note=57 ch=10
[12:33:45.259] [CHOKE] i=1 note=57 ch=10
[12:33:45.903] [CHOKE] i=1 note=57 ch=10
[12:33:54.014] [CHOKE] i=1 note=57 ch=10
[12:33:57.725] [CHOKE] i=1 note=57 ch=10
[12:33:58.350] [CHOKE] i=1 note=57 ch=10
[12:34:01.484] [CHOKE] i=1 note=57 ch=10
[12:34:02.102] [CHOKE] i=1 note=57 ch=10
[12:34:05.228] [CHOKE] i=1 note=57 ch=10
[12:34:09.002] [CHOKE] i=1 note=57 ch=10
[12:34:12.119] [CHOKE] i=1 note=57 ch=10
[12:34:15.856] [CHOKE] i=1 note=57 ch=10
[12:34:18.956] [CHOKE] i=1 note=57 ch=10
[12:34:18.976] [CHOKE] i=1 note=57 ch=10
[12:34:19.594] [CHOKE] i=1 note=57 ch=10
=== Session ended 2026-07-11T12:34:22.361099 ===
