
=== Session started 2026-07-06T19:24:33.391265 (192.168.1.168:23) ===
[19:24:33.392] [dev] eDrum telnet console
[19:24:37.231] [eDrum] Build 0 — p=ping  i=identify  s=config  n=test note  r=reboot
[19:24:37.234]   a=toggle ADC dump  d=toggle hit debug print  m=toggle diag mode (detection+MIDI off)
[19:24:37.236]   o <input> <floor> = scope input (e.g. o 0 10)   o off = disable scope
[19:24:37.239]   w <input> <param> <value> = set param (e.g. w 0 scan 3)
[19:24:37.242]   params: thresh sens scan mask retrig type ratio chokethresh choke enable
[19:24:55.109] [w] input=0 sens=3250 OK
[19:24:55.135] [SysEx TX] F0 00 7D 00 05 01 01 06 00 F7
[19:24:58.777] [HIT] t=531553 i=0 note=38 vel=1 raw=1 truepeak=187 ch=10 rescues=0 thresh=-1.000 peak=-1.000 mask=-1 decay=-1 decaylen=-1 xfilt=-1.000 xfiltdecay=-1.000 loopt=0 piezodc=45.0 dchead=3.0 spikerej=389
[19:24:58.789] [SysEx TX] F0 00 7D 00 05 03 00 00 01 01 F7
[19:24:58.791] [SCOPE] input=0 pad_type=0 head_ch=1 rim_ch=0 head_peak=189 rim_peak=14 decision=HEAD samples=200
[19:24:58.795] T,H,R
[19:24:58.797] 0,5,1
[19:24:58.801] 1,2,2
[19:24:58.802] 2,0,2
[19:24:58.805] 3,0,2
[19:24:58.808] 4,2,5
[19:24:58.813] 5,1,5
[19:24:58.813] 6,2,2
[19:24:58.818] 7,0,2
[19:24:58.819] 8,2,2
[19:24:58.821] 9,0,2
[19:24:58.829] 10,4,3
[19:24:58.830] 11,1,0
[19:24:58.830] 12,1,2
[19:24:58.831] 13,0,2
[19:24:58.835] 14,2,2
[19:24:58.837] 15,1,2
[19:24:58.839] 16,2,2
[19:24:58.842] 17,2,5
[19:24:58.845] 18,2,1
[19:24:58.848] 19,2,5
[19:24:58.850] 20,2,5
[19:24:58.854] 21,1,2
[19:24:58.857] 22,1,2
[19:24:58.871] 23,1,2
[19:24:58.872] 24,2,5
[19:24:58.873] 25,2,4
[19:24:58.878] 26,0,3
[19:24:58.881] 27,1,2
[19:24:58.882] 28,3,2
[19:24:58.889] 29,0,5
[19:24:58.889] 30,2,5
[19:24:58.892] 31,1,5
[19:24:58.893] 32,1,2
[19:24:58.895] 33,2,5
[19:24:58.897] 34,0,5
[19:24:58.901] 35,1,3
[19:24:58.903] 36,5,0
[19:24:58.907] 37,2,5
[19:24:58.909] 38,0,5
[19:24:58.913] 39,1,1
[19:24:58.915] 40,5,2
[19:24:58.919] 41,4,0
[19:24:58.921] 42,5,0
[19:24:58.925] 43,5,2
[19:24:58.925] 44,2,2
[19:24:58.941] 45,5,8
[19:24:58.941] 46,1,6
[19:24:58.942] 47,2,5
[19:24:58.943] 48,3,2
[19:24:58.946] 49,5,0
[19:24:58.949] 50,3,2
[19:24:58.951] 51,3,0
[19:24:58.953] 52,2,0
[19:24:58.958] 53,0,3
[19:24:58.961] 54,2,5
[19:24:58.965] 55,2,5
[19:24:58.979] 56,5,2
[19:24:58.980] 57,3,1
[19:24:58.983] 58,3,0
[19:24:58.992] 59,2,6
[19:24:58.992] 60,2,5
[19:24:58.994] 61,2,3
[19:24:58.995] 62,3,2
[19:24:58.997] 63,3,1
[19:24:59.000] 64,2,3
[19:24:59.003] 65,2,2
[19:24:59.005] 66,2,2
[19:24:59.008] 67,0,2
[19:24:59.011] 68,7,2
[19:24:59.015] 69,4,5
[19:24:59.018] 70,0,1
[19:24:59.021] 71,0,0
[19:24:59.022] 72,0,2
[19:24:59.027] 73,0,4
[19:24:59.027] 74,0,8
[19:24:59.032] 75,0,8
[19:24:59.033] 76,0,7
[19:24:59.033] 77,0,4
[19:24:59.037] 78,0,0
[19:24:59.040] 79,0,11
[19:24:59.043] 80,0,14
[19:24:59.046] 81,0,6
[19:24:59.050] 82,0,1
[19:24:59.051] 83,0,5
[19:24:59.054] 84,0,10
[19:24:59.057] 85,0,8
[19:24:59.062] 86,0,9
[19:24:59.063] 87,0,4
[19:24:59.074] 88,0,6
[19:24:59.074] 89,0,5
[19:24:59.076] 90,9,2
[19:24:59.078] 91,25,0
[19:24:59.082] 92,41,2
[19:24:59.085] 93,57,2
[19:24:59.087] 94,73,2
[19:24:59.093] 95,96,0
[19:24:59.097] 96,105,0
[19:24:59.099] 97,127,0
[19:24:59.099] 98,142,0
[19:24:59.100] 99,158,0
[19:24:59.112] 100,185,4
[19:24:59.113] 101,189,0
[19:24:59.113] 102,174,0
[19:24:59.115] 103,169,0
[19:24:59.119] 104,141,1
[19:24:59.125] 105,107,3
[19:24:59.126] 106,73,2
[19:24:59.127] 107,45,0
[19:24:59.129] 108,26,0
[19:24:59.135] 109,15,2
[19:24:59.137] 110,24,1
[19:24:59.137] 111,35,5
[19:24:59.139] 112,33,2
[19:24:59.144] 113,54,1
[19:24:59.146] 114,68,0
[19:24:59.149] 115,73,1
[19:24:59.151] 116,73,0
[19:24:59.154] 117,76,2
[19:24:59.157] 118,82,5
[19:24:59.159] 119,81,5
[19:24:59.162] 120,86,2
[19:24:59.166] 121,90,2
[19:24:59.170] 122,96,2
[19:24:59.185] 123,110,2
[19:24:59.185] 124,112,2
[19:24:59.185] 125,134,0
[19:24:59.188] 126,150,0
[19:24:59.197] 127,153,2
[19:24:59.199] 128,154,1
[19:24:59.199] 129,145,0
[19:24:59.200] 130,114,4
[19:24:59.204] 131,84,5
[19:24:59.207] 132,57,5
[19:24:59.210] 133,39,5
[19:24:59.212] 134,27,7
[19:24:59.215] 135,34,0
[19:24:59.218] 136,41,0
[19:24:59.220] 137,48,1
[19:24:59.227] 138,59,1
[19:24:59.228] 139,63,5
[19:24:59.229] 140,57,1
[19:24:59.231] 141,33,0
[19:24:59.233] 142,21,0
[19:24:59.237] 143,1,0
[19:24:59.240] 144,0,0
[19:24:59.241] 145,0,0
[19:24:59.244] 146,0,0
[19:24:59.247] 147,0,0
[19:24:59.250] 148,0,1
[19:24:59.252] 149,0,1
[19:24:59.256] 150,0,0
[19:24:59.258] 151,16,0
[19:24:59.261] 152,21,0
[19:24:59.264] 153,26,0
[19:24:59.268] 154,27,0
[19:24:59.274] 155,25,0
[19:24:59.279] 156,27,0
[19:24:59.280] 157,35,0
[19:24:59.280] 158,42,0
[19:24:59.285] 159,30,0
[19:24:59.287] 160,53,0
[19:24:59.289] 161,40,0
[19:24:59.293] 162,33,0
[19:24:59.300] 163,26,0
[19:24:59.302] 164,17,0
[19:24:59.302] 165,14,0
[19:24:59.304] 166,19,0
[19:24:59.308] 167,31,1
[19:24:59.311] 168,57,0
[19:24:59.313] 169,76,3
[19:24:59.316] 170,95,2
[19:24:59.319] 171,104,4
[19:24:59.322] 172,108,0
[19:24:59.325] 173,93,1
[19:24:59.331] 174,75,2
[19:24:59.332] 175,46,3
[19:24:59.333] 176,27,5
[19:24:59.335] 177,7,0
[19:24:59.341] 178,1,7
[19:24:59.342] 179,0,7
[19:24:59.343] 180,0,1
[19:24:59.345] 181,0,5
[19:24:59.349] 182,0,3
[19:24:59.351] 183,0,10
[19:24:59.355] 184,0,3
[19:24:59.357] 185,0,10
[19:24:59.360] 186,0,7
[19:24:59.362] 187,0,8
[19:24:59.365] 188,0,2
[19:24:59.368] 189,0,4
[19:24:59.371] 190,0,6
[19:24:59.380] 191,0,10
[19:24:59.380] 192,0,7
[19:24:59.383] 193,0,6
[19:24:59.385] 194,8,2
[19:24:59.388] 195,23,3
[19:24:59.391] 196,35,4
[19:24:59.394] 197,33,2
[19:24:59.396] 198,39,1
[19:24:59.402] 199,31,6
[19:25:00.156] [HIT] t=532927 i=0 note=38 vel=8 raw=8 truepeak=358 ch=10 rescues=0 thresh=-1.000 peak=-1.000 mask=-1 decay=-1 decaylen=-1 xfilt=-1.000 xfiltdecay=-1.000 loopt=0 piezodc=-5.0 dchead=5.3 spikerej=389
[19:25:00.168] [SysEx TX] F0 00 7D 00 05 03 00 00 08 08 F7
[19:25:00.169] [SCOPE] input=0 pad_type=0 head_ch=1 rim_ch=0 head_peak=361 rim_peak=19 decision=HEAD samples=200
[19:25:00.178] T,H,R
[19:25:00.179] 0,5,5
[19:25:00.186] 1,2,3
[19:25:00.189] 2,2,1
[19:25:00.203] 3,5,4
[19:25:00.203] 4,0,2
[19:25:00.204] 5,5,5
[19:25:00.213] 6,2,2
[19:25:00.214] 7,0,0
[19:25:00.215] 8,0,0
[19:25:00.216] 9,6,6
[19:25:00.223] 10,3,3
[19:25:00.223] 11,2,2
[19:25:00.224] 12,4,5
[19:25:00.230] 13,3,3
[19:25:00.231] 14,0,2
[19:25:00.234] 15,4,6
[19:25:00.238] 16,2,0
[19:25:00.239] 17,4,5
[19:25:00.242] 18,1,3
[19:25:00.245] 19,0,2
[19:25:00.251] 20,4,4
[19:25:00.252] 21,0,2
[19:25:00.252] 22,2,2
[19:25:00.255] 23,1,5
[19:25:00.262] 24,4,5
[19:25:00.263] 25,0,2
[19:25:00.264] 26,0,0
[19:25:00.265] 27,0,3
[19:25:00.269] 28,2,6
[19:25:00.272] 29,2,0
[19:25:00.283] 30,2,5
[19:25:00.284] 31,0,0
[19:25:00.284] 32,1,2
[19:25:00.287] 33,0,0
[19:25:00.289] 34,0,2
[19:25:00.304] 35,1,1
[19:25:00.304] 36,1,1
[19:25:00.304] 37,2,2
[19:25:00.305] 38,2,2
[19:25:00.307] 39,1,3
[19:25:00.311] 40,4,5
[19:25:00.314] 41,0,2
[19:25:00.316] 42,3,6
[19:25:00.319] 43,0,3
[19:25:00.327] 44,2,5
[19:25:00.328] 45,0,2
[19:25:00.329] 46,4,5
[19:25:00.330] 47,0,2
[19:25:00.333] 48,0,2
[19:25:00.336] 49,4,4
[19:25:00.340] 50,2,3
[19:25:00.341] 51,0,1
[19:25:00.344] 52,0,1
[19:25:00.347] 53,0,0
[19:25:00.353] 54,0,2
[19:25:00.353] 55,4,4
[19:25:00.354] 56,1,3
[19:25:00.357] 57,2,2
[19:25:00.364] 58,1,3
[19:25:00.365] 59,2,2
[19:25:00.366] 60,0,2
[19:25:00.368] 61,0,2
[19:25:00.371] 62,1,4
[19:25:00.374] 63,0,0
[19:25:00.377] 64,1,5
[19:25:00.379] 65,0,0
[19:25:00.382] 66,4,4
[19:25:00.385] 67,0,2
[19:25:00.389] 68,1,5
[19:25:00.397] 69,0,0
[19:25:00.398] 70,1,5
[19:25:00.403] 71,0,0
[19:25:00.403] 72,0,0
[19:25:00.405] 73,5,4
[19:25:00.408] 74,2,0
[19:25:00.411] 75,0,4
[19:25:00.413] 76,0,0
[19:25:00.416] 77,0,4
[19:25:00.424] 78,0,0
[19:25:00.424] 79,0,7
[19:25:00.427] 80,0,19
[19:25:00.428] 81,0,10
[19:25:00.430] 82,0,5
[19:25:00.435] 83,0,4
[19:25:00.438] 84,0,19
[19:25:00.439] 85,0,10
[19:25:00.442] 86,0,7
[19:25:00.444] 87,0,8
[19:25:00.447] 88,0,10
[19:25:00.449] 89,0,5
[19:25:00.456] 90,0,4
[19:25:00.458] 91,0,18
[19:25:00.459] 92,0,10
[19:25:00.462] 93,2,3
[19:25:00.467] 94,25,6
[19:25:00.468] 95,40,9
[19:25:00.469] 96,70,5
[19:25:00.473] 97,103,2
[19:25:00.476] 98,132,5
[19:25:00.479] 99,153,0
[19:25:00.480] 100,186,1
[19:25:00.483] 101,205,0
[19:25:00.485] 102,242,1
[19:25:00.488] 103,265,0
[19:25:00.491] 104,266,0
[19:25:00.494] 105,277,0
[19:25:00.497] 106,297,0
[19:25:00.506] 107,340,0
[19:25:00.506] 108,361,0
[19:25:00.508] 109,358,0
[19:25:00.510] 110,329,0
[19:25:00.513] 111,306,0
[19:25:00.518] 112,278,1
[19:25:00.521] 113,237,0
[19:25:00.522] 114,198,0
[19:25:00.526] 115,163,0
[19:25:00.530] 116,156,0
[19:25:00.530] 117,163,0
[19:25:00.533] 118,182,4
[19:25:00.537] 119,199,2
[19:25:00.541] 120,217,0
[19:25:00.542] 121,232,0
[19:25:00.544] 122,233,0
[19:25:00.552] 123,235,6
[19:25:00.553] 124,233,5
[19:25:00.553] 125,232,2
[19:25:00.557] 126,236,7
[19:25:00.557] 127,239,2
[19:25:00.562] 128,249,2
[19:25:00.564] 129,269,2
[19:25:00.567] 130,278,3
[19:25:00.572] 131,281,2
[19:25:00.572] 132,290,2
[19:25:00.575] 133,276,2
[19:25:00.578] 134,243,0
[19:25:00.580] 135,217,2
[19:25:00.583] 136,160,6
[19:25:00.585] 137,118,7
[19:25:00.589] 138,107,2
[19:25:00.592] 139,134,7
[19:25:00.595] 140,161,2
[19:25:00.597] 141,197,6
[19:25:00.600] 142,227,0
[19:25:00.611] 143,244,2
[19:25:00.612] 144,238,2
[19:25:00.614] 145,218,2
[19:25:00.616] 146,173,0
[19:25:00.621] 147,122,1
[19:25:00.623] 148,77,2
[19:25:00.624] 149,34,1
[19:25:00.629] 150,6,1
[19:25:00.633] 151,0,1
[19:25:00.633] 152,0,0
[19:25:00.634] 153,0,1
[19:25:00.637] 154,0,0
[19:25:00.639] 155,10,0
[19:25:00.643] 156,33,0
[19:25:00.647] 157,39,0
[19:25:00.648] 158,33,0
[19:25:00.650] 159,33,2
[19:25:00.653] 160,30,2
[19:25:00.656] 161,31,4
[19:25:00.662] 162,41,0
[19:25:00.663] 163,68,0
[19:25:00.664] 164,102,0
[19:25:00.668] 165,142,0
[19:25:00.672] 166,170,0
[19:25:00.673] 167,182,0
[19:25:00.674] 168,173,0
[19:25:00.679] 169,157,2
[19:25:00.681] 170,125,0
[19:25:00.684] 171,85,0
[19:25:00.686] 172,72,2
[19:25:00.688] 173,72,0
[19:25:00.692] 174,93,0
[19:25:00.695] 175,109,5
[19:25:00.698] 176,143,0
[19:25:00.700] 177,162,0
[19:25:00.703] 178,172,4
[19:25:00.712] 179,166,0
[19:25:00.713] 180,157,0
[19:25:00.713] 181,118,0
[19:25:00.716] 182,87,2
[19:25:00.719] 183,49,10
[19:25:00.727] 184,10,14
[19:25:00.728] 185,0,8
[19:25:00.728] 186,0,8
[19:25:00.735] 187,0,14
[19:25:00.735] 188,0,17
[19:25:00.737] 189,0,16
[19:25:00.741] 190,4,7
[19:25:00.744] 191,5,11
[19:25:00.746] 192,0,6
[19:25:00.749] 193,0,7
[19:25:00.751] 194,0,8
[19:25:00.754] 195,0,14
[19:25:00.757] 196,1,13
[19:25:00.759] 197,11,16
[19:25:00.765] 198,37,11
[19:25:00.766] 199,67,8
[19:25:00.774] [HIT] t=533548 i=0 note=38 vel=1 raw=1 truepeak=177 ch=10 rescues=0 thresh=-1.000 peak=-1.000 mask=-1 decay=-1 decaylen=-1 xfilt=-1.000 xfiltdecay=-1.000 loopt=0 piezodc=-7.0 dchead=7.3 spikerej=389
[19:25:00.780] [SysEx TX] F0 00 7D 00 05 03 00 00 01 01 F7
[19:25:00.784] [SCOPE] input=0 pad_type=0 head_ch=1 rim_ch=0 head_peak=361 rim_peak=19 decision=HEAD samples=200
[19:25:00.786] T,H,R
[19:25:00.789] 0,0,2
[19:25:00.792] 1,1,5
[19:25:00.795] 2,0,0
[19:25:00.799] 3,1,5
[19:25:00.800] 4,0,0
[19:25:00.804] 5,0,0
[19:25:00.814] 6,5,4
[19:25:00.815] 7,2,0
[19:25:00.815] 8,0,4
[19:25:00.817] 9,0,0
[19:25:00.820] 10,0,4
[19:25:00.823] 11,0,0
[19:25:00.828] 12,0,7
[19:25:00.830] 13,0,19
[19:25:00.834] 14,0,10
[19:25:00.834] 15,0,5
[19:25:00.837] 16,0,4
[19:25:00.839] 17,0,19
[19:25:00.844] 18,0,10
[19:25:00.845] 19,0,7
[19:25:00.853] 20,0,8
[19:25:00.854] 21,0,10
[19:25:00.855] 22,0,5
[19:25:00.856] 23,0,4
[19:25:00.859] 24,0,18
[19:25:00.862] 25,0,10
[19:25:00.866] 26,2,3
[19:25:00.868] 27,25,6
[19:25:00.869] 28,40,9
[19:25:00.872] 29,70,5
[19:25:00.878] 30,103,2
[19:25:00.878] 31,132,5
[19:25:00.880] 32,153,0
[19:25:00.882] 33,186,1
[19:25:00.885] 34,205,0
[19:25:00.888] 35,242,1
[19:25:00.892] 36,265,0
[19:25:00.895] 37,266,0
[19:25:00.897] 38,277,0
[19:25:00.900] 39,297,0
[19:25:00.903] 40,340,0
[19:25:00.907] 41,361,0
[19:25:00.918] 42,358,0
[19:25:00.919] 43,329,0
[19:25:00.922] 44,306,0
[19:25:00.923] 45,278,1
[19:25:00.926] 46,237,0
[19:25:00.930] 47,198,0
[19:25:00.936] 48,163,0
[19:25:00.936] 49,156,0
[19:25:00.938] 50,163,0
[19:25:00.940] 51,182,4
[19:25:00.943] 52,199,2
[19:25:00.947] 53,217,0
[19:25:00.949] 54,232,0
[19:25:00.951] 55,233,0
[19:25:00.953] 56,235,6
[19:25:00.957] 57,233,5
[19:25:00.960] 58,232,2
[19:25:00.963] 59,236,7
[19:25:00.967] 60,239,2
[19:25:00.968] 61,249,2
[19:25:00.970] 62,269,2
[19:25:00.973] 63,278,3
[19:25:00.979] 64,281,2
[19:25:00.980] 65,290,2
[19:25:00.981] 66,276,2
[19:25:00.983] 67,243,0
[19:25:00.987] 68,217,2
[19:25:00.989] 69,160,6
[19:25:00.992] 70,118,7
[19:25:00.995] 71,107,2
[19:25:00.998] 72,134,7
[19:25:01.003] 73,161,2
[19:25:01.003] 74,197,6
[19:25:01.007] 75,227,0
[19:25:01.009] 76,244,2
[19:25:01.019] 77,238,2
[19:25:01.019] 78,218,2
[19:25:01.021] 79,173,0
[19:25:01.022] 80,122,1
[19:25:01.027] 81,77,2
[19:25:01.029] 82,34,1
[19:25:01.031] 83,6,1
[19:25:01.033] 84,0,1
[19:25:01.037] 85,0,0
[19:25:01.054] 86,0,1
[19:25:01.055] 87,0,0
[19:25:01.055] 88,10,0
[19:25:01.056] 89,33,0
[19:25:01.059] 90,39,0
[19:25:01.065] 91,33,0
[19:25:01.066] 92,33,2
[19:25:01.070] 93,30,2
[19:25:01.071] 94,31,4
[19:25:01.072] 95,41,0
[19:25:01.075] 96,68,0
[19:25:01.081] 97,102,0
[19:25:01.082] 98,142,0
[19:25:01.082] 99,170,0
[19:25:01.085] 100,182,0
[19:25:01.089] 101,173,0
[19:25:01.094] 102,157,2
[19:25:01.096] 103,125,0
[19:25:01.097] 104,85,0
[19:25:01.100] 105,72,2
[19:25:01.102] 106,72,0
[19:25:01.105] 107,93,0
[19:25:01.108] 108,109,5
[19:25:01.111] 109,143,0
[19:25:01.120] 110,162,0
[19:25:01.120] 111,172,4
[19:25:01.122] 112,166,0
[19:25:01.124] 113,157,0
[19:25:01.127] 114,118,0
[19:25:01.130] 115,87,2
[19:25:01.133] 116,49,10
[19:25:01.140] 117,10,14
[19:25:01.141] 118,0,8
[19:25:01.141] 119,0,8
[19:25:01.145] 120,0,14
[19:25:01.147] 121,0,17
[19:25:01.150] 122,0,16
[19:25:01.155] 123,4,7
[19:25:01.156] 124,5,11
[19:25:01.158] 125,0,6
[19:25:01.161] 126,0,7
[19:25:01.164] 127,0,8
[19:25:01.166] 128,0,14
[19:25:01.169] 129,1,13
[19:25:01.174] 130,11,16
[19:25:01.175] 131,37,11
[19:25:01.179] 132,67,8
[19:25:01.183] 133,84,10
[19:25:01.183] 134,77,10
[19:25:01.185] 135,65,3
[19:25:01.189] 136,25,1
[19:25:01.191] 137,7,17
[19:25:01.194] 138,0,2
[19:25:01.197] 139,0,0
[19:25:01.200] 140,0,2
[19:25:01.203] 141,0,1
[19:25:01.206] 142,24,1
[19:25:01.208] 143,60,2
[19:25:01.212] 144,93,4
[19:25:01.215] 145,118,0
[19:25:01.224] 146,138,0
[19:25:01.225] 147,145,1
[19:25:01.227] 148,138,0
[19:25:01.232] 149,129,0
[19:25:01.233] 150,96,0
[19:25:01.236] 151,71,2
[19:25:01.240] 152,61,0
[19:25:01.242] 153,52,0
[19:25:01.244] 154,54,0
[19:25:01.247] 155,44,0
[19:25:01.250] 156,39,0
[19:25:01.253] 157,14,0
[19:25:01.257] 158,0,1
[19:25:01.258] 159,0,2
[19:25:01.259] 160,0,0
[19:25:01.264] 161,0,3
[19:25:01.266] 162,0,1
[19:25:01.269] 163,0,0
[19:25:01.274] 164,0,2
[19:25:01.276] 165,0,3
[19:25:01.279] 166,11,0
[19:25:01.280] 167,31,7
[19:25:01.287] 168,38,6
[19:25:01.287] 169,36,0
[19:25:01.288] 170,17,7
[19:25:01.289] 171,0,7
[19:25:01.295] 172,0,5
[19:25:01.296] 173,0,10
[19:25:01.299] 174,0,6
[19:25:01.301] 175,0,17
[19:25:01.304] 176,0,16
[19:25:01.307] 177,16,15
[19:25:01.310] 178,36,10
[19:25:01.313] 179,62,3
[19:25:01.316] 180,84,9
[19:25:01.327] 181,98,7
[19:25:01.328] 182,105,4
[19:25:01.329] 183,112,6
[19:25:01.330] 184,110,7
[19:25:01.333] 185,107,13
[19:25:01.336] 186,97,4
[19:25:01.339] 187,96,5
[19:25:01.346] 188,96,9
[19:25:01.347] 189,84,10
[19:25:01.349] 190,63,6
[19:25:01.350] 191,39,1
[19:25:01.353] 192,21,9
[19:25:01.356] 193,0,9
[19:25:01.359] 194,0,2
[19:25:01.362] 195,0,11
[19:25:01.365] 196,0,2
[19:25:01.368] 197,0,2
[19:25:01.370] 198,0,5
[19:25:01.373] 199,17,0
[19:25:03.669] [HIT] t=536446 i=0 note=38 vel=127 raw=127 truepeak=4089 ch=10 rescues=0 thresh=-1.000 peak=-1.000 mask=-1 decay=-1 decaylen=-1 xfilt=-1.000 xfiltdecay=-1.000 loopt=0 piezodc=1153.0 dchead=37.3 spikerej=402
[19:25:03.683] [SysEx TX] F0 00 7D 00 05 03 00 00 7F 7F F7
[19:25:03.684] [SCOPE] input=0 pad_type=0 head_ch=1 rim_ch=0 head_peak=4095 rim_peak=901 decision=HEAD samples=200
[19:25:03.697] T,H,R
[19:25:03.702] 0,2,2
[19:25:03.703] 1,2,5
[19:25:03.705] 2,5,2
[19:25:03.709] 3,2,3
[19:25:03.712] 4,3,3
[19:25:03.716] 5,3,7
[19:25:03.718] 6,2,2
[19:25:03.720] 7,2,2
[19:25:03.723] 8,5,1
[19:25:03.726] 9,2,3
[19:25:03.730] 10,6,8
[19:25:03.734] 11,3,3
[19:25:03.735] 12,2,0
[19:25:03.736] 13,2,3
[19:25:03.739] 14,2,0
[19:25:03.745] 15,3,5
[19:25:03.746] 16,3,5
[19:25:03.747] 17,1,2
[19:25:03.750] 18,1,5
[19:25:03.753] 19,2,2
[19:25:03.755] 20,1,5
[19:25:03.758] 21,4,1
[19:25:03.761] 22,2,3
[19:25:03.763] 23,1,2
[19:25:03.768] 24,6,8
[19:25:03.770] 25,2,3
[19:25:03.772] 26,5,0
[19:25:03.787] 27,2,3
[19:25:03.792] 28,5,2
[19:25:03.794] 29,0,2
[19:25:03.795] 30,4,2
[19:25:03.797] 31,2,3
[19:25:03.804] 32,2,3
[19:25:03.804] 33,0,2
[19:25:03.805] 34,3,5
[19:25:03.810] 35,2,0
[19:25:03.812] 36,2,3
[19:25:03.814] 37,4,1
[19:25:03.818] 38,0,2
[19:25:03.820] 39,2,6
[19:25:03.823] 40,2,3
[19:25:03.826] 41,0,0
[19:25:03.829] 42,2,0
[19:25:03.832] 43,2,5
[19:25:03.835] 44,1,4
[19:25:03.836] 45,1,1
[19:25:03.838] 46,0,1
[19:25:03.842] 47,0,5
[19:25:03.847] 48,2,2
[19:25:03.848] 49,1,0
[19:25:03.849] 50,0,2
[19:25:03.853] 51,2,5
[19:25:03.855] 52,1,5
[19:25:03.859] 53,1,2
[19:25:03.864] 54,1,0
[19:25:03.866] 55,0,2
[19:25:03.867] 56,1,5
[19:25:03.870] 57,1,1
[19:25:03.872] 58,4,2
[19:25:03.878] 59,2,0
[19:25:03.893] 60,0,2
[19:25:03.894] 61,0,2
[19:25:03.895] 62,0,5
[19:25:03.898] 63,1,5
[19:25:03.903] 64,0,2
[19:25:03.906] 65,0,3
[19:25:03.906] 66,1,5
[19:25:03.907] 67,1,2
[19:25:03.912] 68,4,0
[19:25:03.914] 69,4,0
[19:25:03.917] 70,1,2
[19:25:03.919] 71,0,0
[19:25:03.922] 72,1,1
[19:25:03.925] 73,1,0
[19:25:03.928] 74,0,0
[19:25:03.931] 75,0,0
[19:25:03.934] 76,0,0
[19:25:03.938] 77,0,1
[19:25:03.939] 78,1,5
[19:25:03.939] 79,0,0
[19:25:03.944] 80,0,2
[19:25:03.949] 81,0,2
[19:25:03.950] 82,1,5
[19:25:03.951] 83,0,0
[19:25:03.955] 84,0,1
[19:25:03.958] 85,1,4
[19:25:03.961] 86,0,0
[19:25:03.963] 87,0,4
[19:25:03.967] 88,1,0
[19:25:03.968] 89,0,0
[19:25:03.971] 90,0,3
[19:25:03.974] 91,1,6
[19:25:03.976] 92,0,0
[19:25:03.980] 93,0,2
[19:25:03.988] 94,1,5
[19:25:03.989] 95,0,2
[19:25:03.991] 96,5,1
[19:25:03.994] 97,17,89
[19:25:03.997] 98,82,54
[19:25:03.999] 99,144,89
[19:25:04.002] 100,233,84
[19:25:04.008] 101,272,104
[19:25:04.010] 102,284,47
[19:25:04.015] 103,217,33
[19:25:04.015] 104,0,150
[19:25:04.016] 105,0,79
[19:25:04.018] 106,0,0
[19:25:04.022] 107,0,325
[19:25:04.025] 108,0,745
[19:25:04.027] 109,0,683
[19:25:04.030] 110,0,294
[19:25:04.033] 111,0,0
[19:25:04.035] 112,732,269
[19:25:04.041] 113,1917,505
[19:25:04.042] 114,3241,292
[19:25:04.043] 115,4095,6
[19:25:04.047] 116,4095,0
[19:25:04.051] 117,4095,187
[19:25:04.052] 118,4095,602
[19:25:04.053] 119,4095,493
[19:25:04.056] 120,4095,190
[19:25:04.059] 121,4095,144
[19:25:04.062] 122,4095,399
[19:25:04.065] 123,4095,262
[19:25:04.067] 124,4095,121
[19:25:04.070] 125,4095,0
[19:25:04.073] 126,4095,0
[19:25:04.075] 127,4095,257
[19:25:04.078] 128,4095,186
[19:25:04.081] 129,4095,153
[19:25:04.091] 130,4095,0
[19:25:04.093] 131,4095,0
[19:25:04.093] 132,4095,0
[19:25:04.096] 133,4095,0
[19:25:04.099] 134,4095,0
[19:25:04.101] 135,4095,0
[19:25:04.104] 136,4095,0
[19:25:04.108] 137,4095,0
[19:25:04.112] 138,4095,0
[19:25:04.115] 139,4095,0
[19:25:04.119] 140,4095,0
[19:25:04.120] 141,4095,0
[19:25:04.123] 142,4095,0
[19:25:04.127] 143,4095,0
[19:25:04.130] 144,4095,0
[19:25:04.136] 145,3249,0
[19:25:04.136] 146,2336,14
[19:25:04.138] 147,1364,66
[19:25:04.144] 148,521,178
[19:25:04.145] 149,0,122
[19:25:04.146] 150,0,164
[19:25:04.146] 151,0,261
[19:25:04.152] 152,0,418
[19:25:04.153] 153,0,564
[19:25:04.155] 154,0,606
[19:25:04.157] 155,0,697
[19:25:04.162] 156,0,802
[19:25:04.164] 157,0,884
[19:25:04.167] 158,0,901
[19:25:04.170] 159,0,747
[19:25:04.172] 160,0,661
[19:25:04.175] 161,279,626
[19:25:04.178] 162,1190,627
[19:25:04.180] 163,2693,617
[19:25:04.184] 164,4095,532
[19:25:04.201] 165,4095,476
[19:25:04.202] 166,4095,422
[19:25:04.205] 167,4095,360
[19:25:04.207] 168,4095,473
[19:25:04.212] 169,4095,470
[19:25:04.214] 170,4095,409
[19:25:04.215] 171,4095,361
[19:25:04.218] 172,4095,453
[19:25:04.221] 173,3926,505
[19:25:04.224] 174,3385,500
[19:25:04.227] 175,2825,448
[19:25:04.230] 176,2192,319
[19:25:04.232] 177,1457,230
[19:25:04.235] 178,804,179
[19:25:04.238] 179,408,127
[19:25:04.241] 180,77,88
[19:25:04.246] 181,0,10
[19:25:04.247] 182,0,0
[19:25:04.248] 183,228,0
[19:25:04.251] 184,522,0
[19:25:04.255] 185,735,0
[19:25:04.257] 186,867,0
[19:25:04.258] 187,1082,0
[19:25:04.262] 188,1253,21
[19:25:04.264] 189,1369,0
[19:25:04.267] 190,1238,0
[19:25:04.270] 191,1071,54
[19:25:04.273] 192,822,176
[19:25:04.275] 193,517,241
[19:25:04.279] 194,35,239
[19:25:04.280] 195,0,271
[19:25:04.283] 196,0,320
[19:25:04.287] 197,0,329
[19:25:04.297] 198,0,255
[19:25:04.298] 199,0,281
[19:25:04.298] [HIT] t=537075 i=0 note=38 vel=127 raw=127 truepeak=4056 ch=10 rescues=0 thresh=-1.000 peak=-1.000 mask=-1 decay=-1 decaylen=-1 xfilt=-1.000 xfiltdecay=-1.000 loopt=0 piezodc=313.0 dchead=186.2 spikerej=544
[19:25:04.309] [SysEx TX] F0 00 7D 00 05 03 00 00 7F 7F F7
[19:25:04.314] [SCOPE] input=0 pad_type=0 head_ch=1 rim_ch=0 head_peak=4095 rim_peak=901 decision=HEAD samples=200
[19:25:04.315] T,H,R
[19:25:04.319] 0,0,2
[19:25:04.322] 1,0,3
[19:25:04.324] 2,1,5
[19:25:04.328] 3,1,2
[19:25:04.330] 4,4,0
[19:25:04.332] 5,4,0
[19:25:04.335] 6,1,2
[19:25:04.339] 7,0,0
[19:25:04.341] 8,1,1
[19:25:04.344] 9,1,0
[19:25:04.347] 10,0,0
[19:25:04.349] 11,0,0
[19:25:04.352] 12,0,0
[19:25:04.355] 13,0,1
[19:25:04.358] 14,1,5
[19:25:04.359] 15,0,0
[19:25:04.366] 16,0,2
[19:25:04.367] 17,0,2
[19:25:04.368] 18,1,5
[19:25:04.370] 19,0,0
[19:25:04.374] 20,0,1
[19:25:04.377] 21,1,4
[19:25:04.380] 22,0,0
[19:25:04.382] 23,0,4
[19:25:04.385] 24,1,0
[19:25:04.397] 25,0,0
[19:25:04.399] 26,0,3
[19:25:04.399] 27,1,6
[19:25:04.400] 28,0,0
[19:25:04.403] 29,0,2
[19:25:04.405] 30,1,5
[19:25:04.412] 31,0,2
[19:25:04.412] 32,5,1
[19:25:04.416] 33,17,89
[19:25:04.417] 34,82,54
[19:25:04.419] 35,144,89
[19:25:04.423] 36,233,84
[19:25:04.425] 37,272,104
[19:25:04.428] 38,284,47
[19:25:04.430] 39,217,33
[19:25:04.434] 40,0,150
[19:25:04.436] 41,0,79
[19:25:04.439] 42,0,0
[19:25:04.442] 43,0,325
[19:25:04.445] 44,0,745
[19:25:04.450] 45,0,683
[19:25:04.451] 46,0,294
[19:25:04.451] 47,0,0
[19:25:04.455] 48,732,269
[19:25:04.463] 49,1917,505
[19:25:04.463] 50,3241,292
[19:25:04.464] 51,4095,6
[19:25:04.465] 52,4095,0
[19:25:04.469] 53,4095,187
[19:25:04.472] 54,4095,602
[19:25:04.475] 55,4095,493
[19:25:04.478] 56,4095,190
[19:25:04.480] 57,4095,144
[19:25:04.483] 58,4095,399
[19:25:04.485] 59,4095,262
[19:25:04.489] 60,4095,121
[19:25:04.492] 61,4095,0
[19:25:04.499] 62,4095,0
[19:25:04.501] 63,4095,257
[19:25:04.503] 64,4095,186
[19:25:04.510] 65,4095,153
[19:25:04.511] 66,4095,0
[19:25:04.513] 67,4095,0
[19:25:04.516] 68,4095,0
[19:25:04.517] 69,4095,0
[19:25:04.520] 70,4095,0
[19:25:04.523] 71,4095,0
[19:25:04.526] 72,4095,0
[19:25:04.528] 73,4095,0
[19:25:04.531] 74,4095,0
[19:25:04.533] 75,4095,0
[19:25:04.537] 76,4095,0
[19:25:04.539] 77,4095,0
[19:25:04.542] 78,4095,0
[19:25:04.545] 79,4095,0
[19:25:04.548] 80,4095,0
[19:25:04.553] 81,3249,0
[19:25:04.554] 82,2336,14
[19:25:04.556] 83,1364,66
[19:25:04.563] 84,521,178
[19:25:04.564] 85,0,122
[19:25:04.564] 86,0,164
[19:25:04.566] 87,0,261
[19:25:04.570] 88,0,418
[19:25:04.572] 89,0,564
[19:25:04.575] 90,0,606
[19:25:04.578] 91,0,697
[19:25:04.581] 92,0,802
[19:25:04.584] 93,0,884
[19:25:04.586] 94,0,901
[19:25:04.589] 95,0,747
[19:25:04.594] 96,0,661
[19:25:04.602] 97,279,626
[19:25:04.603] 98,1190,627
[19:25:04.604] 99,2693,617
[19:25:04.606] 100,4095,532
[19:25:04.608] 101,4095,476
[19:25:04.612] 102,4095,422
[19:25:04.615] 103,4095,360
[19:25:04.617] 104,4095,473
[19:25:04.621] 105,4095,470
[19:25:04.624] 106,4095,409
[19:25:04.627] 107,4095,361
[19:25:04.628] 108,4095,453
[19:25:04.631] 109,3926,505
[19:25:04.634] 110,3385,500
[19:25:04.636] 111,2825,448
[19:25:04.639] 112,2192,319
[19:25:04.643] 113,1457,230
[19:25:04.649] 114,804,179
[19:25:04.650] 115,408,127
[19:25:04.650] 116,77,88
[19:25:04.654] 117,0,10
[19:25:04.655] 118,0,0
[19:25:04.658] 119,228,0
[19:25:04.661] 120,522,0
[19:25:04.665] 121,735,0
[19:25:04.666] 122,867,0
[19:25:04.668] 123,1082,0
[19:25:04.673] 124,1253,21
[19:25:04.677] 125,1369,0
[19:25:04.679] 126,1238,0
[19:25:04.680] 127,1071,54
[19:25:04.682] 128,822,176
[19:25:04.685] 129,517,241
[19:25:04.687] 130,35,239
[19:25:04.691] 131,0,271
[19:25:04.696] 132,0,320
[19:25:04.706] 133,0,329
[19:25:04.708] 134,0,255
[19:25:04.709] 135,0,281
[19:25:04.715] 136,0,298
[19:25:04.718] 137,0,246
[19:25:04.723] 138,0,209
[19:25:04.729] 139,0,235
[19:25:04.730] 140,0,353
[19:25:04.730] 141,47,472
[19:25:04.732] 142,517,522
[19:25:04.737] 143,1051,400
[19:25:04.738] 144,1831,352
[19:25:04.741] 145,2731,438
[19:25:04.743] 146,4095,510
[19:25:04.747] 147,4095,521
[19:25:04.749] 148,4095,509
[19:25:04.753] 149,4095,441
[19:25:04.755] 150,4095,382
[19:25:04.760] 151,4095,393
[19:25:04.761] 152,4095,402
[19:25:04.763] 153,4095,355
[19:25:04.768] 154,4095,272
[19:25:04.768] 155,4095,215
[19:25:04.770] 156,4095,160
[19:25:04.774] 157,4095,137
[19:25:04.776] 158,4009,133
[19:25:04.779] 159,3516,121
[19:25:04.782] 160,2933,152
[19:25:04.784] 161,2230,146
[19:25:04.787] 162,1437,175
[19:25:04.791] 163,580,212
[19:25:04.799] 164,0,256
[19:25:04.800] 165,0,301
[19:25:04.800] 166,0,331
[19:25:04.813] 167,0,428
[19:25:04.816] 168,0,551
[19:25:04.819] 169,0,564
[19:25:04.822] 170,0,469
[19:25:04.829] 171,0,456
[19:25:04.832] 172,230,440
[19:25:04.832] 173,928,418
[19:25:04.833] 174,1774,374
[19:25:04.835] 175,2585,314
[19:25:04.838] 176,3247,318
[19:25:04.843] 177,3824,358
[19:25:04.844] 178,4095,340
[19:25:04.846] 179,4095,390
[19:25:04.849] 180,4095,438
[19:25:04.853] 181,4095,360
[19:25:04.855] 182,4095,313
[19:25:04.859] 183,4095,299
[19:25:04.860] 184,4095,301
[19:25:04.864] 185,3729,337
[19:25:04.865] 186,3250,362
[19:25:04.872] 187,2759,344
[19:25:04.873] 188,1839,292
[19:25:04.875] 189,1375,260
[19:25:04.877] 190,1225,299
[19:25:04.880] 191,1485,272
[19:25:04.881] 192,2189,185
[19:25:04.884] 193,3012,94
[19:25:04.887] 194,4095,51
[19:25:04.894] 195,4095,10
[19:25:04.896] 196,4095,22
[19:25:04.896] 197,4095,75
[19:25:04.897] 198,4095,88
[19:25:04.913] 199,4057,104
[19:25:04.913] [HIT] t=537686 i=0 note=38 vel=84 raw=84 truepeak=2217 ch=10 rescues=0 thresh=-1.000 peak=-1.000 mask=-1 decay=-1 decaylen=-1 xfilt=-1.000 xfiltdecay=-1.000 loopt=0 piezodc=-65.0 dchead=233.2 spikerej=572
[19:25:04.923] [SysEx TX] F0 00 7D 00 05 03 00 00 54 54 F7
[19:25:04.930] [SCOPE] input=0 pad_type=0 head_ch=1 rim_ch=0 head_peak=4095 rim_peak=155 decision=HEAD samples=200
[19:25:04.930] T,H,R
[19:25:04.931] 0,4095,77
[19:25:04.933] 1,4095,64
[19:25:04.936] 2,4095,52
[19:25:05.437] 3,4095,39
[19:25:05.438] 4,4062,12
[19:25:05.438] 5,3902,0
[19:25:05.438] 6,3663,0
[19:25:05.438] 7,3344,0
[19:25:05.438] 8,2969,0
[19:25:05.438] 9,2548,1
[19:25:05.438] 10,2117,6
[19:25:05.438] 11,1621,11
[19:25:05.438] 12,735,10
[19:25:05.438] 13,478,30
[19:25:05.438] 14,89,54
[19:25:05.438] 15,0,79
[19:25:05.438] 16,0,56
[19:25:05.438] 17,0,41
[19:25:05.438] 18,0,55
[19:25:05.438] 19,0,85
[19:25:05.438] 20,88,125
[19:25:05.438] 21,301,115
[19:25:05.438] 22,476,89
[19:25:05.438] 23,589,71
[19:25:05.438] 24,698,61
[19:25:05.439] 25,835,100
[19:25:05.439] 26,971,116
[19:25:05.439] 27,1081,126
[19:25:05.439] 28,1206,107
[19:25:05.439] 29,1322,98
[19:25:05.439] 30,1438,89
[19:25:05.439] 31,1552,105
[19:25:05.439] 32,1588,113
[19:25:05.439] 33,1580,115
[19:25:05.439] 34,1545,116
[19:25:05.439] 35,1484,126
[19:25:05.439] 36,1373,120
[19:25:05.439] 37,1276,124
[19:25:05.439] 38,1237,128
[19:25:05.439] 39,1281,143
[19:25:05.439] 40,1430,121
[19:25:05.439] 41,1647,100
[19:25:05.439] 42,1892,72
[19:25:05.439] 43,2133,50
[19:25:05.439] 44,2312,58
[19:25:05.439] 45,2394,58
[19:25:05.439] 46,2439,45
[19:25:05.439] 47,2413,56
[19:25:05.439] 48,2331,47
[19:25:05.439] 49,2222,33
[19:25:05.439] 50,2119,35
[19:25:05.441] 51,2030,43
[19:25:05.441] 52,1967,51
[19:25:05.441] 53,1849,53
[19:25:05.441] 54,1673,50
[19:25:05.441] 55,1392,63
[19:25:05.442] 56,1037,90
[19:25:05.442] 57,480,109
[19:25:05.443] 58,0,123
[19:25:05.443] 59,0,127
[19:25:05.443] 60,0,155
[19:25:05.443] 61,0,144
[19:25:05.443] 62,0,132
[19:25:05.444] 63,0,136
[19:25:05.444] 64,0,138
[19:25:05.444] 65,0,145
[19:25:05.444] 66,0,128
[19:25:05.444] 67,190,128
[19:25:05.444] 68,496,148
[19:25:05.445] 69,846,153
[19:25:05.445] 70,1177,124
[19:25:05.445] 71,1563,116
[19:25:05.445] 72,1980,112
[19:25:05.445] 73,2378,141
[19:25:05.445] 74,2755,140
[19:25:05.445] 75,3061,110
[19:25:05.445] 76,3262,95
[19:25:05.445] 77,3396,98
[19:25:05.445] 78,3386,105
[19:25:05.445] 79,3347,104
[19:25:05.445] 80,3273,106
[19:25:05.445] 81,3118,73
[19:25:05.445] 82,2944,54
[19:25:05.445] 83,2781,46
[19:25:05.445] 84,2605,41
[19:25:05.446] 85,2395,40
[19:25:05.446] 86,2172,49
[19:25:05.446] 87,1985,42
[19:25:05.446] 88,1716,33
[19:25:05.446] 89,1465,33
[19:25:05.446] 90,1299,31
[19:25:05.446] 91,1206,22
[19:25:05.446] 92,1118,33
[19:25:05.446] 93,1012,23
[19:25:05.446] 94,953,25
[19:25:05.446] 95,893,31
[19:25:05.446] 96,827,61
[19:25:05.447] 97,744,77
[19:25:05.447] 98,619,73
[19:25:05.447] 99,499,79
[19:25:05.447] 100,422,88
[19:25:05.448] 101,389,76
[19:25:05.448] 102,423,70
[19:25:05.448] 103,441,71
[19:25:05.449] 104,413,54
[19:25:05.449] 105,375,56
[19:25:05.449] 106,357,60
[19:25:05.449] 107,310,64
[19:25:05.450] 108,264,64
[19:25:05.450] 109,207,58
[19:25:05.450] 110,153,54
[19:25:05.450] 111,105,57
[19:25:05.450] 112,116,73
[19:25:05.450] 113,156,70
[19:25:05.450] 114,246,74
[19:25:05.450] 115,394,80
[19:25:05.451] 116,572,59
[19:25:05.451] 117,833,44
[19:25:05.451] 118,1120,38
[19:25:05.451] 119,1459,25
[19:25:05.451] 120,1766,10
[19:25:05.451] 121,2014,2
[19:25:05.451] 122,2195,0
[19:25:05.451] 123,2275,0
[19:25:05.451] 124,2302,0
[19:25:05.451] 125,2267,0
[19:25:05.451] 126,2184,0
[19:25:05.451] 127,2062,0
[19:25:05.451] 128,1955,0
[19:25:05.451] 129,1800,0
[19:25:05.451] 130,1598,0
[19:25:05.451] 131,1373,0
[19:25:05.451] 132,1116,0
[19:25:05.451] 133,841,0
[19:25:05.451] 134,238,0
[19:25:05.451] 135,0,0
[19:25:05.452] 136,0,0
[19:25:05.452] 137,0,9
[19:25:05.452] 138,0,1
[19:25:05.452] 139,0,2
[19:25:05.452] 140,0,0
[19:25:05.452] 141,0,9
[19:25:05.452] 142,0,14
[19:25:05.452] 143,86,10
[19:25:05.452] 144,265,26
[19:25:05.452] 145,429,26
[19:25:05.452] 146,609,17
[19:25:05.452] 147,769,14
[19:25:05.452] 148,920,7
[19:25:05.452] 149,1082,17
[19:25:05.452] 150,1228,9
[19:25:05.452] 151,1363,6
[19:25:05.452] 152,1513,2
[19:25:05.452] 153,1705,5
[19:25:05.452] 154,1881,3
[19:25:05.452] 155,2018,5
[19:25:05.453] 156,2091,2
[19:25:05.453] 157,2089,1
[19:25:05.453] 158,2014,3
[19:25:05.453] 159,1938,4
[19:25:05.453] 160,1839,11
[19:25:05.453] 161,1737,1
[19:25:05.453] 162,1650,0
[19:25:05.453] 163,1581,0
[19:25:05.453] 164,1528,0
[19:25:05.453] 165,1484,0
[19:25:05.453] 166,1467,0
[19:25:05.453] 167,1465,0
[19:25:05.453] 168,1460,0
[19:25:05.453] 169,1425,0
[19:25:05.453] 170,1357,0
[19:25:05.453] 171,1279,0
[19:25:05.453] 172,1181,0
[19:25:05.453] 173,1114,0
[19:25:05.455] 174,1015,0
[19:25:05.458] 175,902,0
[19:25:05.461] 176,760,0
[19:25:05.464] 177,633,0
[19:25:05.467] 178,519,0
[19:25:05.469] 179,382,0
[19:25:05.474] 180,265,0
[19:25:05.475] 181,153,0
[19:25:05.477] 182,23,0
[19:25:05.480] 183,0,0
[19:25:05.484] 184,0,0
[19:25:05.485] 185,0,4
[19:25:05.487] 186,0,7
[19:25:05.491] 187,0,6
[19:25:05.494] 188,0,5
[19:25:05.496] 189,0,8
[19:25:05.499] 190,0,8
[19:25:05.501] 191,164,16
[19:25:05.504] 192,441,4
[19:25:05.507] 193,771,2
[19:25:05.509] 194,1126,0
[19:25:05.513] 195,1493,0
[19:25:05.525] 196,1838,0
[19:25:05.525] 197,2119,0
[19:25:05.527] 198,2299,0
[19:25:05.527] 199,2404,0
[19:25:05.532] [HIT] t=538309 i=0 note=38 vel=4 raw=4 truepeak=250 ch=10 rescues=0 thresh=-1.000 peak=-1.000 mask=-1 decay=-1 decaylen=-1 xfilt=-1.000 xfiltdecay=-1.000 loopt=0 piezodc=-209.0 dchead=214.1 spikerej=572
[19:25:05.544] [SysEx TX] F0 00 7D 00 05 03 00 00 04 04 F7
[19:25:05.545] [SCOPE] input=0 pad_type=0 head_ch=1 rim_ch=0 head_peak=683 rim_peak=24 decision=HEAD samples=200
[19:25:05.548] T,H,R
[19:25:05.551] 0,0,5
[19:25:05.553] 1,0,2
[19:25:05.557] 2,0,2
[19:25:05.559] 3,0,2
[19:25:05.563] 4,0,1
[19:25:05.566] 5,21,1
[19:25:05.568] 6,58,1
[19:25:05.571] 7,101,0
[19:25:05.576] 8,148,0
[19:25:05.578] 9,198,1
[19:25:05.578] 10,249,0
[19:25:05.581] 11,307,0
[19:25:05.588] 12,361,0
[19:25:05.589] 13,416,0
[19:25:05.589] 14,459,0
[19:25:05.591] 15,502,0
[19:25:05.595] 16,530,0
[19:25:05.600] 17,537,0
[19:25:05.601] 18,542,0
[19:25:05.604] 19,531,0
[19:25:05.607] 20,521,0
[19:25:05.609] 21,510,0
[19:25:05.612] 22,521,0
[19:25:05.614] 23,532,0
[19:25:05.617] 24,546,0
[19:25:05.627] 25,544,0
[19:25:05.628] 26,549,0
[19:25:05.630] 27,526,0
[19:25:05.630] 28,501,0
[19:25:05.632] 29,456,0
[19:25:05.636] 30,420,0
[19:25:05.639] 31,361,0
[19:25:05.641] 32,309,0
[19:25:05.647] 33,250,0
[19:25:05.648] 34,188,0
[19:25:05.649] 35,135,0
[19:25:05.652] 36,69,0
[19:25:05.655] 37,2,0
[19:25:05.658] 38,0,0
[19:25:05.661] 39,0,0
[19:25:05.663] 40,0,0
[19:25:05.667] 41,0,0
[19:25:05.673] 42,0,2
[19:25:05.673] 43,0,2
[19:25:05.674] 44,0,0
[19:25:05.679] 45,0,2
[19:25:05.680] 46,0,2
[19:25:05.682] 47,0,0
[19:25:05.685] 48,0,4
[19:25:05.692] 49,50,5
[19:25:05.693] 50,112,0
[19:25:05.695] 51,180,8
[19:25:05.696] 52,249,0
[19:25:05.699] 53,313,2
[19:25:05.702] 54,384,1
[19:25:05.704] 55,445,1
[19:25:05.707] 56,501,0
[19:25:05.710] 57,563,1
[19:25:05.713] 58,604,0
[19:25:05.716] 59,649,0
[19:25:05.719] 60,672,5
[19:25:05.729] 61,683,1
[19:25:05.729] 62,675,0
[19:25:05.730] 63,653,0
[19:25:05.733] 64,622,0
[19:25:05.736] 65,585,1
[19:25:05.739] 66,525,0
[19:25:05.742] 67,461,0
[19:25:05.746] 68,380,0
[19:25:05.747] 69,314,0
[19:25:05.752] 70,239,1
[19:25:05.752] 71,168,0
[19:25:05.755] 72,114,3
[19:25:05.758] 73,48,4
[19:25:05.761] 74,33,2
[19:25:05.763] 75,0,3
[19:25:05.767] 76,0,16
[19:25:05.769] 77,0,2
[19:25:05.772] 78,0,17
[19:25:05.775] 79,0,12
[19:25:05.780] 80,0,18
[19:25:05.781] 81,0,10
[19:25:05.783] 82,0,20
[19:25:05.786] 83,0,16
[19:25:05.794] 84,0,16
[19:25:05.795] 85,0,9
[19:25:05.795] 86,0,19
[19:25:05.798] 87,0,15
[19:25:05.801] 88,4,15
[19:25:05.804] 89,20,15
[19:25:05.807] 90,31,21
[19:25:05.810] 91,50,19
[19:25:05.813] 92,73,22
[19:25:05.815] 93,110,7
[19:25:05.818] 94,153,20
[19:25:05.822] 95,206,16
[19:25:05.843] 96,263,8
[19:25:05.843] 97,310,10
[19:25:05.844] 98,361,7
[19:25:05.846] 99,398,10
[19:25:05.853] 100,438,6
[19:25:05.854] 101,468,10
[19:25:05.856] 102,480,2
[19:25:05.856] 103,482,7
[19:25:05.859] 104,480,2
[19:25:05.863] 105,469,4
[19:25:05.866] 106,438,7
[19:25:05.869] 107,414,1
[19:25:05.871] 108,374,3
[19:25:05.875] 109,331,5
[19:25:05.878] 110,282,4
[19:25:05.880] 111,223,2
[19:25:05.883] 112,166,8
[19:25:05.886] 113,96,4
[19:25:05.887] 114,22,3
[19:25:05.894] 115,0,4
[19:25:05.896] 116,0,10
[19:25:05.896] 117,0,18
[19:25:05.899] 118,0,17
[19:25:05.903] 119,0,21
[19:25:05.903] 120,0,19
[19:25:05.906] 121,0,23
[19:25:05.909] 122,0,7
[19:25:05.913] 123,0,19
[19:25:05.915] 124,0,9
[19:25:05.918] 125,0,19
[19:25:05.921] 126,0,24
[19:25:05.934] 127,0,14
[19:25:05.935] 128,22,18
[19:25:05.935] 129,69,19
[19:25:05.936] 130,121,17
[19:25:05.939] 131,185,21
[19:25:05.944] 132,251,18
[19:25:05.946] 133,314,10
[19:25:05.948] 134,367,6
[19:25:05.953] 135,423,8
[19:25:05.954] 136,456,8
[19:25:05.959] 137,476,10
[19:25:05.962] 138,480,8
[19:25:05.963] 139,477,8
[19:25:05.965] 140,459,1
[19:25:05.969] 141,443,7
[19:25:05.971] 142,419,1
[19:25:05.974] 143,401,5
[19:25:05.977] 144,368,2
[19:25:05.979] 145,358,4
[19:25:05.985] 146,330,4
[19:25:05.986] 147,302,2
[19:25:05.987] 148,269,2
[19:25:05.989] 149,239,5
[19:25:05.996] 150,209,5
[19:25:05.997] 151,172,2
[19:25:05.998] 152,135,2
[19:25:06.000] 153,107,1
[19:25:06.004] 154,84,2
[19:25:06.007] 155,55,6
[19:25:06.009] 156,33,6
[19:25:06.012] 157,10,4
[19:25:06.015] 158,0,10
[19:25:06.018] 159,0,5
[19:25:06.021] 160,0,10
[19:25:06.024] 161,0,10
[19:25:06.027] 162,0,18
[19:25:06.037] 163,0,10
[19:25:06.037] 164,0,7
[19:25:06.037] 165,0,16
[19:25:06.039] 166,0,13
[19:25:06.043] 167,0,3
[19:25:06.046] 168,0,5
[19:25:06.049] 169,0,6
[19:25:06.052] 170,32,2
[19:25:06.059] 171,77,8
[19:25:06.061] 172,129,2
[19:25:06.064] 173,171,2
[19:25:06.064] 174,218,2
[19:25:06.066] 175,278,0
[19:25:06.069] 176,327,0
[19:25:06.071] 177,373,1
[19:25:06.074] 178,410,0
[19:25:06.077] 179,440,1
[19:25:06.080] 180,468,0
[19:25:06.082] 181,473,0
[19:25:06.087] 182,469,0
[19:25:06.088] 183,456,0
[19:25:06.090] 184,430,0
[19:25:06.094] 185,406,0
[19:25:06.100] 186,366,0
[19:25:06.101] 187,334,0
[19:25:06.102] 188,281,0
[19:25:06.103] 189,230,0
[19:25:06.107] 190,179,0
[19:25:06.111] 191,123,0
[19:25:06.113] 192,75,0
[19:25:06.116] 193,24,0
[19:25:06.119] 194,0,0
[19:25:06.122] 195,0,0
[19:25:06.125] 196,0,0
[19:25:06.129] 197,0,0
[19:25:06.131] 198,0,0
[19:25:06.148] 199,0,0
[19:25:08.465] [HIT] t=541242 i=0 note=38 vel=5 raw=5 truepeak=289 ch=10 rescues=0 thresh=-1.000 peak=-1.000 mask=-1 decay=-1 decaylen=-1 xfilt=-1.000 xfiltdecay=-1.000 loopt=0 piezodc=-7.0 dchead=6.8 spikerej=572
[19:25:08.477] [SysEx TX] F0 00 7D 00 05 03 00 00 05 05 F7
[19:25:08.481] [SCOPE] input=0 pad_type=0 head_ch=1 rim_ch=0 head_peak=294 rim_peak=17 decision=HEAD samples=200
[19:25:08.482] T,H,R
[19:25:08.483] 0,5,5
[19:25:08.499] 1,3,5
[19:25:08.501] 2,3,3
[19:25:08.502] 3,5,6
[19:25:08.503] 4,3,3
[19:25:08.507] 5,5,5
[19:25:08.509] 6,3,3
[19:25:08.514] 7,8,7
[19:25:08.518] 8,0,0
[19:25:08.519] 9,5,1
[19:25:08.520] 10,4,2
[19:25:08.525] 11,0,2
[19:25:08.529] 12,5,2
[19:25:08.529] 13,3,2
[19:25:08.532] 14,5,2
[19:25:08.534] 15,4,2
[19:25:08.537] 16,2,2
[19:25:08.539] 17,3,1
[19:25:08.547] 18,5,2
[19:25:08.548] 19,5,0
[19:25:08.549] 20,6,2
[19:25:08.552] 21,3,2
[19:25:08.556] 22,5,2
[19:25:08.558] 23,5,2
[19:25:08.559] 24,2,3
[19:25:08.562] 25,2,0
[19:25:08.565] 26,0,2
[19:25:08.569] 27,2,5
[19:25:08.571] 28,2,5
[19:25:08.574] 29,0,5
[19:25:08.577] 30,2,5
[19:25:08.579] 31,2,2
[19:25:08.582] 32,2,2
[19:25:08.585] 33,0,3
[19:25:08.587] 34,2,3
[19:25:08.596] 35,2,5
[19:25:08.597] 36,1,6
[19:25:08.599] 37,2,5
[19:25:08.602] 38,2,5
[19:25:08.604] 39,1,5
[19:25:08.607] 40,2,1
[19:25:08.609] 41,0,2
[19:25:08.612] 42,0,2
[19:25:08.614] 43,0,3
[19:25:08.620] 44,0,3
[19:25:08.620] 45,4,0
[19:25:08.623] 46,2,2
[19:25:08.626] 47,0,2
[19:25:08.629] 48,1,2
[19:25:08.632] 49,2,4
[19:25:08.634] 50,2,5
[19:25:08.637] 51,1,1
[19:25:08.641] 52,0,2
[19:25:08.643] 53,0,0
[19:25:08.649] 54,1,2
[19:25:08.650] 55,1,2
[19:25:08.652] 56,0,3
[19:25:08.653] 57,1,1
[19:25:08.661] 58,2,0
[19:25:08.662] 59,5,5
[19:25:08.663] 60,1,0
[19:25:08.664] 61,2,0
[19:25:08.667] 62,0,1
[19:25:08.671] 63,4,10
[19:25:08.673] 64,2,4
[19:25:08.676] 65,0,0
[19:25:08.678] 66,1,1
[19:25:08.681] 67,1,2
[19:25:08.684] 68,1,1
[19:25:08.686] 69,6,6
[19:25:08.691] 70,4,4
[19:25:08.702] 71,0,0
[19:25:08.703] 72,0,4
[19:25:08.704] 73,0,4
[19:25:08.707] 74,0,2
[19:25:08.709] 75,0,16
[19:25:08.713] 76,0,17
[19:25:08.720] 77,0,16
[19:25:08.723] 78,0,3
[19:25:08.723] 79,0,9
[19:25:08.724] 80,0,10
[19:25:08.727] 81,0,8
[19:25:08.730] 82,0,3
[19:25:08.733] 83,0,10
[19:25:08.735] 84,0,8
[19:25:08.738] 85,0,0
[19:25:08.745] 86,0,3
[19:25:08.746] 87,0,10
[19:25:08.747] 88,0,9
[19:25:08.750] 89,0,6
[19:25:08.751] 90,1,7
[19:25:08.753] 91,10,10
[19:25:08.756] 92,29,7
[19:25:08.761] 93,45,0
[19:25:08.762] 94,82,5
[19:25:08.764] 95,99,3
[19:25:08.767] 96,128,0
[19:25:08.770] 97,154,0
[19:25:08.773] 98,168,0
[19:25:08.775] 99,175,0
[19:25:08.778] 100,186,0
[19:25:08.781] 101,182,0
[19:25:08.786] 102,200,0
[19:25:08.787] 103,231,0
[19:25:08.789] 104,268,1
[19:25:08.792] 105,290,0
[19:25:08.809] 106,294,0
[19:25:08.810] 107,281,0
[19:25:08.812] 108,273,1
[19:25:08.815] 109,241,0
[19:25:08.819] 110,204,0
[19:25:08.822] 111,169,0
[19:25:08.823] 112,147,1
[19:25:08.826] 113,141,0
[19:25:08.828] 114,153,1
[19:25:08.831] 115,166,5
[19:25:08.834] 116,182,0
[19:25:08.836] 117,201,0
[19:25:08.839] 118,210,1
[19:25:08.842] 119,214,1
[19:25:08.845] 120,208,2
[19:25:08.847] 121,207,2
[19:25:08.852] 122,212,2
[19:25:08.853] 123,205,0
[19:25:08.855] 124,207,2
[19:25:08.857] 125,217,1
[19:25:08.864] 126,226,6
[19:25:08.865] 127,224,2
[19:25:08.866] 128,235,3
[19:25:08.870] 129,233,2
[19:25:08.873] 130,214,4
[19:25:08.875] 131,191,0
[19:25:08.878] 132,143,2
[19:25:08.881] 133,107,3
[19:25:08.884] 134,86,7
[19:25:08.887] 135,89,2
[19:25:08.889] 136,102,6
[19:25:08.893] 137,124,5
[19:25:08.898] 138,161,0
[19:25:08.906] 139,184,1
[19:25:08.909] 140,191,3
[19:25:08.912] 141,186,4
[19:25:08.916] 142,166,0
[19:25:08.917] 143,125,0
[19:25:08.923] 144,83,3
[19:25:08.927] 145,41,2
[19:25:08.928] 146,10,1
[19:25:08.930] 147,0,6
[19:25:08.932] 148,0,0
[19:25:08.935] 149,0,2
[19:25:08.941] 150,0,1
[19:25:08.943] 151,14,0
[19:25:08.946] 152,29,0
[19:25:08.948] 153,39,0
[19:25:08.949] 154,38,0
[19:25:08.952] 155,41,0
[19:25:08.955] 156,41,0
[19:25:08.959] 157,35,0
[19:25:08.961] 158,31,4
[19:25:08.963] 159,41,0
[19:25:08.967] 160,68,0
[19:25:08.969] 161,103,0
[19:25:08.971] 162,142,1
[19:25:08.973] 163,158,0
[19:25:08.975] 164,168,0
[19:25:08.980] 165,170,0
[19:25:08.982] 166,150,0
[19:25:08.987] 167,116,0
[19:25:08.987] 168,80,1
[19:25:08.994] 169,68,0
[19:25:08.997] 170,65,0
[19:25:09.007] 171,68,0
[19:25:09.008] 172,81,1
[19:25:09.010] 173,93,1
[19:25:09.013] 174,118,0
[19:25:09.016] 175,120,2
[19:25:09.019] 176,131,4
[19:25:09.021] 177,105,1
[19:25:09.030] 178,79,3
[19:25:09.962] 179,51,8
[19:25:09.962] 180,24,11
[19:25:09.962] 181,1,5
[19:25:09.962] 182,0,17
[19:25:09.962] 183,0,7
[19:25:09.962] 184,0,14
[19:25:09.962] 185,0,7
[19:25:09.962] 186,0,16
[19:25:09.962] 187,1,3
[19:25:09.962] 188,3,7
[19:25:09.962] 189,7,9
[19:25:09.963] 190,2,6
[19:25:09.963] 191,0,10
[19:25:09.963] 192,0,17
[19:25:09.963] 193,16,14
[19:25:09.963] 194,30,8
[19:25:09.963] 195,53,7
[19:25:09.963] 196,61,0
[19:25:09.963] 197,73,10
[19:25:09.963] 198,65,5
[19:25:09.964] 199,57,11
[19:25:09.964] [HIT] t=541921 i=0 note=38 vel=11 raw=11 truepeak=435 ch=10 rescues=0 thresh=-1.000 peak=-1.000 mask=-1 decay=-1 decaylen=-1 xfilt=-1.000 xfiltdecay=-1.000 loopt=0 piezodc=642.0 dchead=12.6 spikerej=572
[19:25:09.964] [SysEx TX] F0 00 7D 00 05 03 00 00 0B 0B F7
[19:25:09.964] [SCOPE] input=0 pad_type=0 head_ch=1 rim_ch=0 head_peak=959 rim_peak=34 decision=HEAD samples=200
[19:25:09.964] T,H,R
[19:25:09.964] 0,1,7
[19:25:09.964] 1,1,6
[19:25:09.964] 2,0,2
[19:25:09.964] 3,1,5
[19:25:09.964] 4,0,8
[19:25:09.964] 5,1,7
[19:25:09.964] 6,0,0
[19:25:09.964] 7,4,5
[19:25:09.965] 8,3,3
[19:25:09.965] 9,4,2
[19:25:09.965] 10,2,2
[19:25:09.965] 11,3,3
[19:25:09.965] 12,2,2
[19:25:09.965] 13,5,7
[19:25:09.965] 14,3,2
[19:25:09.965] 15,2,2
[19:25:09.965] 16,5,7
[19:25:09.966] 17,2,6
[19:25:09.966] 18,5,6
[19:25:09.966] 19,5,5
[19:25:09.967] 20,2,2
[19:25:09.967] 21,2,2
[19:25:09.967] 22,3,3
[19:25:09.967] 23,0,2
[19:25:09.968] 24,5,5
[19:25:09.968] 25,5,3
[19:25:09.968] 26,5,7
[19:25:09.968] 27,3,5
[19:25:09.968] 28,2,2
[19:25:09.968] 29,1,2
[19:25:09.968] 30,4,3
[19:25:09.968] 31,2,2
[19:25:09.968] 32,0,2
[19:25:09.968] 33,0,7
[19:25:09.968] 34,2,2
[19:25:09.968] 35,1,3
[19:25:09.968] 36,0,2
[19:25:09.968] 37,2,2
[19:25:09.968] 38,1,2
[19:25:09.968] 39,0,2
[19:25:09.968] 40,0,2
[19:25:09.968] 41,0,6
[19:25:09.969] 42,1,5
[19:25:09.969] 43,3,0
[19:25:09.969] 44,1,5
[19:25:09.969] 45,0,2
[19:25:09.969] 46,1,5
[19:25:09.969] 47,0,3
[19:25:09.969] 48,1,0
[19:25:09.969] 49,0,5
[19:25:09.969] 50,4,1
[19:25:09.969] 51,0,3
[19:25:09.969] 52,0,2
[19:25:09.969] 53,1,6
[19:25:09.969] 54,2,4
[19:25:09.969] 55,0,2
[19:25:09.969] 56,1,5
[19:25:09.970] 57,1,6
[19:25:09.970] 58,2,3
[19:25:09.970] 59,3,2
[19:25:09.970] 60,0,2
[19:25:09.970] 61,0,1
[19:25:09.970] 62,0,3
[19:25:09.970] 63,5,3
[19:25:09.971] 64,2,0
[19:25:09.971] 65,0,2
[19:25:09.971] 66,4,0
[19:25:09.971] 67,0,0
[19:25:09.971] 68,2,1
[19:25:09.971] 69,3,2
[19:25:09.971] 70,4,5
[19:25:09.971] 71,0,2
[19:25:09.972] 72,2,1
[19:25:09.972] 73,0,2
[19:25:09.972] 74,1,0
[19:25:09.972] 75,0,2
[19:25:09.972] 76,0,5
[19:25:09.972] 77,1,2
[19:25:09.972] 78,1,5
[19:25:09.972] 79,2,2
[19:25:09.972] 80,0,2
[19:25:09.972] 81,0,6
[19:25:09.972] 82,0,1
[19:25:09.972] 83,0,6
[19:25:09.973] 84,0,33
[19:25:09.973] 85,0,31
[19:25:09.973] 86,0,26
[19:25:09.973] 87,0,9
[19:25:09.973] 88,0,11
[19:25:09.973] 89,0,34
[19:25:09.973] 90,0,26
[19:25:09.973] 91,0,21
[19:25:09.973] 92,23,23
[19:25:09.973] 93,46,18
[19:25:09.973] 94,57,4
[19:25:09.973] 95,62,20
[19:25:09.974] 96,72,33
[19:25:09.974] 97,92,31
[19:25:09.974] 98,127,16
[19:25:09.974] 99,178,9
[19:25:09.974] 100,244,7
[19:25:09.974] 101,297,8
[19:25:09.974] 102,365,2
[19:25:09.974] 103,442,5
[19:25:09.974] 104,517,0
[19:25:09.974] 105,571,0
[19:25:09.974] 106,630,0
[19:25:09.974] 107,653,0
[19:25:09.974] 108,681,0
[19:25:09.974] 109,687,0
[19:25:09.974] 110,658,0
[19:25:09.974] 111,665,0
[19:25:09.974] 112,754,0
[19:25:09.975] 113,864,0
[19:25:09.975] 114,937,0
[19:25:09.975] 115,959,0
[19:25:09.975] 116,932,0
[19:25:09.975] 117,904,0
[19:25:09.975] 118,829,0
[19:25:09.975] 119,727,0
[19:25:09.975] 120,614,0
[19:25:09.975] 121,553,0
[19:25:09.975] 122,524,0
[19:25:09.975] 123,540,0
[19:25:09.975] 124,585,2
[19:25:09.975] 125,630,5
[19:25:09.975] 126,674,0
[19:25:09.975] 127,685,0
[19:25:09.976] 128,692,0
[19:25:09.976] 129,665,2
[19:25:09.976] 130,646,8
[19:25:09.976] 131,633,7
[19:25:09.976] 132,630,2
[19:25:09.976] 133,649,0
[19:25:09.976] 134,655,3
[19:25:09.976] 135,649,8
[19:25:09.976] 136,651,7
[19:25:09.976] 137,630,7
[19:25:09.976] 138,572,4
[19:25:09.976] 139,511,8
[19:25:09.976] 140,447,1
[19:25:09.976] 141,375,9
[19:25:09.977] 142,298,9
[19:25:09.977] 143,265,2
[19:25:09.977] 144,299,0
[19:25:09.977] 145,372,16
[19:25:09.977] 146,441,3
[19:25:09.977] 147,536,0
[19:25:09.977] 148,601,0
[19:25:09.977] 149,633,2
[19:25:09.977] 150,606,0
[19:25:09.977] 151,541,0
[19:25:09.977] 152,436,0
[19:25:09.977] 153,325,8
[19:25:09.977] 154,208,1
[19:25:09.977] 155,99,0
[19:25:09.977] 156,23,3
[19:25:09.978] 157,0,1
[19:25:09.978] 158,0,0
[19:25:09.978] 159,43,0
[19:25:09.978] 160,109,0
[19:25:09.978] 161,169,0
[19:25:09.978] 162,202,0
[19:25:09.978] 163,200,0
[19:25:09.978] 164,199,0
[19:25:09.978] 165,198,0
[19:25:09.978] 166,164,0
[19:25:09.978] 167,155,0
[19:25:09.978] 168,190,0
[19:25:09.978] 169,277,0
[19:25:09.978] 170,368,0
[19:25:09.978] 171,461,0
[19:25:09.978] 172,488,0
[19:25:09.978] 173,486,0
[19:25:09.979] 174,468,0
[19:25:09.979] 175,382,0
[19:25:09.979] 176,292,0
[19:25:09.979] 177,197,0
[19:25:09.979] 178,154,0
[19:25:09.979] 179,143,0
[19:25:09.979] 180,144,2
[19:25:09.979] 181,197,0
[19:25:09.979] 182,249,0
[19:25:09.980] 183,286,0
[19:25:09.980] 184,319,0
[19:25:09.980] 185,328,2
[19:25:09.980] 186,307,10
[19:25:09.980] 187,261,4
[19:25:09.980] 188,203,7
[19:25:09.980] 189,118,26
[19:25:09.980] 190,43,27
[19:25:09.980] 191,0,31
[19:25:09.980] 192,0,23
[19:25:09.980] 193,0,31
[19:25:09.980] 194,0,31
[19:25:09.981] 195,28,26
[19:25:09.981] 196,70,23
[19:25:09.981] 197,93,19
[19:25:09.981] 198,104,26
[19:25:09.981] 199,108,26
[19:25:09.981] [HIT] t=542514 i=0 note=38 vel=20 raw=20 truepeak=638 ch=10 rescues=0 thresh=-1.000 peak=-1.000 mask=-1 decay=-1 decaylen=-1 xfilt=-1.000 xfiltdecay=-1.000 loopt=0 piezodc=-2.0 dchead=19.8 spikerej=572
[19:25:09.981] [SysEx TX] F0 00 7D 00 05 03 00 00 14 14 F7
[19:25:09.981] [SCOPE] input=0 pad_type=0 head_ch=1 rim_ch=0 head_peak=959 rim_peak=34 decision=HEAD samples=200
[19:25:09.981] T,H,R
[19:25:09.981] 0,1,3
[19:25:09.981] 1,0,2
[19:25:09.981] 2,2,2
[19:25:09.981] 3,1,2
[19:25:09.981] 4,0,2
[19:25:09.981] 5,0,2
[19:25:09.981] 6,0,6
[19:25:09.981] 7,1,5
[19:25:09.982] 8,3,0
[19:25:09.982] 9,1,5
[19:25:09.982] 10,0,2
[19:25:09.982] 11,1,5
[19:25:09.982] 12,0,3
[19:25:09.982] 13,1,0
[19:25:09.982] 14,0,5
[19:25:09.982] 15,4,1
[19:25:09.982] 16,0,3
[19:25:09.982] 17,0,2
[19:25:09.982] 18,1,6
[19:25:09.982] 19,2,4
[19:25:09.982] 20,0,2
[19:25:09.982] 21,1,5
[19:25:09.982] 22,1,6
[19:25:09.982] 23,2,3
[19:25:09.983] 24,3,2
[19:25:09.983] 25,0,2
[19:25:09.983] 26,0,1
[19:25:09.983] 27,0,3
[19:25:09.983] 28,5,3
[19:25:09.983] 29,2,0
[19:25:09.983] 30,0,2
[19:25:09.983] 31,4,0
[19:25:09.983] 32,0,0
[19:25:09.983] 33,2,1
[19:25:09.983] 34,3,2
[19:25:09.983] 35,4,5
[19:25:09.983] 36,0,2
[19:25:09.983] 37,2,1
[19:25:09.983] 38,0,2
[19:25:09.984] 39,1,0
[19:25:09.984] 40,0,2
[19:25:09.984] 41,0,5
[19:25:09.984] 42,1,2
[19:25:09.984] 43,1,5
[19:25:09.984] 44,2,2
[19:25:09.984] 45,0,2
[19:25:09.984] 46,0,6
[19:25:09.984] 47,0,1
[19:25:09.984] 48,0,6
[19:25:09.984] 49,0,33
[19:25:09.984] 50,0,31
[19:25:09.984] 51,0,26
[19:25:09.984] 52,0,9
[19:25:09.984] 53,0,11
[19:25:09.984] 54,0,34
[19:25:09.984] 55,0,26
[19:25:09.984] 56,0,21
[19:25:09.984] 57,23,23
[19:25:09.984] 58,46,18
[19:25:09.984] 59,57,4
[19:25:09.984] 60,62,20
[19:25:09.984] 61,72,33
[19:25:09.984] 62,92,31
[19:25:09.984] 63,127,16
[19:25:09.984] 64,178,9
[19:25:09.984] 65,244,7
[19:25:09.985] 66,297,8
[19:25:09.985] 67,365,2
[19:25:09.985] 68,442,5
[19:25:09.985] 69,517,0
[19:25:09.985] 70,571,0
[19:25:09.985] 71,630,0
[19:25:09.985] 72,653,0
[19:25:09.985] 73,681,0
[19:25:09.985] 74,687,0
[19:25:09.985] 75,658,0
[19:25:09.985] 76,665,0
[19:25:09.985] 77,754,0
[19:25:09.986] 78,864,0
[19:25:09.988] 79,937,0
[19:25:09.998] 80,959,0
[19:25:09.998] 81,932,0
[19:25:09.998] 82,904,0
[19:25:09.999] 83,829,0
[19:25:10.003] 84,727,0
[19:25:10.008] 85,614,0
[19:25:10.009] 86,553,0
[19:25:10.014] 87,524,0
[19:25:10.015] 88,540,0
[19:25:10.016] 89,585,2
[19:25:10.029] 90,630,5
[19:25:10.030] 91,674,0
[19:25:10.030] 92,685,0
[19:25:10.031] 93,692,0
[19:25:10.035] 94,665,2
[19:25:10.038] 95,646,8
[19:25:10.041] 96,633,7
[19:25:10.044] 97,630,2
[19:25:10.049] 98,649,0
[19:25:10.051] 99,655,3
[19:25:10.053] 100,649,8
[19:25:10.055] 101,651,7
[19:25:10.061] 102,630,7
[19:25:10.062] 103,572,4
[19:25:10.073] 104,511,8
[19:25:10.073] 105,447,1
[19:25:10.073] 106,375,9
[19:25:10.074] 107,298,9
[19:25:10.081] 108,265,2
[19:25:10.082] 109,299,0
[19:25:10.083] 110,372,16
[19:25:10.085] 111,441,3
[19:25:10.093] 112,536,0
[19:25:10.093] 113,601,0
[19:25:10.094] 114,633,2
[19:25:10.097] 115,606,0
[19:25:10.100] 116,541,0
[19:25:10.103] 117,436,0
[19:25:10.105] 118,325,8
[19:25:10.108] 119,208,1
[19:25:10.111] 120,99,0
[19:25:10.114] 121,23,3
[19:25:10.117] 122,0,1
[19:25:10.120] 123,0,0
[19:25:10.123] 124,43,0
[19:25:10.132] 125,109,0
[19:25:10.133] 126,169,0
[19:25:10.133] 127,202,0
[19:25:10.135] 128,200,0
[19:25:10.138] 129,199,0
[19:25:10.141] 130,198,0
[19:25:10.144] 131,164,0
[19:25:10.147] 132,155,0
[19:25:10.153] 133,190,0
[19:25:10.154] 134,277,0
[19:25:10.156] 135,368,0
[19:25:10.157] 136,461,0
[19:25:10.159] 137,488,0
[19:25:10.164] 138,486,0
[19:25:10.166] 139,468,0
[19:25:10.169] 140,382,0
[19:25:10.172] 141,292,0
[19:25:10.175] 142,197,0
[19:25:10.178] 143,154,0
[19:25:10.180] 144,143,0
[19:25:10.186] 145,144,2
[19:25:10.186] 146,197,0
[19:25:10.188] 147,249,0
[19:25:10.191] 148,286,0
[19:25:10.196] 149,319,0
[19:25:10.197] 150,328,2
[19:25:10.199] 151,307,10
[19:25:10.201] 152,261,4
[19:25:10.205] 153,203,7
[19:25:10.207] 154,118,26
[19:25:10.211] 155,43,27
[19:25:10.213] 156,0,31
[19:25:10.216] 157,0,23
[19:25:10.219] 158,0,31
[19:25:10.222] 159,0,31
[19:25:10.225] 160,28,26
[19:25:10.235] 161,70,23
[19:25:10.235] 162,93,19
[19:25:10.236] 163,104,26
[19:25:10.236] 164,108,26
[19:25:10.242] 165,123,33
[19:25:10.245] 166,122,23
[19:25:10.247] 167,141,27
[19:25:10.252] 168,172,30
[19:25:10.255] 169,210,18
[19:25:10.256] 170,233,19
[19:25:10.258] 171,236,20
[19:25:10.262] 172,204,18
[19:25:10.264] 173,134,21
[19:25:10.267] 174,54,14
[19:25:10.271] 175,4,17
[19:25:10.273] 176,0,20
[19:25:10.275] 177,0,7
[19:25:10.279] 178,0,2
[19:25:10.281] 179,1,0
[19:25:10.286] 180,92,0
[19:25:10.287] 181,166,2
[19:25:10.288] 182,234,0
[19:25:10.297] 183,278,0
[19:25:10.297] 184,302,2
[19:25:10.297] 185,303,2
[19:25:10.299] 186,276,0
[19:25:10.302] 187,237,0
[19:25:10.306] 188,190,3
[19:25:10.308] 189,161,1
[19:25:10.311] 190,137,1
[19:25:10.314] 191,114,0
[19:25:10.317] 192,89,1
[19:25:10.319] 193,46,1
[19:25:10.323] 194,16,0
[19:25:10.328] 195,0,2
[19:25:10.335] 196,0,8
[19:25:10.337] 197,0,6
[19:25:10.338] 198,0,3
[19:25:10.341] 199,0,8
[19:25:10.357] [HIT] t=543131 i=0 note=38 vel=83 raw=83 truepeak=2177 ch=10 rescues=0 thresh=-1.000 peak=-1.000 mask=-1 decay=-1 decaylen=-1 xfilt=-1.000 xfiltdecay=-1.000 loopt=0 piezodc=-42.0 dchead=42.2 spikerej=576
[19:25:10.364] [SysEx TX] F0 00 7D 00 05 03 00 00 53 53 F7
[19:25:10.371] [SCOPE] input=0 pad_type=0 head_ch=1 rim_ch=0 head_peak=2199 rim_peak=86 decision=HEAD samples=200
[19:25:10.372] T,H,R
[19:25:10.372] 0,2,2
[19:25:10.375] 1,5,0
[19:25:10.378] 2,1,0
[19:25:10.381] 3,0,2
[19:25:10.383] 4,2,5
[19:25:10.389] 5,2,0
[19:25:10.389] 6,0,1
[19:25:10.391] 7,2,0
[19:25:10.394] 8,1,0
[19:25:10.399] 9,0,3
[19:25:10.401] 10,1,0
[19:25:10.402] 11,1,1
[19:25:10.404] 12,1,0
[19:25:10.407] 13,9,0
[19:25:10.410] 14,3,0
[19:25:10.413] 15,0,1
[19:25:10.415] 16,0,1
[19:25:10.418] 17,2,0
[19:25:10.421] 18,2,2
[19:25:10.424] 19,3,0
[19:25:10.428] 20,7,4
[19:25:10.430] 21,8,3
[19:25:10.434] 22,0,0
[19:25:10.439] 23,2,1
[19:25:10.439] 24,3,0
[19:25:10.441] 25,4,2
[19:25:10.445] 26,4,0
[19:25:10.447] 27,0,2
[19:25:10.449] 28,3,3
[19:25:10.453] 29,2,3
[19:25:10.461] 30,3,3
[19:25:10.461] 31,0,0
[19:25:10.461] 32,2,0
[19:25:10.463] 33,0,2
[19:25:10.469] 34,0,1
[19:25:10.470] 35,10,2
[19:25:10.472] 36,4,1
[19:25:10.475] 37,2,0
[19:25:10.478] 38,1,0
[19:25:10.481] 39,2,2
[19:25:10.484] 40,2,3
[19:25:10.486] 41,2,2
[19:25:10.491] 42,2,4
[19:25:10.493] 43,2,1
[19:25:10.495] 44,3,4
[19:25:10.497] 45,4,0
[19:25:10.503] 46,5,3
[19:25:10.503] 47,5,2
[19:25:10.504] 48,2,1
[19:25:10.507] 49,6,1
[19:25:10.509] 50,2,3
[19:25:10.513] 51,5,1
[19:25:10.515] 52,2,2
[19:25:10.518] 53,6,2
[19:25:10.521] 54,8,3
[19:25:10.524] 55,2,2
[19:25:10.527] 56,2,2
[19:25:10.529] 57,3,2
[19:25:10.542] 58,6,5
[19:25:10.542] 59,2,3
[19:25:10.543] 60,5,0
[19:25:10.544] 61,3,3
[19:25:10.548] 62,1,4
[19:25:10.551] 63,2,2
[19:25:10.555] 64,0,1
[19:25:10.555] 65,3,0
[19:25:10.563] 66,2,5
[19:25:10.563] 67,2,3
[19:25:10.577] 68,1,2
[19:25:10.578] 69,5,5
[19:25:10.578] 70,4,2
[19:25:10.578] 71,5,0
[19:25:10.583] 72,2,10
[19:25:10.585] 73,3,1
[19:25:10.587] 74,1,2
[19:25:10.591] 75,2,1
[19:25:10.596] 76,4,4
[19:25:10.597] 77,2,2
[19:25:10.598] 78,5,4
[19:25:10.604] 79,2,5
[19:25:10.604] 80,2,3
[19:25:10.606] 81,1,0
[19:25:10.609] 82,2,2
[19:25:10.612] 83,4,2
[19:25:10.614] 84,3,0
[19:25:10.617] 85,0,0
[19:25:10.620] 86,10,0
[19:25:10.623] 87,0,5
[19:25:10.626] 88,0,6
[19:25:10.629] 89,0,0
[19:25:10.632] 90,0,2
[19:25:10.634] 91,0,70
[19:25:10.644] 92,0,73
[19:25:10.644] 93,0,54
[19:25:10.646] 94,0,46
[19:25:10.651] 95,0,24
[19:25:10.652] 96,0,24
[19:25:10.655] 97,0,86
[19:25:10.658] 98,69,71
[19:25:10.666] 99,173,5
[19:25:10.666] 100,249,18
[19:25:10.667] 101,310,36
[19:25:10.671] 102,346,45
[19:25:10.675] 103,377,41
[19:25:10.676] 104,421,26
[19:25:10.678] 105,489,46
[19:25:10.683] 106,610,23
[19:25:10.684] 107,719,0
[19:25:10.685] 108,866,14
[19:25:10.689] 109,1017,30
[19:25:10.692] 110,1182,0
[19:25:10.697] 111,1340,0
[19:25:10.698] 112,1454,0
[19:25:10.700] 113,1515,0
[19:25:10.706] 114,1556,0
[19:25:10.707] 115,1590,0
[19:25:10.708] 116,1586,0
[19:25:10.711] 117,1589,0
[19:25:10.713] 118,1687,0
[19:25:10.717] 119,1860,0
[19:25:10.719] 120,2024,0
[19:25:10.721] 121,2133,0
[19:25:10.724] 122,2199,0
[19:25:10.727] 123,2192,0
[19:25:10.730] 124,2068,0
[19:25:10.732] 125,1849,0
[19:25:10.737] 126,1614,0
[19:25:10.754] 127,1386,0
[19:25:10.754] 128,1214,0
[19:25:10.754] 129,1161,0
[19:25:10.756] 130,1159,0
[19:25:10.759] 131,1210,0
[19:25:10.764] 132,1306,0
[19:25:10.767] 133,1389,0
[19:25:10.769] 134,1419,0
[19:25:10.771] 135,1379,0
[19:25:10.774] 136,1323,3
[19:25:10.777] 137,1313,8
[19:25:10.780] 138,1257,16
[19:25:10.782] 139,1214,6
[19:25:10.785] 140,1193,5
[19:25:10.792] 141,1134,10
[19:25:10.793] 142,1075,20
[19:25:10.795] 143,964,34
[19:25:10.799] 144,871,34
[19:25:10.799] 145,772,39
[19:25:10.801] 146,630,38
[19:25:10.804] 147,492,25
[19:25:10.811] 148,404,16
[19:25:10.812] 149,320,26
[19:25:10.813] 150,281,33
[19:25:10.815] 151,329,42
[19:25:10.820] 152,448,20
[19:25:10.821] 153,620,1
[19:25:10.823] 154,790,0
[19:25:10.825] 155,967,0
[19:25:10.828] 156,1109,0
[19:25:10.831] 157,1164,0
[19:25:10.839] 158,1150,0
[19:25:10.839] 159,1039,0
[19:25:10.839] 160,884,0
[19:25:10.848] 161,671,0
[19:25:10.852] 162,507,2
[19:25:10.854] 163,363,0
[19:25:10.857] 164,239,0
[19:25:10.860] 165,226,0
[19:25:10.863] 166,316,0
[19:25:10.870] 167,460,0
[19:25:10.871] 168,622,0
[19:25:10.872] 169,730,0
[19:25:10.873] 170,780,0
[19:25:10.876] 171,793,0
[19:25:10.880] 172,788,0
[19:25:10.882] 173,793,0
[19:25:10.886] 174,793,0
[19:25:10.887] 175,778,0
[19:25:10.889] 176,775,0
[19:25:10.893] 177,735,0
[19:25:10.896] 178,641,0
[19:25:10.901] 179,528,0
[19:25:10.901] 180,415,0
[19:25:10.903] 181,319,0
[19:25:10.906] 182,207,0
[19:25:10.912] 183,106,0
[19:25:10.913] 184,46,0
[19:25:10.914] 185,40,8
[19:25:10.917] 186,83,14
[19:25:10.919] 187,135,3
[19:25:10.921] 188,173,3
[19:25:10.924] 189,235,11
[19:25:10.927] 190,349,23
[19:25:10.929] 191,453,26
[19:25:10.933] 192,525,31
[19:25:10.936] 193,557,30
[19:25:10.938] 194,525,38
[19:25:10.942] 195,436,65
[19:25:10.956] 196,302,52
[19:25:10.957] 197,177,61
[19:25:10.959] 198,95,73
[19:25:10.963] 199,58,69
[19:25:13.193] [HIT] t=545970 i=0 note=38 vel=15 raw=15 truepeak=533 ch=10 rescues=0 thresh=-1.000 peak=-1.000 mask=-1 decay=-1 decaylen=-1 xfilt=-1.000 xfiltdecay=-1.000 loopt=0 piezodc=50.0 dchead=7.4 spikerej=576
[19:25:13.207] [SysEx TX] F0 00 7D 00 05 03 00 00 0F 0F F7
[19:25:13.210] [SCOPE] input=0 pad_type=0 head_ch=1 rim_ch=0 head_peak=538 rim_peak=26 decision=HEAD samples=200
[19:25:13.212] T,H,R
[19:25:13.216] 0,0,1
[19:25:13.218] 1,4,2
[19:25:13.221] 2,1,4
[19:25:13.225] 3,1,2
[19:25:13.229] 4,0,3
[19:25:13.230] 5,1,1
[19:25:13.232] 6,0,2
[19:25:13.234] 7,4,6
[19:25:13.237] 8,0,2
[19:25:13.240] 9,1,5
[19:25:13.244] 10,1,1
[19:25:13.247] 11,0,2
[19:25:13.250] 12,4,5
[19:25:13.252] 13,0,2
[19:25:13.257] 14,0,5
[19:25:13.257] 15,0,0
[19:25:13.259] 16,4,2
[19:25:13.263] 17,0,2
[19:25:13.267] 18,0,2
[19:25:13.268] 19,1,5
[19:25:13.269] 20,0,2
[19:25:13.273] 21,5,4
[19:25:13.276] 22,2,2
[19:25:13.279] 23,1,2
[19:25:13.281] 24,1,5
[19:25:13.284] 25,1,0
[19:25:13.286] 26,1,0
[19:25:13.289] 27,1,5
[19:25:13.292] 28,0,0
[19:25:13.295] 29,1,7
[19:25:13.305] 30,1,5
[19:25:13.306] 31,1,3
[19:25:13.308] 32,2,4
[19:25:13.308] 33,1,0
[19:25:13.312] 34,4,3
[19:25:13.315] 35,2,3
[19:25:13.318] 36,4,2
[19:25:13.321] 37,0,2
[19:25:13.323] 38,2,5
[19:25:13.328] 39,2,2
[19:25:13.330] 40,2,1
[19:25:13.331] 41,4,2
[19:25:13.334] 42,2,3
[19:25:13.337] 43,1,0
[19:25:13.339] 44,1,5
[19:25:13.342] 45,1,2
[19:25:13.345] 46,2,3
[19:25:13.351] 47,4,2
[19:25:13.352] 48,2,3
[19:25:13.353] 49,2,0
[19:25:13.358] 50,4,2
[19:25:13.359] 51,2,3
[19:25:13.361] 52,5,2
[19:25:13.363] 53,0,2
[19:25:13.371] 54,3,4
[19:25:13.372] 55,2,0
[19:25:13.373] 56,3,5
[19:25:13.377] 57,0,2
[19:25:13.377] 58,6,0
[19:25:13.380] 59,3,4
[19:25:13.383] 60,6,2
[19:25:13.386] 61,2,3
[19:25:13.389] 62,2,5
[19:25:13.391] 63,0,0
[19:25:13.395] 64,2,3
[19:25:13.397] 65,6,0
[19:25:13.409] 66,4,2
[19:25:13.409] 67,3,1
[19:25:13.411] 68,2,0
[19:25:13.412] 69,2,3
[19:25:13.414] 70,5,2
[19:25:13.417] 71,2,3
[19:25:13.419] 72,6,2
[19:25:13.423] 73,2,5
[19:25:13.427] 74,2,4
[19:25:13.428] 75,2,2
[19:25:13.436] 76,5,7
[19:25:13.436] 77,2,2
[19:25:13.437] 78,7,1
[19:25:13.439] 79,0,0
[19:25:13.443] 80,0,7
[19:25:13.447] 81,0,2
[19:25:13.451] 82,0,6
[19:25:13.451] 83,0,25
[19:25:13.453] 84,0,26
[19:25:13.456] 85,0,7
[19:25:13.464] 86,0,18
[19:25:13.464] 87,0,23
[19:25:13.464] 88,0,16
[19:25:13.467] 89,0,9
[19:25:13.471] 90,0,17
[19:25:13.472] 91,0,18
[19:25:13.476] 92,19,8
[19:25:13.480] 93,34,7
[19:25:13.482] 94,38,18
[19:25:13.484] 95,47,10
[19:25:13.486] 96,60,3
[19:25:13.489] 97,84,7
[19:25:13.493] 98,110,9
[19:25:13.495] 99,146,7
[19:25:13.498] 100,181,8
[19:25:13.502] 101,227,3
[19:25:13.515] 102,265,4
[19:25:13.518] 103,284,0
[19:25:13.519] 104,313,0
[19:25:13.521] 105,342,3
[19:25:13.524] 106,367,0
[19:25:13.527] 107,403,0
[19:25:13.530] 108,445,0
[19:25:13.533] 109,500,0
[19:25:13.536] 110,525,0
[19:25:13.538] 111,538,0
[19:25:13.542] 112,507,0
[19:25:13.546] 113,470,0
[19:25:13.547] 114,397,1
[19:25:13.550] 115,337,1
[19:25:13.553] 116,270,0
[19:25:13.556] 117,236,1
[19:25:13.559] 118,206,0
[19:25:13.561] 119,218,0
[19:25:13.567] 120,231,0
[19:25:13.567] 121,236,0
[19:25:13.570] 122,240,2
[19:25:13.574] 123,239,2
[19:25:13.575] 124,246,7
[19:25:13.584] 125,227,3
[19:25:13.585] 126,233,2
[19:25:13.588] 127,255,2
[19:25:13.596] 128,254,7
[19:25:13.596] 129,281,4
[19:25:13.597] 130,293,5
[19:25:13.601] 131,316,7
[19:25:13.624] 132,333,4
[19:25:13.628] 133,350,5
[19:25:13.629] 134,350,4
[19:25:13.671] 135,346,5
[19:25:13.677] 136,313,2
[19:25:13.677] 137,268,6
[19:25:13.678] 138,201,2
[19:25:13.683] 139,139,16
[19:25:13.684] 140,85,6
[19:25:13.689] 141,26,7
[19:25:13.690] 142,0,8
[19:25:13.692] 143,0,7
[19:25:13.695] 144,18,2
[19:25:13.697] 145,57,1
[19:25:13.703] 146,96,0
[19:25:13.704] 147,154,0
[19:25:13.708] 148,187,0
[19:25:13.732] 149,216,0
[19:25:13.732] 150,217,0
[19:25:13.733] 151,192,0
[19:25:13.737] 152,163,0
[19:25:13.739] 153,124,0
[19:25:13.741] 154,86,0
[19:25:13.744] 155,57,0
[19:25:13.747] 156,31,0
[19:25:13.749] 157,26,0
[19:25:13.753] 158,57,0
[19:25:13.756] 159,93,0
[19:25:13.759] 160,128,0
[19:25:13.761] 161,157,0
[19:25:13.764] 162,155,0
[19:25:13.768] 163,177,0
[19:25:13.769] 164,171,0
[19:25:13.772] 165,168,0
[19:25:13.778] 166,167,0
[19:25:13.780] 167,146,0
[19:25:13.780] 168,117,0
[19:25:13.783] 169,99,0
[19:25:13.786] 170,77,0
[19:25:13.789] 171,64,0
[19:25:13.791] 172,47,0
[19:25:13.794] 173,37,0
[19:25:13.797] 174,23,0
[19:25:13.799] 175,29,1
[19:25:13.802] 176,41,1
[19:25:13.805] 177,48,0
[19:25:13.808] 178,79,0
[19:25:13.821] 179,89,0
[19:25:13.822] 180,117,0
[19:25:13.823] 181,126,5
[19:25:13.825] 182,143,9
[19:25:13.828] 183,144,10
[19:25:13.831] 184,122,14
[19:25:13.839] 185,98,10
[19:25:13.840] 186,70,7
[19:25:13.842] 187,49,8
[19:25:13.844] 188,37,14
[19:25:13.845] 189,30,15
[19:25:13.848] 190,33,21
[19:25:13.852] 191,28,4
[19:25:13.853] 192,26,10
[19:25:13.856] 193,22,22
[19:25:13.859] 194,6,17
[19:25:13.864] 195,0,17
[19:25:13.871] 196,0,17
[19:25:13.871] 197,0,14
[19:25:13.873] 198,1,21
[19:25:13.875] 199,10,20
[19:25:14.651] [HIT] t=547428 i=0 note=38 vel=17 raw=17 truepeak=586 ch=10 rescues=0 thresh=-1.000 peak=-1.000 mask=-1 decay=-1 decaylen=-1 xfilt=-1.000 xfiltdecay=-1.000 loopt=0 piezodc=38.0 dchead=6.9 spikerej=576
[19:25:14.660] [SysEx TX] F0 00 7D 00 05 03 00 00 11 11 F7
[19:25:14.663] [SCOPE] input=0 pad_type=0 head_ch=1 rim_ch=0 head_peak=591 rim_peak=33 decision=HEAD samples=200
[19:25:14.666] T,H,R
[19:25:14.669] 0,4,0
[19:25:14.672] 1,0,2
[19:25:14.674] 2,2,5
[19:25:14.677] 3,0,3
[19:25:14.680] 4,1,1
[19:25:14.682] 5,0,0
[19:25:14.686] 6,0,1
[19:25:14.690] 7,0,3
[19:25:14.690] 8,0,5
[19:25:14.694] 9,2,5
[19:25:14.697] 10,1,5
[19:25:14.701] 11,0,2
[19:25:14.702] 12,0,2
[19:25:14.704] 13,1,2
[19:25:14.707] 14,4,0
[19:25:14.710] 15,0,5
[19:25:14.713] 16,2,6
[19:25:14.715] 17,0,5
[19:25:14.717] 18,2,5
[19:25:14.721] 19,0,0
[19:25:14.723] 20,4,0
[19:25:14.726] 21,3,5
[19:25:14.731] 22,0,2
[19:25:14.741] 23,4,1
[19:25:14.744] 24,4,2
[19:25:14.745] 25,1,2
[19:25:14.748] 26,5,2
[19:25:14.751] 27,0,3
[19:25:14.754] 28,0,2
[19:25:14.758] 29,4,2
[19:25:14.761] 30,4,0
[19:25:14.761] 31,1,5
[19:25:14.765] 32,1,0
[19:25:14.767] 33,5,2
[19:25:14.771] 34,1,2
[19:25:14.774] 35,0,2
[19:25:14.776] 36,0,1
[19:25:14.780] 37,0,2
[19:25:14.782] 38,2,2
[19:25:14.784] 39,4,1
[19:25:14.786] 40,4,0
[19:25:14.791] 41,5,2
[19:25:14.793] 42,1,1
[19:25:14.794] 43,0,2
[19:25:14.797] 44,4,2
[19:25:14.802] 45,1,0
[19:25:14.803] 46,4,2
[19:25:14.805] 47,1,5
[19:25:14.808] 48,5,0
[19:25:14.811] 49,1,0
[19:25:14.813] 50,0,0
[19:25:14.816] 51,0,2
[19:25:14.819] 52,0,5
[19:25:14.821] 53,2,5
[19:25:14.827] 54,0,5
[19:25:14.827] 55,6,0
[19:25:14.829] 56,1,2
[19:25:14.833] 57,2,3
[19:25:14.846] 58,1,2
[19:25:14.848] 59,3,7
[19:25:14.849] 60,2,5
[19:25:14.851] 61,0,5
[19:25:14.855] 62,2,3
[19:25:14.858] 63,5,2
[19:25:14.861] 64,1,2
[19:25:14.866] 65,0,2
[19:25:14.867] 66,1,2
[19:25:14.868] 67,2,5
[19:25:14.871] 68,0,1
[19:25:14.875] 69,2,3
[19:25:14.879] 70,5,6
[19:25:14.880] 71,3,5
[19:25:14.882] 72,0,2
[19:25:14.887] 73,3,5
[19:25:14.888] 74,2,2
[19:25:14.895] 75,5,2
[19:25:14.895] 76,2,2
[19:25:14.897] 77,2,4
[19:25:14.899] 78,5,1
[19:25:14.905] 79,3,7
[19:25:14.906] 80,0,2
[19:25:14.907] 81,0,5
[19:25:14.909] 82,0,1
[19:25:14.912] 83,0,20
[19:25:14.915] 84,0,33
[19:25:14.918] 85,0,14
[19:25:14.920] 86,0,10
[19:25:14.923] 87,0,16
[19:25:14.925] 88,0,20
[19:25:14.929] 89,0,8
[19:25:14.933] 90,0,16
[19:25:14.934] 91,0,14
[19:25:14.945] 92,4,7
[19:25:14.946] 93,31,9
[19:25:14.947] 94,41,12
[19:25:14.947] 95,54,12
[19:25:14.951] 96,81,5
[19:25:14.953] 97,94,2
[19:25:14.956] 98,121,8
[19:25:14.959] 99,166,6
[19:25:14.965] 100,201,4
[19:25:14.966] 101,249,3
[19:25:14.967] 102,290,5
[19:25:14.970] 103,316,4
[19:25:14.973] 104,349,0
[19:25:14.976] 105,377,1
[19:25:14.982] 106,406,0
[19:25:14.982] 107,441,0
[19:25:14.983] 108,484,0
[19:25:14.986] 109,541,0
[19:25:14.989] 110,575,0
[19:25:14.992] 111,591,0
[19:25:14.998] 112,588,0
[19:25:14.999] 113,537,0
[19:25:15.000] 114,479,0
[19:25:15.003] 115,397,0
[19:25:15.008] 116,327,2
[19:25:15.009] 117,273,0
[19:25:15.011] 118,243,2
[19:25:15.013] 119,230,0
[19:25:15.016] 120,233,0
[19:25:15.019] 121,243,0
[19:25:15.023] 122,259,0
[19:25:15.024] 123,268,6
[19:25:15.027] 124,253,2
[19:25:15.030] 125,251,3
[19:25:15.033] 126,250,5
[19:25:15.035] 127,265,3
[19:25:15.038] 128,278,2
[19:25:15.050] 129,291,4
[19:25:15.050] 130,314,5
[19:25:15.051] 131,344,2
[19:25:15.054] 132,359,2
[19:25:15.057] 133,370,7
[19:25:15.059] 134,374,2
[19:25:15.065] 135,364,7
[19:25:15.069] 136,329,2
[19:25:15.071] 137,273,1
[19:25:15.071] 138,198,2
[19:25:15.074] 139,124,7
[19:25:15.082] 140,72,10
[19:25:15.082] 141,14,8
[19:25:15.083] 142,0,3
[19:25:15.085] 143,0,17
[19:25:15.088] 144,1,9
[19:25:15.092] 145,45,0
[19:25:15.094] 146,97,0
[19:25:15.100] 147,152,2
[19:25:15.100] 148,201,0
[19:25:15.101] 149,233,0
[19:25:15.104] 150,239,0
[19:25:15.107] 151,235,0
[19:25:15.113] 152,210,0
[19:25:15.114] 153,169,0
[19:25:15.115] 154,137,0
[19:25:15.118] 155,102,0
[19:25:15.120] 156,63,0
[19:25:15.123] 157,54,0
[19:25:15.125] 158,62,0
[19:25:15.129] 159,105,0
[19:25:15.130] 160,142,0
[19:25:15.133] 161,185,0
[19:25:15.136] 162,188,0
[19:25:15.140] 163,213,0
[19:25:15.150] 164,216,0
[19:25:15.150] 165,213,0
[19:25:15.151] 166,192,0
[19:25:15.154] 167,160,0
[19:25:15.156] 168,121,0
[19:25:15.160] 169,82,0
[19:25:15.163] 170,47,0
[19:25:15.169] 171,26,0
[19:25:15.169] 172,14,0
[19:25:15.173] 173,4,0
[19:25:15.174] 174,2,0
[19:25:15.177] 175,5,0
[19:25:15.180] 176,22,1
[19:25:15.183] 177,30,1
[19:25:15.185] 178,61,0
[19:25:15.188] 179,86,0
[19:25:15.190] 180,109,0
[19:25:15.193] 181,128,2
[19:25:15.197] 182,144,5
[19:25:15.201] 183,160,14
[19:25:15.201] 184,153,19
[19:25:15.205] 185,125,21
[19:25:15.207] 186,100,10
[19:25:15.212] 187,72,6
[19:25:15.213] 188,56,14
[19:25:15.214] 189,38,11
[19:25:15.219] 190,26,10
[19:25:15.222] 191,33,10
[19:25:15.224] 192,36,12
[19:25:15.228] 193,31,14
[19:25:15.230] 194,17,20
[19:25:15.232] 195,2,14
[19:25:15.235] 196,0,5
[19:25:15.238] 197,1,16
[19:25:15.241] 198,7,22
[19:25:15.243] 199,23,16
[19:25:15.253] [HIT] t=548027 i=0 note=38 vel=3 raw=3 truepeak=232 ch=10 rescues=0 thresh=-1.000 peak=-1.000 mask=-1 decay=-1 decaylen=-1 xfilt=-1.000 xfiltdecay=-1.000 loopt=0 piezodc=-9.0 dchead=9.4 spikerej=576
[19:25:15.259] [SysEx TX] F0 00 7D 00 05 03 00 00 03 03 F7
[19:25:15.262] [SCOPE] input=0 pad_type=0 head_ch=1 rim_ch=0 head_peak=591 rim_peak=33 decision=HEAD samples=200
[19:25:15.265] T,H,R
[19:25:15.272] 0,5,0
[19:25:15.272] 1,1,0
[19:25:15.273] 2,0,0
[19:25:15.275] 3,0,2
[19:25:15.279] 4,0,5
[19:25:15.281] 5,2,5
[19:25:15.287] 6,0,5
[19:25:15.288] 7,6,0
[19:25:15.290] 8,1,2
[19:25:15.293] 9,2,3
[19:25:15.298] 10,1,2
[19:25:15.299] 11,3,7
[19:25:15.304] 12,2,5
[19:25:15.305] 13,0,5
[19:25:15.307] 14,2,3
[19:25:15.315] 15,5,2
[19:25:15.316] 16,1,2
[19:25:15.317] 17,0,2
[19:25:15.317] 18,1,2
[19:25:15.321] 19,2,5
[19:25:15.324] 20,0,1
[19:25:15.327] 21,2,3
[19:25:15.330] 22,5,6
[19:25:15.332] 23,3,5
[19:25:15.335] 24,0,2
[19:25:15.338] 25,3,5
[19:25:15.343] 26,2,2
[19:25:15.344] 27,5,2
[19:25:15.355] 28,2,2
[19:25:15.356] 29,2,4
[19:25:15.356] 30,5,1
[19:25:15.357] 31,3,7
[19:25:15.361] 32,0,2
[19:25:15.365] 33,0,5
[19:25:15.369] 34,0,1
[19:25:15.373] 35,0,20
[19:25:15.378] 36,0,33
[19:25:15.380] 37,0,14
[19:25:15.380] 38,0,10
[19:25:15.381] 39,0,16
[19:25:15.384] 40,0,20
[19:25:15.389] 41,0,8
[19:25:15.389] 42,0,16
[19:25:15.395] 43,0,14
[19:25:15.396] 44,4,7
[19:25:15.400] 45,31,9
[19:25:15.401] 46,41,12
[19:25:15.406] 47,54,12
[19:25:15.407] 48,81,5
[19:25:15.408] 49,94,2
[19:25:15.412] 50,121,8
[19:25:15.418] 51,166,6
[19:25:15.419] 52,201,4
[19:25:15.419] 53,249,3
[19:25:15.422] 54,290,5
[19:25:15.425] 55,316,4
[19:25:15.428] 56,349,0
[19:25:15.431] 57,377,1
[19:25:15.434] 58,406,0
[19:25:15.436] 59,441,0
[19:25:15.439] 60,484,0
[19:25:15.442] 61,541,0
[19:25:15.445] 62,575,0
[19:25:15.457] 63,591,0
[19:25:15.457] 64,588,0
[19:25:15.458] 65,537,0
[19:25:15.458] 66,479,0
[19:25:15.463] 67,397,0
[19:25:15.465] 68,327,2
[19:25:15.469] 69,273,0
[19:25:15.471] 70,243,2
[19:25:15.480] 71,230,0
[19:25:15.482] 72,233,0
[19:25:15.482] 73,243,0
[19:25:15.483] 74,259,0
[19:25:15.486] 75,268,6
[19:25:15.489] 76,253,2
[19:25:15.492] 77,251,3
[19:25:15.497] 78,250,5
[19:25:15.498] 79,265,3
[19:25:15.499] 80,278,2
[19:25:15.503] 81,291,4
[19:25:15.507] 82,314,5
[19:25:15.512] 83,344,2
[19:25:15.512] 84,359,2
[19:25:15.519] 85,370,7
[19:25:15.519] 86,374,2
[19:25:15.521] 87,364,7
[19:25:15.522] 88,329,2
[19:25:15.525] 89,273,1
[19:25:15.528] 90,198,2
[19:25:15.530] 91,124,7
[19:25:15.533] 92,72,10
[19:25:15.536] 93,14,8
[19:25:15.539] 94,0,3
[19:25:15.541] 95,0,17
[19:25:15.544] 96,1,9
[19:25:15.547] 97,45,0
[19:25:15.550] 98,97,0
[19:25:15.559] 99,152,2
[19:25:15.559] 100,201,0
[19:25:15.560] 101,233,0
[19:25:15.562] 102,239,0
[19:25:15.565] 103,235,0
[19:25:15.568] 104,210,0
[19:25:15.571] 105,169,0
[19:25:15.576] 106,137,0
[19:25:15.578] 107,102,0
[19:25:15.580] 108,63,0
[19:25:15.582] 109,54,0
[19:25:15.585] 110,62,0
[19:25:15.588] 111,105,0
[19:25:15.591] 112,142,0
[19:25:15.593] 113,185,0
[19:25:15.596] 114,188,0
[19:25:15.599] 115,213,0
[19:25:15.603] 116,216,0
[19:25:15.605] 117,213,0
[19:25:15.610] 118,192,0
[19:25:15.612] 119,160,0
[19:25:15.613] 120,121,0
[19:25:15.615] 121,82,0
[19:25:15.621] 122,47,0
[19:25:15.622] 123,26,0
[19:25:15.623] 124,14,0
[19:25:15.626] 125,4,0
[19:25:15.629] 126,2,0
[19:25:15.632] 127,5,0
[19:25:15.635] 128,22,1
[19:25:15.638] 129,30,1
[19:25:15.640] 130,61,0
[19:25:15.643] 131,86,0
[19:25:15.646] 132,109,0
[19:25:15.650] 133,128,2
[19:25:15.657] 134,144,5
[19:25:15.663] 135,160,14
[19:25:15.663] 136,153,19
[19:25:15.664] 137,125,21
[19:25:15.665] 138,100,10
[19:25:15.670] 139,72,6
[19:25:15.672] 140,56,14
[19:25:15.676] 141,38,11
[19:25:15.680] 142,26,10
[19:25:15.681] 143,33,10
[19:25:15.683] 144,36,12
[19:25:15.686] 145,31,14
[19:25:15.688] 146,17,20
[19:25:15.692] 147,2,14
[19:25:15.695] 148,0,5
[19:25:15.698] 149,1,16
[19:25:15.700] 150,7,22
[19:25:15.703] 151,23,16
[19:25:15.706] 152,46,10
[19:25:15.708] 153,92,10
[19:25:15.715] 154,126,7
[19:25:15.716] 155,167,11
[19:25:15.716] 156,197,6
[19:25:15.718] 157,201,0
[19:25:15.725] 158,181,2
[19:25:15.725] 159,140,0
[19:25:15.727] 160,105,8
[19:25:15.730] 161,55,5
[19:25:15.734] 162,10,5
[19:25:15.734] 163,0,10
[19:25:15.737] 164,0,4
[19:25:15.739] 165,0,3
[19:25:15.743] 166,1,5
[19:25:15.746] 167,10,1
[19:25:15.749] 168,31,0
[19:25:15.752] 169,42,0
[19:25:15.754] 170,58,1
[19:25:15.766] 171,62,0
[19:25:15.766] 172,41,0
[19:25:15.766] 173,23,0
[19:25:15.767] 174,0,0
[19:25:15.771] 175,0,1
[19:25:15.774] 176,0,1
[19:25:15.777] 177,0,2
[19:25:15.780] 178,0,2
[19:25:15.783] 179,0,3
[19:25:15.785] 180,0,0
[19:25:15.789] 181,10,1
[19:25:15.791] 182,45,2
[19:25:15.794] 183,79,2
[19:25:15.797] 184,102,2
[19:25:15.799] 185,118,0
[19:25:15.802] 186,132,0
[19:25:15.804] 187,133,0
[19:25:15.807] 188,117,2
[19:25:15.811] 189,98,7
[19:25:15.816] 190,78,10
[19:25:15.817] 191,57,7
[19:25:15.818] 192,30,14
[19:25:15.822] 193,10,16
[19:25:15.828] 194,0,2
[19:25:15.829] 195,0,10
[19:25:15.830] 196,0,7
[19:25:15.832] 197,1,11
[19:25:15.835] 198,2,7
[19:25:15.839] 199,11,1
[19:25:16.667] [HIT] t=549445 i=0 note=38 vel=23 raw=23 truepeak=711 ch=10 rescues=0 thresh=-1.000 peak=-1.000 mask=-1 decay=-1 decaylen=-1 xfilt=-1.000 xfiltdecay=-1.000 loopt=0 piezodc=65.0 dchead=8.0 spikerej=576
[19:25:16.831] [SysEx TX] F0 00 7D 00 05 03 00 00 17 17 F7
[19:25:16.836] [SCOPE] input=0 pad_type=0 head_ch=1 rim_ch=0 head_peak=850 rim_peak=38 decision=HEAD samples=200
[19:25:16.841] T,H,R
[19:25:16.843] 0,1,3
[19:25:16.844] 1,1,5
[19:25:17.032] 2,1,5
[19:25:17.131] 3,2,0
[19:25:17.133] 4,2,3
[19:25:17.135] 5,0,0
[19:25:17.138] 6,2,1
[19:25:17.140] 7,1,0
[19:25:17.143] 8,1,5
[19:25:17.149] 9,0,0
[19:25:17.149] 10,0,2
[19:25:17.150] 11,4,7
[19:25:17.154] 12,0,3
[19:25:17.157] 13,0,0
[19:25:17.163] 14,0,3
[19:25:17.163] 15,0,2
[19:25:17.170] 16,4,5
[19:25:17.172] 17,0,2
[19:25:17.174] 18,0,0
[19:25:17.175] 19,0,2
[19:25:17.180] 20,0,2
[19:25:17.180] 21,1,2
[19:25:17.182] 22,0,2
[19:25:17.185] 23,1,1
[19:25:17.204] 24,0,5
[19:25:17.204] 25,0,0
[19:25:17.205] 26,0,2
[19:25:17.217] 27,4,5
[19:25:17.220] 28,0,1
[19:25:17.222] 29,1,0
[19:25:17.227] 30,0,1
[19:25:17.228] 31,0,2
[19:25:17.231] 32,4,1
[19:25:17.234] 33,0,4
[19:25:17.235] 34,1,5
[19:25:17.238] 35,0,2
[19:25:17.241] 36,2,0
[19:25:17.244] 37,1,4
[19:25:17.251] 38,1,1
[19:25:17.251] 39,1,5
[19:25:17.253] 40,0,0
[19:25:17.259] 41,2,1
[19:25:17.261] 42,1,0
[19:25:17.262] 43,1,5
[19:25:17.264] 44,0,1
[19:25:17.267] 45,3,1
[19:25:17.270] 46,0,2
[19:25:17.272] 47,1,1
[19:25:17.275] 48,1,2
[19:25:17.278] 49,1,4
[19:25:17.280] 50,2,6
[19:25:17.283] 51,1,5
[19:25:17.286] 52,1,2
[19:25:17.289] 53,0,1
[19:25:17.313] 54,4,2
[19:25:17.324] 55,0,2
[19:25:17.325] 56,0,3
[19:25:17.327] 57,1,5
[19:25:17.328] 58,0,2
[19:25:17.330] 59,2,3
[19:25:17.331] 60,2,5
[19:25:17.335] 61,4,1
[19:25:17.338] 62,1,2
[19:25:17.340] 63,0,3
[19:25:17.343] 64,3,5
[19:25:17.346] 65,5,2
[19:25:17.351] 66,1,5
[19:25:17.352] 67,2,0
[19:25:17.354] 68,0,2
[19:25:17.356] 69,3,5
[19:25:17.362] 70,3,5
[19:25:17.364] 71,4,2
[19:25:17.365] 72,1,4
[19:25:17.367] 73,5,7
[19:25:17.370] 74,5,1
[19:25:17.373] 75,0,2
[19:25:17.375] 76,5,2
[19:25:17.378] 77,2,0
[19:25:17.381] 78,2,3
[19:25:17.383] 79,5,7
[19:25:17.387] 80,2,0
[19:25:17.389] 81,10,0
[19:25:17.394] 82,0,2
[19:25:17.428] 83,0,8
[19:25:17.429] 84,0,0
[19:25:17.436] 85,0,7
[19:25:17.440] 86,0,38
[19:25:17.441] 87,0,27
[19:25:17.444] 88,0,12
[19:25:17.447] 89,0,29
[19:25:17.449] 90,0,23
[19:25:17.453] 91,0,6
[19:25:17.457] 92,0,16
[19:25:17.458] 93,0,25
[19:25:17.468] 94,33,10
[19:25:17.468] 95,81,7
[19:25:17.468] 96,100,10
[19:25:17.468] 97,111,18
[19:25:17.472] 98,137,10
[19:25:17.475] 99,150,7
[19:25:17.477] 100,180,8
[19:25:17.480] 101,227,4
[19:25:17.484] 102,276,7
[19:25:17.485] 103,335,10
[19:25:17.488] 104,393,2
[19:25:17.491] 105,429,0
[19:25:17.494] 106,466,1
[19:25:17.512] 107,505,0
[19:25:17.513] 108,548,0
[19:25:17.514] 109,585,0
[19:25:17.529] 110,638,0
[19:25:17.532] 111,715,0
[19:25:17.534] 112,793,0
[19:25:17.539] 113,831,0
[19:25:17.541] 114,850,0
[19:25:17.544] 115,820,0
[19:25:17.548] 116,743,0
[19:25:17.549] 117,644,0
[19:25:17.552] 118,545,0
[19:25:17.556] 119,458,0
[19:25:17.557] 120,406,0
[19:25:17.559] 121,374,0
[19:25:17.564] 122,361,0
[19:25:17.568] 123,382,0
[19:25:17.570] 124,399,0
[19:25:17.571] 125,400,0
[19:25:17.573] 126,412,5
[19:25:17.577] 127,397,2
[19:25:17.580] 128,390,1
[19:25:17.581] 129,384,4
[19:25:17.584] 130,413,2
[19:25:17.587] 131,436,9
[19:25:17.589] 132,463,7
[19:25:17.593] 133,480,4
[19:25:17.596] 134,499,9
[19:25:17.631] 135,506,16
[19:25:17.631] 136,527,7
[19:25:17.632] 137,492,7
[19:25:17.633] 138,432,10
[19:25:17.635] 139,361,3
[19:25:17.637] 140,265,4
[19:25:17.642] 141,164,21
[19:25:17.644] 142,73,14
[19:25:17.647] 143,17,21
[19:25:17.651] 144,0,12
[19:25:17.652] 145,0,14
[19:25:17.655] 146,0,16
[19:25:17.661] 147,42,2
[19:25:17.662] 148,112,0
[19:25:17.663] 149,187,8
[19:25:17.666] 150,269,0
[19:25:17.672] 151,324,0
[19:25:17.672] 152,350,0
[19:25:17.673] 153,356,0
[19:25:17.676] 154,340,0
[19:25:17.683] 155,294,0
[19:25:17.684] 156,246,0
[19:25:17.685] 157,187,0
[19:25:17.687] 158,155,0
[19:25:17.691] 159,121,0
[19:25:17.694] 160,118,0
[19:25:17.696] 161,154,0
[19:25:17.720] 162,217,0
[19:25:17.730] 163,271,0
[19:25:17.731] 164,313,0
[19:25:17.734] 165,328,0
[19:25:17.734] 166,345,0
[19:25:17.736] 167,350,0
[19:25:17.739] 168,326,0
[19:25:17.743] 169,274,0
[19:25:17.745] 170,219,0
[19:25:17.748] 171,149,0
[19:25:17.750] 172,89,0
[19:25:17.753] 173,46,0
[19:25:17.757] 174,22,0
[19:25:17.762] 175,20,0
[19:25:17.764] 176,6,0
[19:25:17.765] 177,7,0
[19:25:17.768] 178,17,0
[19:25:17.773] 179,23,0
[19:25:17.775] 180,53,0
[19:25:17.775] 181,70,8
[19:25:17.779] 182,93,0
[19:25:17.783] 183,138,2
[19:25:17.784] 184,168,7
[19:25:17.786] 185,200,12
[19:25:17.789] 186,205,12
[19:25:17.793] 187,187,22
[19:25:17.796] 188,150,24
[19:25:17.798] 189,110,20
[19:25:17.823] 190,86,27
[19:25:17.823] 191,68,26
[19:25:17.824] 192,52,15
[19:25:17.833] 193,59,11
[19:25:17.834] 194,59,16
[19:25:17.836] 195,75,17
[19:25:17.839] 196,62,20
[19:25:17.842] 197,55,19
[19:25:17.845] 198,30,25
[19:25:17.848] 199,26,23
[19:25:17.854] [HIT] t=550632 i=0 note=38 vel=8 raw=8 truepeak=348 ch=10 rescues=0 thresh=-1.000 peak=-1.000 mask=-1 decay=-1 decaylen=-1 xfilt=-1.000 xfiltdecay=-1.000 loopt=0 piezodc=-10.0 dchead=12.5 spikerej=576
[19:25:17.863] [SysEx TX] F0 00 7D 00 05 03 00 00 08 08 F7
[19:25:17.867] [SCOPE] input=0 pad_type=0 head_ch=1 rim_ch=0 head_peak=850 rim_peak=38 decision=HEAD samples=200
[19:25:17.869] T,H,R
[19:25:17.877] 0,1,4
[19:25:17.878] 1,2,6
[19:25:17.878] 2,1,5
[19:25:17.879] 3,1,2
[19:25:17.883] 4,0,1
[19:25:17.886] 5,4,2
[19:25:17.889] 6,0,2
[19:25:17.892] 7,0,3
[19:25:17.895] 8,1,5
[19:25:17.897] 9,0,2
[19:25:17.901] 10,2,3
[19:25:17.939] 11,2,5
[19:25:17.939] 12,4,1
[19:25:17.941] 13,1,2
[19:25:17.943] 14,0,3
[19:25:17.947] 15,3,5
[19:25:17.949] 16,5,2
[19:25:17.951] 17,1,5
[19:25:17.954] 18,2,0
[19:25:17.962] 19,0,2
[19:25:17.963] 20,3,5
[19:25:17.964] 21,3,5
[19:25:17.965] 22,4,2
[19:25:17.968] 23,1,4
[19:25:17.971] 24,5,7
[19:25:17.979] 25,5,1
[19:25:17.979] 26,0,2
[19:25:17.980] 27,5,2
[19:25:17.981] 28,2,0
[19:25:17.984] 29,2,3
[19:25:17.986] 30,5,7
[19:25:17.989] 31,2,0
[19:25:17.993] 32,10,0
[19:25:17.996] 33,0,2
[19:25:17.998] 34,0,8
[19:25:18.001] 35,0,0
[19:25:18.028] 36,0,7
[19:25:18.029] 37,0,38
[19:25:18.029] 38,0,27
[19:25:18.032] 39,0,12
[19:25:18.047] 40,0,29
[19:25:18.047] 41,0,23
[19:25:18.048] 42,0,6
[19:25:18.049] 43,0,16
[19:25:18.053] 44,0,25
[19:25:18.055] 45,33,10
[19:25:18.058] 46,81,7
[19:25:18.062] 47,100,10
[19:25:18.064] 48,111,18
[19:25:18.068] 49,137,10
[19:25:18.069] 50,150,7
[19:25:18.072] 51,180,8
[19:25:18.075] 52,227,4
[19:25:18.080] 53,276,7
[19:25:18.080] 54,335,10
[19:25:18.082] 55,393,2
[19:25:18.084] 56,429,0
[19:25:18.087] 57,466,1
[19:25:18.090] 58,505,0
[19:25:18.094] 59,548,0
[19:25:18.097] 60,585,0
[19:25:18.099] 61,638,0
[19:25:18.102] 62,715,0
[19:25:18.132] 63,793,0
[19:25:18.132] 64,831,0
[19:25:18.132] 65,850,0
[19:25:18.134] 66,820,0
[19:25:18.139] 67,743,0
[19:25:18.141] 68,644,0
[19:25:18.144] 69,545,0
[19:25:18.146] 70,458,0
[19:25:18.149] 71,406,0
[19:25:18.152] 72,374,0
[19:25:18.155] 73,361,0
[19:25:18.159] 74,382,0
[19:25:18.162] 75,399,0
[19:25:18.163] 76,400,0
[19:25:18.166] 77,412,5
[19:25:18.171] 78,397,2
[19:25:18.172] 79,390,1
[19:25:18.173] 80,384,4
[19:25:18.176] 81,413,2
[19:25:18.183] 82,436,9
[19:25:18.184] 83,463,7
[19:25:18.185] 84,480,4
[19:25:18.188] 85,499,9
[19:25:18.189] 86,506,16
[19:25:18.192] 87,527,7
[19:25:18.196] 88,492,7
[19:25:18.198] 89,432,10
[19:25:18.201] 90,361,3
[19:25:18.204] 91,265,4
[19:25:18.206] 92,164,21
[19:25:18.209] 93,73,14
[19:25:18.222] 94,17,21
[19:25:18.222] 95,0,12
[19:25:18.224] 96,0,14
[19:25:18.225] 97,0,16
[19:25:18.228] 98,42,2
[19:25:18.231] 99,112,0
[19:25:18.237] 100,187,8
[19:25:18.237] 101,269,0
[19:25:18.243] 102,324,0
[19:25:18.243] 103,350,0
[19:25:18.245] 104,356,0
[19:25:18.247] 105,340,0
[19:25:18.249] 106,294,0
[19:25:18.255] 107,246,0
[19:25:18.256] 108,187,0
[19:25:18.260] 109,155,0
[19:25:18.261] 110,121,0
[19:25:18.264] 111,118,0
[19:25:18.267] 112,154,0
[19:25:18.270] 113,217,0
[19:25:18.276] 114,271,0
[19:25:18.277] 115,313,0
[19:25:18.279] 116,328,0
[19:25:18.280] 117,345,0
[19:25:18.285] 118,350,0
[19:25:18.287] 119,326,0
[19:25:18.288] 120,274,0
[19:25:18.291] 121,219,0
[19:25:18.295] 122,149,0
[19:25:18.296] 123,89,0
[19:25:18.299] 124,46,0
[19:25:18.302] 125,22,0
[19:25:18.305] 126,20,0
[19:25:18.307] 127,6,0
[19:25:18.311] 128,7,0
[19:25:18.314] 129,17,0
[19:25:18.324] 130,23,0
[19:25:18.325] 131,53,0
[19:25:18.327] 132,70,8
[19:25:18.327] 133,93,0
[19:25:18.331] 134,138,2
[19:25:18.334] 135,168,7
[19:25:18.336] 136,200,12
[19:25:18.341] 137,205,12
[19:25:18.345] 138,187,22
[19:25:18.345] 139,150,24
[19:25:18.348] 140,110,20
[19:25:18.350] 141,86,27
[19:25:18.353] 142,68,26
[19:25:18.355] 143,52,15
[19:25:18.358] 144,59,11
[19:25:18.363] 145,59,16
[19:25:18.365] 146,75,17
[19:25:18.367] 147,62,20
[19:25:18.370] 148,55,19
[19:25:18.377] 149,30,25
[19:25:18.378] 150,26,23
[19:25:18.379] 151,35,26
[19:25:18.380] 152,56,16
[19:25:18.386] 153,100,19
[19:25:18.387] 154,153,17
[19:25:18.388] 155,205,10
[19:25:18.391] 156,263,11
[19:25:18.394] 157,294,9
[19:25:18.397] 158,299,4
[19:25:18.400] 159,289,3
[19:25:18.402] 160,224,2
[19:25:18.405] 161,169,2
[19:25:18.408] 162,93,4
[19:25:18.411] 163,28,5
[19:25:18.414] 164,0,0
[19:25:18.417] 165,0,3
[19:25:18.426] 166,0,6
[19:25:18.426] 167,0,3
[19:25:18.427] 168,0,2
[19:25:18.429] 169,14,2
[19:25:18.432] 170,41,0
[19:25:18.436] 171,44,1
[19:25:18.439] 172,57,0
[19:25:18.443] 173,38,0
[19:25:18.446] 174,8,2
[19:25:18.450] 175,0,2
[19:25:18.450] 176,0,3
[19:25:18.453] 177,0,0
[19:25:18.456] 178,0,2
[19:25:18.461] 179,0,2
[19:25:18.462] 180,0,2
[19:25:18.465] 181,0,0
[19:25:18.470] 182,14,0
[19:25:18.471] 183,60,1
[19:25:18.473] 184,118,3
[19:25:18.480] 185,161,0
[19:25:18.481] 186,184,2
[19:25:18.482] 187,208,8
[19:25:18.483] 188,205,0
[19:25:18.487] 189,197,2
[19:25:18.491] 190,180,3
[19:25:18.491] 191,154,10
[19:25:18.494] 192,121,8
[19:25:18.496] 193,93,8
[19:25:18.500] 194,68,10
[19:25:18.503] 195,33,8
[19:25:18.506] 196,20,8
[19:25:18.509] 197,21,10
[19:25:18.512] 198,26,8
[19:25:18.514] 199,35,9
[19:25:19.763] [HIT] t=552532 i=0 note=38 vel=26 raw=26 truepeak=794 ch=10 rescues=0 thresh=-1.000 peak=-1.000 mask=-1 decay=-1 decaylen=-1 xfilt=-1.000 xfiltdecay=-1.000 loopt=0 piezodc=787.0 dchead=10.5 spikerej=576
[19:25:19.771] [SysEx TX] F0 00 7D 00 05 03 00 00 1A 1A F7
[19:25:19.776] [SCOPE] input=0 pad_type=0 head_ch=1 rim_ch=0 head_peak=1407 rim_peak=65 decision=HEAD samples=200
[19:25:19.779] T,H,R
[19:25:19.780] 0,0,0
[19:25:19.785] 1,5,5
[19:25:19.788] 2,2,0
[19:25:19.790] 3,2,2
[19:25:19.793] 4,2,1
[19:25:19.796] 5,4,7
[19:25:19.799] 6,1,0
[19:25:19.814] 7,2,3
[19:25:19.815] 8,1,3
[19:25:19.815] 9,4,2
[19:25:19.820] 10,0,0
[19:25:19.823] 11,2,5
[19:25:19.826] 12,3,4
[19:25:19.829] 13,6,2
[19:25:19.831] 14,0,2
[19:25:19.834] 15,3,5
[19:25:19.837] 16,1,2
[19:25:19.839] 17,5,4
[19:25:19.844] 18,3,5
[19:25:19.846] 19,5,0
[19:25:19.850] 20,0,0
[19:25:19.852] 21,2,5
[19:25:19.863] 22,5,7
[19:25:19.864] 23,1,2
[19:25:19.866] 24,2,2
[19:25:19.867] 25,2,2
[19:25:19.870] 26,2,3
[19:25:19.873] 27,5,2
[19:25:19.877] 28,1,0
[19:25:19.881] 29,2,3
[19:25:19.884] 30,3,7
[19:25:19.884] 31,5,2
[19:25:19.887] 32,3,2
[19:25:19.889] 33,2,2
[19:25:19.893] 34,2,2
[19:25:19.895] 35,3,5
[19:25:19.898] 36,5,5
[19:25:19.902] 37,2,2
[19:25:19.904] 38,2,5
[19:25:19.907] 39,5,2
[19:25:19.912] 40,2,2
[19:25:19.913] 41,2,2
[19:25:19.914] 42,2,3
[19:25:19.916] 43,5,5
[19:25:19.921] 44,5,6
[19:25:19.923] 45,2,2
[19:25:19.925] 46,3,5
[19:25:19.929] 47,5,2
[19:25:19.930] 48,2,2
[19:25:19.933] 49,3,2
[19:25:19.936] 50,2,2
[19:25:19.939] 51,2,5
[19:25:19.941] 52,3,5
[19:25:19.945] 53,1,2
[19:25:19.948] 54,6,2
[19:25:19.951] 55,2,3
[19:25:19.954] 56,2,5
[19:25:19.968] 57,0,2
[19:25:19.969] 58,2,3
[19:25:19.969] 59,2,3
[19:25:19.972] 60,3,5
[19:25:19.975] 61,5,2
[19:25:19.978] 62,4,2
[19:25:19.984] 63,4,4
[19:25:19.986] 64,3,2
[19:25:19.986] 65,3,7
[19:25:19.988] 66,4,2
[19:25:19.991] 67,4,2
[19:25:19.995] 68,5,2
[19:25:19.997] 69,6,2
[19:25:20.000] 70,2,3
[19:25:20.002] 71,3,5
[19:25:20.007] 72,1,2
[19:25:20.008] 73,1,5
[19:25:20.011] 74,4,1
[19:25:20.016] 75,6,2
[19:25:20.016] 76,2,1
[19:25:20.019] 77,2,8
[19:25:20.025] 78,2,4
[19:25:20.026] 79,2,0
[19:25:20.026] 80,4,3
[19:25:20.029] 81,2,7
[19:25:20.033] 82,2,1
[19:25:20.035] 83,2,1
[19:25:20.037] 84,0,4
[19:25:20.041] 85,2,5
[19:25:20.046] 86,7,6
[19:25:20.047] 87,0,2
[19:25:20.052] 88,0,10
[19:25:20.052] 89,0,1
[19:25:20.055] 90,0,20
[19:25:20.065] 91,0,65
[19:25:20.065] 92,0,40
[19:25:20.067] 93,0,15
[19:25:20.067] 94,0,43
[19:25:20.070] 95,0,36
[19:25:20.074] 96,0,10
[19:25:20.076] 97,0,23
[19:25:20.079] 98,51,30
[19:25:20.088] 99,127,19
[19:25:20.088] 100,201,17
[19:25:20.088] 101,246,19
[19:25:20.089] 102,269,31
[19:25:20.093] 103,307,17
[19:25:20.096] 104,342,9
[19:25:20.100] 105,394,20
[19:25:20.101] 106,472,8
[19:25:20.104] 107,557,5
[19:25:20.107] 108,638,9
[19:25:20.109] 109,732,4
[19:25:20.112] 110,798,0
[19:25:20.117] 111,847,0
[19:25:20.117] 112,893,2
[19:25:20.119] 113,944,0
[19:25:20.122] 114,985,0
[19:25:20.129] 115,1065,0
[19:25:20.129] 116,1177,0
[19:25:20.131] 117,1295,0
[19:25:20.133] 118,1374,0
[19:25:20.135] 119,1407,0
[19:25:20.138] 120,1384,0
[19:25:20.142] 121,1262,0
[19:25:20.145] 122,1121,0
[19:25:20.147] 123,955,0
[19:25:20.150] 124,813,0
[19:25:20.154] 125,721,0
[19:25:20.155] 126,662,0
[19:25:20.158] 127,646,0
[19:25:20.166] 128,646,0
[19:25:20.167] 129,670,0
[19:25:20.168] 130,692,0
[19:25:20.172] 131,694,0
[19:25:20.174] 132,676,2
[19:25:20.178] 133,649,0
[19:25:20.180] 134,639,3
[19:25:20.183] 135,651,7
[19:25:20.194] 136,675,5
[19:25:20.194] 137,700,10
[19:25:20.196] 138,744,8
[19:25:20.197] 139,776,12
[19:25:20.198] 140,802,7
[19:25:20.202] 141,798,10
[19:25:20.205] 142,742,11
[19:25:20.206] 143,616,9
[19:25:20.209] 144,473,21
[19:25:20.212] 145,327,26
[19:25:20.215] 146,172,31
[19:25:20.219] 147,54,19
[19:25:20.220] 148,0,21
[19:25:20.222] 149,0,7
[19:25:20.226] 150,0,10
[19:25:20.232] 151,51,10
[19:25:20.234] 152,148,4
[19:25:20.235] 153,261,0
[19:25:20.236] 154,379,0
[19:25:20.239] 155,494,0
[19:25:20.242] 156,596,0
[19:25:20.246] 157,649,0
[19:25:20.248] 158,646,0
[19:25:20.251] 159,614,0
[19:25:20.254] 160,564,0
[19:25:20.256] 161,492,0
[19:25:20.259] 162,406,0
[19:25:20.265] 163,337,0
[19:25:20.270] 164,281,0
[19:25:20.270] 165,265,0
[19:25:20.272] 166,314,0
[19:25:20.275] 167,398,0
[19:25:20.278] 168,473,0
[19:25:20.283] 169,525,0
[19:25:20.284] 170,556,0
[19:25:20.292] 171,600,0
[19:25:20.292] 172,598,0
[19:25:20.293] 173,534,0
[19:25:20.295] 174,429,0
[19:25:20.298] 175,318,0
[19:25:20.301] 176,183,0
[19:25:20.303] 177,75,0
[19:25:20.306] 178,2,0
[19:25:20.309] 179,0,0
[19:25:20.311] 180,0,3
[19:25:20.314] 181,0,1
[19:25:20.317] 182,2,0
[19:25:20.321] 183,31,0
[19:25:20.322] 184,61,1
[19:25:20.325] 185,89,3
[19:25:20.328] 186,112,10
[19:25:20.331] 187,142,16
[19:25:20.333] 188,201,12
[19:25:20.338] 189,265,25
[19:25:20.339] 190,313,36
[19:25:20.341] 191,336,29
[19:25:20.344] 192,338,42
[19:25:20.347] 193,304,41
[19:25:20.349] 194,254,41
[19:25:20.352] 195,201,38
[19:25:20.354] 196,146,38
[19:25:20.357] 197,124,31
[19:25:20.360] 198,128,30
[19:25:20.363] 199,150,36
[19:25:20.374] [HIT] t=553147 i=0 note=38 vel=23 raw=23 truepeak=731 ch=10 rescues=0 thresh=-1.000 peak=-1.000 mask=-1 decay=-1 decaylen=-1 xfilt=-1.000 xfiltdecay=-1.000 loopt=0 piezodc=43.0 dchead=20.5 spikerej=576
[19:25:20.380] [SysEx TX] F0 00 7D 00 05 03 00 00 17 17 F7
[19:25:20.383] [SCOPE] input=0 pad_type=0 head_ch=1 rim_ch=0 head_peak=1407 rim_peak=65 decision=HEAD samples=200
[19:25:20.386] T,H,R
[19:25:20.390] 0,2,3
[19:25:20.395] 1,5,5
[19:25:20.396] 2,5,6
[19:25:20.397] 3,2,2
[19:25:20.400] 4,3,5
[19:25:20.403] 5,5,2
[19:25:20.406] 6,2,2
[19:25:20.409] 7,3,2
[19:25:20.412] 8,2,2
[19:25:20.415] 9,2,5
[19:25:20.420] 10,3,5
[19:25:20.424] 11,1,2
[19:25:20.424] 12,6,2
[19:25:20.425] 13,2,3
[19:25:20.429] 14,2,5
[19:25:20.433] 15,0,2
[19:25:20.435] 16,2,3
[19:25:20.437] 17,2,3
[19:25:20.439] 18,3,5
[19:25:20.444] 19,5,2
[19:25:20.445] 20,4,2
[19:25:20.449] 21,4,4
[19:25:20.451] 22,3,2
[19:25:20.454] 23,3,7
[19:25:20.457] 24,4,2
[19:25:20.463] 25,4,2
[19:25:20.464] 26,5,2
[19:25:20.466] 27,6,2
[19:25:20.474] 28,2,3
[19:25:20.475] 29,3,5
[19:25:20.476] 30,1,2
[19:25:20.478] 31,1,5
[19:25:20.481] 32,4,1
[19:25:20.484] 33,6,2
[19:25:20.486] 34,2,1
[19:25:20.491] 35,2,8
[19:25:20.497] 36,2,4
[19:25:20.498] 37,2,0
[19:25:20.499] 38,4,3
[19:25:20.500] 39,2,7
[19:25:20.503] 40,2,1
[19:25:20.506] 41,2,1
[19:25:20.509] 42,0,4
[19:25:20.512] 43,2,5
[19:25:20.515] 44,7,6
[19:25:20.521] 45,0,2
[19:25:20.522] 46,0,10
[19:25:20.523] 47,0,1
[19:25:20.527] 48,0,20
[19:25:20.529] 49,0,65
[19:25:20.531] 50,0,40
[19:25:20.537] 51,0,15
[19:25:20.538] 52,0,43
[19:25:20.539] 53,0,36
[19:25:20.542] 54,0,10
[19:25:20.545] 55,0,23
[19:25:20.549] 56,51,30
[19:25:20.551] 57,127,19
[19:25:20.553] 58,201,17
[19:25:20.557] 59,246,19
[19:25:20.559] 60,269,31
[19:25:20.562] 61,307,17
[19:25:20.565] 62,342,9
[19:25:20.568] 63,394,20
[19:25:20.578] 64,472,8
[19:25:20.579] 65,557,5
[19:25:20.579] 66,638,9
[19:25:20.581] 67,732,4
[19:25:20.584] 68,798,0
[19:25:20.588] 69,847,0
[19:25:20.591] 70,893,2
[19:25:20.599] 71,944,0
[19:25:20.599] 72,985,0
[19:25:20.601] 73,1065,0
[19:25:20.602] 74,1177,0
[19:25:20.606] 75,1295,0
[19:25:20.608] 76,1374,0
[19:25:20.612] 77,1407,0
[19:25:20.614] 78,1384,0
[19:25:20.618] 79,1262,0
[19:25:20.620] 80,1121,0
[19:25:20.623] 81,955,0
[19:25:20.629] 82,813,0
[19:25:20.632] 83,721,0
[19:25:20.632] 84,662,0
[19:25:20.633] 85,646,0
[19:25:20.641] 86,646,0
[19:25:20.641] 87,670,0
[19:25:20.642] 88,692,0
[19:25:20.643] 89,694,0
[19:25:20.648] 90,676,2
[19:25:20.649] 91,649,0
[19:25:20.652] 92,639,3
[19:25:20.654] 93,651,7
[19:25:20.657] 94,675,5
[19:25:20.661] 95,700,10
[19:25:20.663] 96,744,8
[19:25:20.666] 97,776,12
[19:25:20.670] 98,802,7
[19:25:20.676] 99,798,10
[19:25:20.679] 100,742,11
[19:25:20.681] 101,616,9
[19:25:20.682] 102,473,21
[19:25:20.685] 103,327,26
[19:25:20.688] 104,172,31
[19:25:20.691] 105,54,19
[19:25:20.694] 106,0,21
[19:25:20.698] 107,0,7
[19:25:20.700] 108,0,10
[19:25:20.701] 109,51,10
[19:25:20.704] 110,148,4
[19:25:20.707] 111,261,0
[19:25:20.710] 112,379,0
[19:25:20.713] 113,494,0
[19:25:20.716] 114,596,0
[19:25:20.719] 115,649,0
[19:25:20.722] 116,646,0
[19:25:20.725] 117,614,0
[19:25:20.728] 118,564,0
[19:25:20.732] 119,492,0
[19:25:20.732] 120,406,0
[19:25:20.735] 121,337,0
[19:25:20.738] 122,281,0
[19:25:20.744] 123,265,0
[19:25:20.745] 124,314,0
[19:25:20.747] 125,398,0
[19:25:20.749] 126,473,0
[19:25:20.752] 127,525,0
[19:25:20.755] 128,556,0
[19:25:20.758] 129,600,0
[19:25:20.761] 130,598,0
[19:25:20.764] 131,534,0
[19:25:20.766] 132,429,0
[19:25:20.769] 133,318,0
[19:25:20.782] 134,183,0
[19:25:20.782] 135,75,0
[19:25:20.783] 136,2,0
[19:25:20.783] 137,0,0
[19:25:20.788] 138,0,3
[19:25:20.791] 139,0,1
[19:25:20.794] 140,2,0
[19:25:20.796] 141,31,0
[19:25:20.799] 142,61,1
[19:25:20.802] 143,89,3
[19:25:20.807] 144,112,10
[19:25:20.807] 145,142,16
[19:25:20.809] 146,201,12
[19:25:20.813] 147,265,25
[19:25:20.816] 148,313,36
[19:25:20.818] 149,336,29
[19:25:20.821] 150,338,42
[19:25:20.824] 151,304,41
[19:25:20.828] 152,254,41
[19:25:20.830] 153,201,38
[19:25:20.834] 154,146,38
[19:25:20.834] 155,124,31
[19:25:20.837] 156,128,30
[19:25:20.839] 157,150,36
[19:25:20.847] 158,169,26
[19:25:20.847] 159,169,31
[19:25:20.848] 160,159,38
[19:25:20.850] 161,148,39
[19:25:20.853] 162,112,38
[19:25:20.856] 163,139,34
[19:25:20.859] 164,180,38
[19:25:20.862] 165,243,24
[19:25:20.865] 166,327,19
[19:25:20.867] 167,407,21
[19:25:20.871] 168,463,21
[19:25:20.875] 169,492,2
[19:25:20.887] 170,477,2
[19:25:20.889] 171,441,8
[19:25:20.891] 172,356,3
[19:25:20.894] 173,231,10
[19:25:20.897] 174,88,1
[19:25:20.902] 175,0,7
[19:25:20.905] 176,0,16
[19:25:20.905] 177,0,2
[19:25:20.908] 178,0,4
[19:25:20.911] 179,0,8
[19:25:20.914] 180,2,3
[19:25:20.917] 181,47,0
[19:25:20.920] 182,76,0
[19:25:20.923] 183,79,1
[19:25:20.925] 184,81,0
[19:25:20.928] 185,51,9
[19:25:20.931] 186,16,5
[19:25:20.935] 187,0,2
[19:25:20.936] 188,0,2
[19:25:20.938] 189,0,2
[19:25:20.941] 190,0,4
[19:25:20.948] 191,0,7
[19:25:20.949] 192,0,3
[19:25:20.950] 193,44,2
[19:25:20.952] 194,105,0
[19:25:20.955] 195,166,1
[19:25:20.958] 196,266,3
[19:25:20.961] 197,326,3
[19:25:20.963] 198,374,8
[19:25:20.967] 199,404,0
[19:25:23.695] [HIT] t=556469 i=0 note=38 vel=127 raw=127 truepeak=4090 ch=10 rescues=0 thresh=-1.000 peak=-1.000 mask=-1 decay=-1 decaylen=-1 xfilt=-1.000 xfiltdecay=-1.000 loopt=0 piezodc=-37.0 dchead=36.9 spikerej=586
[19:25:23.702] [SysEx TX] F0 00 7D 00 05 03 00 00 7F 7F F7
[19:25:23.705] [SCOPE] input=0 pad_type=0 head_ch=1 rim_ch=0 head_peak=4095 rim_peak=1198 decision=HEAD samples=200
[19:25:23.708] T,H,R
[19:25:23.714] 0,0,6
[19:25:23.715] 1,1,4
[19:25:23.717] 2,0,2
[19:25:23.718] 3,0,3
[19:25:23.722] 4,0,4
[19:25:23.725] 5,0,2
[19:25:23.728] 6,0,0
[19:25:23.730] 7,1,5
[19:25:23.732] 8,2,1
[19:25:23.736] 9,1,0
[19:25:23.738] 10,0,2
[19:25:23.742] 11,0,2
[19:25:23.753] 12,0,0
[19:25:23.756] 13,0,6
[19:25:23.758] 14,2,0
[19:25:23.758] 15,4,5
[19:25:23.763] 16,1,0
[19:25:23.765] 17,0,2
[19:25:23.769] 18,0,2
[19:25:23.771] 19,0,2
[19:25:23.774] 20,0,2
[19:25:23.776] 21,1,2
[19:25:23.779] 22,1,1
[19:25:23.781] 23,0,2
[19:25:23.784] 24,2,2
[19:25:23.787] 25,1,5
[19:25:23.789] 26,4,6
[19:25:23.793] 27,0,2
[19:25:23.797] 28,0,5
[19:25:23.798] 29,0,2
[19:25:23.802] 30,1,6
[19:25:23.805] 31,2,2
[19:25:23.806] 32,0,0
[19:25:23.808] 33,4,3
[19:25:23.815] 34,1,1
[19:25:23.816] 35,1,3
[19:25:23.817] 36,4,6
[19:25:23.820] 37,4,1
[19:25:23.822] 38,2,2
[19:25:23.825] 39,2,3
[19:25:23.828] 40,1,5
[19:25:23.832] 41,6,8
[19:25:23.834] 42,0,3
[19:25:23.839] 43,1,5
[19:25:23.841] 44,3,0
[19:25:23.842] 45,1,5
[19:25:23.856] 46,2,0
[19:25:23.856] 47,2,1
[19:25:23.857] 48,2,5
[19:25:23.858] 49,4,2
[19:25:23.861] 50,0,3
[19:25:23.865] 51,1,5
[19:25:23.868] 52,0,2
[19:25:23.868] 53,2,2
[19:25:23.875] 54,0,2
[19:25:23.878] 55,2,3
[19:25:23.880] 56,2,3
[19:25:23.880] 57,5,6
[19:25:23.883] 58,2,2
[19:25:23.886] 59,3,5
[19:25:23.888] 60,0,2
[19:25:23.890] 61,1,2
[19:25:23.894] 62,3,5
[19:25:23.896] 63,1,2
[19:25:23.899] 64,0,2
[19:25:23.905] 65,5,5
[19:25:23.906] 66,4,2
[19:25:23.908] 67,5,4
[19:25:23.909] 68,1,5
[19:25:23.919] 69,1,4
[19:25:23.919] 70,1,0
[19:25:23.920] 71,2,1
[19:25:23.920] 72,4,2
[19:25:23.923] 73,0,2
[19:25:23.926] 74,5,4
[19:25:23.929] 75,1,2
[19:25:23.932] 76,3,5
[19:25:23.935] 77,2,5
[19:25:23.937] 78,1,2
[19:25:23.939] 79,2,3
[19:25:23.943] 80,3,7
[19:25:23.947] 81,0,2
[19:25:23.960] 82,1,5
[19:25:23.963] 83,0,0
[19:25:23.965] 84,1,5
[19:25:23.965] 85,2,3
[19:25:23.968] 86,4,2
[19:25:23.974] 87,0,3
[19:25:23.976] 88,1,5
[19:25:23.977] 89,0,2
[19:25:23.980] 90,1,5
[19:25:23.983] 91,1,2
[19:25:23.985] 92,1,5
[19:25:23.989] 93,0,3
[19:25:23.991] 94,2,0
[19:25:23.994] 95,0,3
[19:25:23.997] 96,1,5
[19:25:23.999] 97,0,2
[19:25:24.002] 98,38,142
[19:25:24.009] 99,169,163
[19:25:24.009] 100,324,31
[19:25:24.012] 101,329,233
[19:25:24.013] 102,374,152
[19:25:24.021] 103,383,64
[19:25:24.021] 104,264,157
[19:25:24.021] 105,0,106
[19:25:24.023] 106,0,4
[19:25:24.027] 107,0,173
[19:25:24.030] 108,0,52
[19:25:24.032] 109,0,460
[19:25:24.035] 110,0,1135
[19:25:24.037] 111,0,525
[19:25:24.039] 112,0,26
[19:25:24.042] 113,2557,736
[19:25:24.049] 114,4095,542
[19:25:24.050] 115,4095,374
[19:25:24.055] 116,4095,419
[19:25:24.060] 117,4095,118
[19:25:24.062] 118,4095,0
[19:25:24.065] 119,4095,148
[19:25:24.068] 120,4095,873
[19:25:24.071] 121,4095,505
[19:25:24.082] 122,4095,0
[19:25:24.082] 123,4095,271
[19:25:24.083] 124,4095,0
[19:25:24.083] 125,4095,41
[19:25:24.086] 126,4095,364
[19:25:24.093] 127,4095,527
[19:25:24.094] 128,4095,338
[19:25:24.096] 129,4095,24
[19:25:24.097] 130,4095,271
[19:25:24.104] 131,4095,226
[19:25:24.104] 132,4095,417
[19:25:24.107] 133,3751,147
[19:25:24.111] 134,3968,0
[19:25:24.112] 135,4095,0
[19:25:24.113] 136,4095,0
[19:25:24.116] 137,4095,0
[19:25:24.123] 138,4095,0
[19:25:24.123] 139,4095,0
[19:25:24.124] 140,4095,7
[19:25:24.127] 141,4095,43
[19:25:24.130] 142,4095,20
[19:25:24.133] 143,4095,0
[19:25:24.136] 144,4095,207
[19:25:24.139] 145,3624,304
[19:25:24.141] 146,2724,406
[19:25:24.144] 147,1853,579
[19:25:24.147] 148,1188,488
[19:25:24.150] 149,438,606
[19:25:24.163] 150,0,859
[19:25:24.167] 151,0,728
[19:25:24.168] 152,0,697
[19:25:24.170] 153,0,841
[19:25:24.174] 154,0,918
[19:25:24.175] 155,0,971
[19:25:24.182] 156,0,1000
[19:25:24.183] 157,0,1030
[19:25:24.185] 158,0,937
[19:25:24.186] 159,0,876
[19:25:24.189] 160,460,934
[19:25:24.193] 161,1433,969
[19:25:24.196] 162,1919,1038
[19:25:24.198] 163,2377,1063
[19:25:24.203] 164,4095,1067
[19:25:24.204] 165,4095,1198
[19:25:24.207] 166,4095,984
[19:25:24.213] 167,4095,713
[19:25:24.214] 168,4095,548
[19:25:24.215] 169,4095,473
[19:25:24.217] 170,4095,498
[19:25:24.223] 171,4095,557
[19:25:24.225] 172,3165,700
[19:25:24.226] 173,1405,710
[19:25:24.227] 174,0,668
[19:25:24.231] 175,0,600
[19:25:24.234] 176,0,512
[19:25:24.235] 177,0,425
[19:25:24.238] 178,0,416
[19:25:24.241] 179,0,398
[19:25:24.244] 180,0,246
[19:25:24.248] 181,0,115
[19:25:24.250] 182,261,152
[19:25:24.252] 183,982,281
[19:25:24.266] 184,1996,163
[19:25:24.266] 185,3006,14
[19:25:24.267] 186,3540,10
[19:25:24.268] 187,3417,84
[19:25:24.270] 188,2858,105
[19:25:24.274] 189,2158,295
[19:25:24.277] 190,1198,436
[19:25:24.279] 191,254,419
[19:25:24.286] 192,0,491
[19:25:24.287] 193,0,581
[19:25:24.288] 194,182,419
[19:25:24.289] 195,593,289
[19:25:24.293] 196,860,361
[19:25:24.296] 197,689,342
[19:25:24.299] 198,31,246
[19:25:24.302] 199,0,297
[19:25:24.308] [HIT] t=557085 i=0 note=38 vel=127 raw=127 truepeak=4055 ch=10 rescues=0 thresh=-1.000 peak=-1.000 mask=-1 decay=-1 decaylen=-1 xfilt=-1.000 xfiltdecay=-1.000 loopt=0 piezodc=862.0 dchead=184.2 spikerej=713
[19:25:24.317] [SysEx TX] F0 00 7D 00 05 03 00 00 7F 7F F7
[19:25:24.321] [SCOPE] input=0 pad_type=0 head_ch=1 rim_ch=0 head_peak=4095 rim_peak=1198 decision=HEAD samples=200
[19:25:24.328] T,H,R
[19:25:24.329] 0,1,2
[19:25:24.330] 1,3,5
[19:25:24.331] 2,1,2
[19:25:24.334] 3,0,2
[19:25:24.337] 4,5,5
[19:25:24.339] 5,4,2
[19:25:24.342] 6,5,4
[19:25:24.346] 7,1,5
[19:25:24.348] 8,1,4
[19:25:24.351] 9,1,0
[19:25:24.354] 10,2,1
[19:25:24.367] 11,4,2
[19:25:24.367] 12,0,2
[19:25:24.368] 13,5,4
[19:25:24.368] 14,1,2
[19:25:24.372] 15,3,5
[19:25:24.375] 16,2,5
[19:25:24.378] 17,1,2
[19:25:24.381] 18,2,3
[19:25:24.384] 19,3,7
[19:25:24.386] 20,0,2
[19:25:24.389] 21,1,5
[19:25:24.392] 22,0,0
[19:25:24.395] 23,1,5
[19:25:24.400] 24,2,3
[19:25:24.400] 25,4,2
[19:25:24.402] 26,0,3
[19:25:24.407] 27,1,5
[19:25:24.409] 28,0,2
[19:25:24.412] 29,1,5
[19:25:24.416] 30,1,2
[19:25:24.419] 31,1,5
[19:25:24.431] 32,0,3
[19:25:24.432] 33,2,0
[19:25:24.432] 34,0,3
[19:25:24.434] 35,1,5
[19:25:24.436] 36,0,2
[19:25:24.439] 37,38,142
[19:25:24.442] 38,169,163
[19:25:24.447] 39,324,31
[19:25:24.448] 40,329,233
[19:25:24.450] 41,374,152
[19:25:24.453] 42,383,64
[19:25:24.456] 43,264,157
[19:25:24.459] 44,0,106
[19:25:24.469] 45,0,4
[19:25:24.470] 46,0,173
[19:25:24.472] 47,0,52
[19:25:24.473] 48,0,460
[19:25:24.474] 49,0,1135
[19:25:24.478] 50,0,525
[19:25:24.480] 51,0,26
[19:25:24.485] 52,2557,736
[19:25:24.488] 53,4095,542
[19:25:24.489] 54,4095,374
[19:25:24.492] 55,4095,419
[19:25:24.495] 56,4095,118
[19:25:24.498] 57,4095,0
[19:25:24.500] 58,4095,148
[19:25:24.503] 59,4095,873
[19:25:24.506] 60,4095,505
[19:25:24.509] 61,4095,0
[19:25:24.512] 62,4095,271
[19:25:24.515] 63,4095,0
[19:25:24.520] 64,4095,41
[19:25:24.521] 65,4095,364
[19:25:24.523] 66,4095,527
[19:25:24.525] 67,4095,338
[19:25:24.531] 68,4095,24
[19:25:24.532] 69,4095,271
[19:25:24.533] 70,4095,226
[19:25:24.536] 71,4095,417
[19:25:24.539] 72,3751,147
[19:25:24.542] 73,3968,0
[19:25:24.545] 74,4095,0
[19:25:24.548] 75,4095,0
[19:25:24.550] 76,4095,0
[19:25:24.552] 77,4095,0
[19:25:24.555] 78,4095,0
[19:25:24.558] 79,4095,7
[19:25:24.570] 80,4095,43
[19:25:24.572] 81,4095,20
[19:25:24.573] 82,4095,0
[19:25:24.573] 83,4095,207
[19:25:24.575] 84,3624,304
[19:25:24.578] 85,2724,406
[19:25:24.581] 86,1853,579
[19:25:24.583] 87,1188,488
[19:25:24.592] 88,438,606
[19:25:24.592] 89,0,859
[19:25:24.594] 90,0,728
[19:25:24.596] 91,0,697
[19:25:24.600] 92,0,841
[19:25:24.605] 93,0,918
[19:25:24.605] 94,0,971
[19:25:24.610] 95,0,1000
[19:25:24.610] 96,0,1030
[19:25:24.615] 97,0,937
[19:25:24.616] 98,0,876
[19:25:24.622] 99,460,934
[19:25:24.622] 100,1433,969
[19:25:24.623] 101,1919,1038
[19:25:24.625] 102,2377,1063
[19:25:24.635] 103,4095,1067
[19:25:24.635] 104,4095,1198
[19:25:24.636] 105,4095,984
[19:25:24.638] 106,4095,713
[19:25:24.642] 107,4095,548
[19:25:24.644] 108,4095,473
[19:25:24.650] 109,4095,498
[19:25:24.650] 110,4095,557
[19:25:24.652] 111,3165,700
[19:25:24.664] 112,1405,710
[19:25:24.665] 113,0,668
[19:25:24.665] 114,0,600
[19:25:24.666] 115,0,512
[19:25:24.677] 116,0,425
[19:25:24.679] 117,0,416
[19:25:24.682] 118,0,398
[19:25:24.685] 119,0,246
[19:25:24.687] 120,0,115
[19:25:24.693] 121,261,152
[19:25:24.697] 122,982,281
[19:25:24.698] 123,1996,163
[19:25:24.699] 124,3006,14
[19:25:24.702] 125,3540,10
[19:25:24.704] 126,3417,84
[19:25:24.707] 127,2858,105
[19:25:24.713] 128,2158,295
[19:25:24.714] 129,1198,436
[19:25:24.715] 130,254,419
[19:25:24.717] 131,0,491
[19:25:24.720] 132,0,581
[19:25:24.725] 133,182,419
[19:25:24.726] 134,593,289
[19:25:24.728] 135,860,361
[19:25:24.735] 136,689,342
[19:25:24.736] 137,31,246
[19:25:24.737] 138,0,297
[19:25:24.738] 139,0,379
[19:25:24.741] 140,0,425
[19:25:24.745] 141,0,495
[19:25:24.748] 142,0,496
[19:25:24.750] 143,0,571
[19:25:24.753] 144,128,673
[19:25:24.756] 145,526,571
[19:25:24.758] 146,1071,579
[19:25:24.761] 147,1790,664
[19:25:24.765] 148,2467,732
[19:25:24.781] 149,3107,734
[19:25:24.781] 150,4060,692
[19:25:24.782] 151,4095,697
[19:25:24.784] 152,4095,656
[19:25:24.787] 153,4095,557
[19:25:24.790] 154,4095,500
[19:25:24.796] 155,4095,422
[19:25:24.799] 156,4095,417
[19:25:24.799] 157,4095,391
[19:25:24.801] 158,4095,329
[19:25:24.803] 159,4095,334
[19:25:24.807] 160,4061,313
[19:25:24.810] 161,3152,342
[19:25:24.812] 162,2281,387
[19:25:24.816] 163,1471,349
[19:25:24.818] 164,676,344
[19:25:24.821] 165,0,457
[19:25:24.827] 166,0,508
[19:25:24.828] 167,0,467
[19:25:24.830] 168,0,539
[19:25:24.832] 169,0,681
[19:25:24.835] 170,0,745
[19:25:24.838] 171,0,821
[19:25:24.844] 172,0,850
[19:25:24.845] 173,0,847
[19:25:24.847] 174,436,721
[19:25:24.849] 175,1997,649
[19:25:24.852] 176,4095,622
[19:25:24.854] 177,4095,502
[19:25:24.857] 178,4095,473
[19:25:24.861] 179,4095,512
[19:25:24.863] 180,4095,561
[19:25:24.866] 181,4095,605
[19:25:24.879] 182,3532,658
[19:25:24.880] 183,2440,678
[19:25:24.880] 184,1673,662
[19:25:24.881] 185,1203,570
[19:25:24.884] 186,973,529
[19:25:24.887] 187,905,502
[19:25:24.889] 188,1082,490
[19:25:24.895] 189,1536,482
[19:25:24.898] 190,1909,505
[19:25:24.902] 191,2043,441
[19:25:24.902] 192,2024,379
[19:25:24.904] 193,1921,348
[19:25:24.907] 194,1672,288
[19:25:24.910] 195,1494,281
[19:25:24.913] 196,1500,261
[19:25:24.916] 197,1645,186
[19:25:24.919] 198,1838,164
[19:25:24.921] 199,2078,148
[19:25:24.930] [HIT] t=557706 i=0 note=38 vel=100 raw=100 truepeak=2593 ch=10 rescues=0 thresh=-1.000 peak=-1.000 mask=-1 decay=-1 decaylen=-1 xfilt=-1.000 xfiltdecay=-1.000 loopt=0 piezodc=220.0 dchead=245.8 spikerej=759
[19:25:24.940] [SysEx TX] F0 00 7D 00 05 03 00 00 64 64 F7
[19:25:24.941] [SCOPE] input=0 pad_type=0 head_ch=1 rim_ch=0 head_peak=4095 rim_peak=220 decision=HEAD samples=200
[19:25:24.944] T,H,R
[19:25:24.947] 0,3064,52
[19:25:24.949] 1,4032,47
[19:25:24.952] 2,4095,36
[19:25:24.955] 3,4095,45
[19:25:24.958] 4,4095,64
[19:25:24.961] 5,4095,80
[19:25:24.964] 6,4095,43
[19:25:24.966] 7,4095,9
[19:25:24.969] 8,3976,0
[19:25:24.977] 9,3781,0
[19:25:24.980] 10,3456,7
[19:25:24.981] 11,3061,0
[19:25:24.984] 12,2556,5
[19:25:24.985] 13,1970,33
[19:25:24.987] 14,1343,39
[19:25:24.992] 15,1,47
[19:25:24.993] 16,0,52
[19:25:24.999] 17,0,92
[19:25:25.000] 18,0,109
[19:25:25.003] 19,0,54
[19:25:25.005] 20,0,35
[19:25:25.007] 21,0,54
[19:25:25.011] 22,181,93
[19:25:25.015] 23,393,153
[19:25:25.016] 24,577,153
[19:25:25.018] 25,684,134
[19:25:25.022] 26,697,116
[19:25:25.023] 27,733,121
[19:25:25.026] 28,855,133
[19:25:25.032] 29,998,153
[19:25:25.033] 30,1125,120
[19:25:25.034] 31,1315,102
[19:25:25.036] 32,1589,113
[19:25:25.043] 33,1924,93
[19:25:25.043] 34,2254,96
[19:25:25.045] 35,2501,105
[19:25:25.047] 36,2584,90
[19:25:25.050] 37,2572,107
[19:25:25.052] 38,2486,123
[19:25:25.055] 39,2356,116
[19:25:25.058] 40,2214,128
[19:25:25.061] 41,2078,143
[19:25:25.066] 42,1955,120
[19:25:25.067] 43,1913,116
[19:25:25.069] 44,1961,121
[19:25:25.073] 45,2073,105
[19:25:25.085] 46,2166,90
[19:25:25.085] 47,2266,78
[19:25:25.087] 48,2319,57
[19:25:25.089] 49,2335,60
[19:25:25.092] 50,2334,64
[19:25:25.094] 51,2272,59
[19:25:25.099] 52,2206,68
[19:25:25.100] 53,2139,78
[19:25:25.102] 54,2088,86
[19:25:25.112] 55,2025,68
[19:25:25.112] 56,1941,78
[19:25:25.113] 57,1833,82
[19:25:25.115] 58,1698,102
[19:25:25.117] 59,1533,111
[19:25:25.120] 60,1308,120
[19:25:25.123] 61,866,123
[19:25:25.127] 62,424,137
[19:25:25.129] 63,0,150
[19:25:25.134] 64,0,185
[19:25:25.134] 65,0,196
[19:25:25.136] 66,0,181
[19:25:25.139] 67,0,185
[19:25:25.145] 68,0,191
[19:25:25.147] 69,0,199
[19:25:25.148] 70,123,212
[19:25:25.150] 71,536,220
[19:25:25.153] 72,1054,198
[19:25:25.156] 73,1651,165
[19:25:25.158] 74,2293,146
[19:25:25.161] 75,2918,150
[19:25:25.164] 76,3566,148
[19:25:25.168] 77,4095,161
[19:25:25.169] 78,4095,158
[19:25:25.172] 79,4095,150
[19:25:25.176] 80,4095,153
[19:25:25.184] 81,4095,157
[19:25:25.185] 82,4095,155
[19:25:25.185] 83,4095,139
[19:25:25.186] 84,4095,122
[19:25:25.190] 85,4095,107
[19:25:25.193] 86,3961,86
[19:25:25.195] 87,3659,79
[19:25:25.198] 88,3279,72
[19:25:25.207] 89,2864,72
[19:25:25.209] 90,2490,73
[19:25:25.209] 91,2083,69
[19:25:25.211] 92,1627,73
[19:25:25.214] 93,1462,74
[19:25:25.217] 94,1449,86
[19:25:25.220] 95,1404,78
[19:25:25.223] 96,1320,67
[19:25:25.226] 97,1245,67
[19:25:25.229] 98,1166,97
[19:25:25.231] 99,1046,135
[19:25:25.237] 100,863,137
[19:25:25.238] 101,619,121
[19:25:25.239] 102,398,107
[19:25:25.242] 103,340,122
[19:25:25.248] 104,377,124
[19:25:25.249] 105,489,130
[19:25:25.250] 106,649,109
[19:25:25.253] 107,797,102
[19:25:25.255] 108,926,89
[19:25:25.258] 109,1017,78
[19:25:25.262] 110,1037,90
[19:25:25.264] 111,1013,98
[19:25:25.267] 112,928,84
[19:25:25.269] 113,797,94
[19:25:25.272] 114,665,105
[19:25:25.275] 115,552,111
[19:25:25.279] 116,468,107
[19:25:25.286] 117,486,115
[19:25:25.287] 118,574,110
[19:25:25.289] 119,732,122
[19:25:25.295] 120,978,102
[19:25:25.295] 121,1298,78
[19:25:25.297] 122,1645,67
[19:25:25.299] 123,1963,57
[19:25:25.307] 124,2198,42
[19:25:25.308] 125,2328,34
[19:25:25.308] 126,2397,30
[19:25:25.322] 127,2428,41
[19:25:25.323] 128,2442,37
[19:25:25.323] 129,2406,19
[19:25:25.324] 130,2376,17
[19:25:25.328] 131,2333,2
[19:25:25.330] 132,2238,6
[19:25:25.333] 133,2102,2
[19:25:25.339] 134,1876,0
[19:25:25.340] 135,1573,4
[19:25:25.341] 136,1226,5
[19:25:25.343] 137,815,7
[19:25:25.347] 138,123,23
[19:25:25.351] 139,0,44
[19:25:25.352] 140,0,62
[19:25:25.354] 141,0,83
[19:25:25.358] 142,0,56
[19:25:25.360] 143,0,49
[19:25:25.363] 144,0,38
[19:25:25.367] 145,0,54
[19:25:25.369] 146,142,70
[19:25:25.372] 147,318,57
[19:25:25.374] 148,466,48
[19:25:25.377] 149,569,45
[19:25:25.385] 150,665,50
[19:25:25.388] 151,793,38
[19:25:25.388] 152,994,31
[19:25:25.392] 153,1252,41
[19:25:25.396] 154,1531,21
[19:25:25.399] 155,1856,0
[19:25:25.401] 156,2214,0
[19:25:25.404] 157,2526,8
[19:25:25.411] 158,2721,12
[19:25:25.411] 159,2791,3
[19:25:25.412] 160,2748,5
[19:25:25.415] 161,2631,8
[19:25:25.418] 162,2497,6
[19:25:25.421] 163,2330,5
[19:25:25.426] 164,2162,0
[19:25:25.426] 165,2017,0
[19:25:25.428] 166,1891,0
[19:25:25.432] 167,1812,0
[19:25:25.434] 168,1722,0
[19:25:25.438] 169,1656,0
[19:25:25.442] 170,1575,0
[19:25:25.442] 171,1491,0
[19:25:25.446] 172,1388,0
[19:25:25.448] 173,1321,0
[19:25:25.453] 174,1257,0
[19:25:25.454] 175,1197,0
[19:25:25.455] 176,1139,0
[19:25:25.458] 177,1094,0
[19:25:25.462] 178,1023,0
[19:25:25.464] 179,929,0
[19:25:25.470] 180,858,1
[19:25:25.472] 181,802,20
[19:25:25.473] 182,730,10
[19:25:25.475] 183,632,0
[19:25:25.478] 184,495,1
[19:25:25.482] 185,329,0
[19:25:25.483] 186,144,3
[19:25:25.492] 187,0,10
[19:25:25.493] 188,0,10
[19:25:25.496] 189,0,8
[19:25:25.497] 190,0,14
[19:25:25.501] 191,0,20
[19:25:25.503] 192,0,2
[19:25:25.505] 193,0,2
[19:25:25.512] 194,225,2
[19:25:25.512] 195,533,6
[19:25:25.513] 196,877,0
[19:25:25.517] 197,1253,0
[19:25:25.519] 198,1673,0
[19:25:25.521] 199,2042,0
[19:25:25.528] [HIT] t=558306 i=0 note=38 vel=9 raw=9 truepeak=382 ch=10 rescues=0 thresh=-1.000 peak=-1.000 mask=-1 decay=-1 decaylen=-1 xfilt=-1.000 xfiltdecay=-1.000 loopt=0 piezodc=-225.0 dchead=226.7 spikerej=759
[19:25:25.539] [SysEx TX] F0 00 7D 00 05 03 00 00 09 09 F7
[19:25:25.544] [SCOPE] input=0 pad_type=0 head_ch=1 rim_ch=0 head_peak=827 rim_peak=32 decision=HEAD samples=200
[19:25:25.545] T,H,R
[19:25:25.547] 0,0,19
[19:25:25.549] 1,0,21
[19:25:25.555] 2,0,21
[19:25:25.556] 3,0,17
[19:25:25.557] 4,0,3
[19:25:25.559] 5,41,9
[19:25:25.563] 6,99,28
[19:25:25.568] 7,173,20
[19:25:25.569] 8,242,16
[19:25:25.571] 9,318,7
[19:25:25.574] 10,384,6
[19:25:25.577] 11,463,3
[19:25:25.580] 12,553,4
[19:25:25.583] 13,617,2
[19:25:25.585] 14,676,0
[19:25:25.596] 15,721,1
[19:25:25.596] 16,738,0
[19:25:25.596] 17,724,0
[19:25:25.597] 18,697,0
[19:25:25.601] 19,659,0
[19:25:25.605] 20,628,0
[19:25:25.607] 21,597,0
[19:25:25.614] 22,586,0
[19:25:25.616] 23,591,0
[19:25:25.618] 24,598,0
[19:25:25.619] 25,602,0
[19:25:25.622] 26,604,0
[19:25:25.625] 27,597,0
[19:25:25.628] 28,566,0
[19:25:25.630] 29,522,0
[19:25:25.633] 30,465,0
[19:25:25.641] 31,407,0
[19:25:25.641] 32,349,0
[19:25:25.641] 33,294,0
[19:25:25.643] 34,254,0
[19:25:25.647] 35,217,0
[19:25:25.649] 36,166,0
[19:25:25.652] 37,120,0
[19:25:25.658] 38,70,0
[19:25:25.658] 39,7,0
[19:25:25.660] 40,0,0
[19:25:25.662] 41,0,0
[19:25:25.666] 42,0,4
[19:25:25.668] 43,0,1
[19:25:25.674] 44,0,1
[19:25:25.677] 45,0,0
[19:25:25.678] 46,0,0
[19:25:25.679] 47,0,0
[19:25:25.683] 48,0,0
[19:25:25.685] 49,3,0
[19:25:25.688] 50,54,0
[19:25:25.705] 51,120,0
[19:25:25.706] 52,198,0
[19:25:25.706] 53,274,0
[19:25:25.708] 54,358,0
[19:25:25.715] 55,453,0
[19:25:25.716] 56,548,0
[19:25:25.718] 57,629,0
[19:25:25.727] 58,713,0
[19:25:25.728] 59,766,0
[19:25:25.728] 60,811,0
[19:25:25.728] 61,827,0
[19:25:25.738] 62,824,0
[19:25:25.739] 63,809,0
[19:25:25.740] 64,761,0
[19:25:25.740] 65,697,0
[19:25:25.744] 66,630,0
[19:25:25.749] 67,539,0
[19:25:25.749] 68,466,0
[19:25:25.751] 69,374,0
[19:25:25.755] 70,276,0
[19:25:25.759] 71,189,0
[19:25:25.761] 72,111,0
[19:25:25.762] 73,44,0
[19:25:25.765] 74,0,0
[19:25:25.768] 75,0,0
[19:25:25.771] 76,0,0
[19:25:25.774] 77,0,0
[19:25:25.777] 78,0,0
[19:25:25.779] 79,0,3
[19:25:25.782] 80,0,0
[19:25:25.786] 81,0,6
[19:25:25.788] 82,0,5
[19:25:25.791] 83,0,3
[19:25:25.801] 84,0,7
[19:25:25.801] 85,8,4
[19:25:25.801] 86,34,15
[19:25:25.802] 87,54,5
[19:25:25.806] 88,84,10
[19:25:25.809] 89,93,8
[19:25:25.812] 90,112,6
[19:25:25.819] 91,126,8
[19:25:25.819] 92,160,7
[19:25:25.823] 93,190,2
[19:25:25.824] 94,233,5
[19:25:25.828] 95,275,8
[19:25:25.828] 96,310,5
[19:25:25.833] 97,349,7
[19:25:25.834] 98,383,7
[19:25:25.836] 99,409,4
[19:25:25.839] 100,439,1
[19:25:25.843] 101,458,0
[19:25:25.845] 102,463,7
[19:25:25.861] 103,488,2
[19:25:25.861] 104,494,4
[19:25:25.861] 105,498,2
[19:25:25.862] 106,486,2
[19:25:25.867] 107,468,5
[19:25:25.869] 108,432,3
[19:25:25.872] 109,408,3
[19:25:25.875] 110,362,0
[19:25:25.879] 111,317,4
[19:25:25.881] 112,256,6
[19:25:25.884] 113,204,3
[19:25:25.887] 114,137,10
[19:25:25.890] 115,56,10
[19:25:25.902] 116,0,10
[19:25:25.902] 117,0,14
[19:25:25.902] 118,0,26
[19:25:25.903] 119,0,22
[19:25:25.909] 120,0,19
[19:25:25.911] 121,0,22
[19:25:25.914] 122,0,26
[19:25:25.924] 123,0,25
[19:25:25.924] 124,0,32
[19:25:25.925] 125,0,22
[19:25:25.926] 126,0,31
[19:25:25.930] 127,0,27
[19:25:25.932] 128,45,25
[19:25:25.937] 129,116,20
[19:25:25.938] 130,204,19
[19:25:25.941] 131,298,22
[19:25:25.944] 132,376,20
[19:25:25.947] 133,445,19
[19:25:25.950] 134,508,10
[19:25:25.954] 135,558,21
[19:25:25.955] 136,601,20
[19:25:25.957] 137,616,8
[19:25:25.964] 138,621,14
[19:25:25.964] 139,627,8
[19:25:25.965] 140,614,7
[19:25:25.967] 141,584,5
[19:25:25.971] 142,555,5
[19:25:25.973] 143,518,6
[19:25:25.976] 144,478,5
[19:25:25.979] 145,438,1
[19:25:25.982] 146,391,8
[19:25:25.985] 147,358,4
[19:25:25.988] 148,309,2
[19:25:25.990] 149,277,3
[19:25:25.995] 150,245,8
[19:25:26.003] 151,217,5
[19:25:26.003] 152,176,8
[19:25:26.004] 153,141,3
[19:25:26.007] 154,111,2
[19:25:26.011] 155,77,10
[19:25:26.013] 156,43,7
[19:25:26.016] 157,20,10
[19:25:26.019] 158,0,11
[19:25:26.022] 159,0,13
[19:25:26.026] 160,0,20
[19:25:26.028] 161,0,17
[19:25:26.029] 162,0,17
[19:25:26.033] 163,0,19
[19:25:26.035] 164,0,23
[19:25:26.038] 165,0,21
[19:25:26.042] 166,0,18
[19:25:26.044] 167,0,16
[19:25:26.047] 168,0,19
[19:25:26.050] 169,0,12
[19:25:26.056] 170,4,9
[19:25:26.056] 171,25,12
[19:25:26.057] 172,79,8
[19:25:26.059] 173,105,9
[19:25:26.069] 174,152,14
[19:25:26.069] 175,205,16
[19:25:26.069] 176,261,3
[19:25:26.071] 177,304,6
[19:25:26.075] 178,358,7
[19:25:26.078] 179,393,6
[19:25:26.084] 180,424,0
[19:25:26.085] 181,459,1
[19:25:26.085] 182,468,3
[19:25:26.087] 183,472,2
[19:25:26.091] 184,469,0
[19:25:26.094] 185,466,1
[19:25:26.097] 186,441,0
[19:25:26.108] 187,417,0
[19:25:26.108] 188,372,0
[19:25:26.109] 189,318,0
[19:25:26.112] 190,256,0
[19:25:26.115] 191,186,0
[19:25:26.118] 192,109,0
[19:25:26.125] 193,34,0
[19:25:26.126] 194,0,0
[19:25:26.127] 195,0,4
[19:25:26.129] 196,0,4
[19:25:26.134] 197,0,0
[19:25:26.137] 198,0,10
[19:25:26.141] 199,0,2
[19:25:28.349] [HIT] t=561126 i=0 note=38 vel=102 raw=102 truepeak=2642 ch=10 rescues=0 thresh=-1.000 peak=-1.000 mask=-1 decay=-1 decaylen=-1 xfilt=-1.000 xfiltdecay=-1.000 loopt=0 piezodc=793.0 dchead=22.0 spikerej=764
[19:25:28.361] [SysEx TX] F0 00 7D 00 05 03 00 00 66 66 F7
[19:25:28.364] [SCOPE] input=0 pad_type=0 head_ch=1 rim_ch=0 head_peak=2652 rim_peak=102 decision=HEAD samples=200
[19:25:28.367] T,H,R
[19:25:28.369] 0,1,0
[19:25:28.372] 1,1,2
[19:25:28.377] 2,0,5
[19:25:28.382] 3,4,1
[19:25:28.383] 4,2,3
[19:25:28.385] 5,1,0
[19:25:28.390] 6,0,3
[19:25:28.393] 7,4,0
[19:25:28.397] 8,0,3
[19:25:28.399] 9,0,3
[19:25:28.400] 10,2,1
[19:25:28.404] 11,0,2
[19:25:28.407] 12,2,0
[19:25:28.411] 13,0,3
[19:25:28.413] 14,2,0
[19:25:28.414] 15,0,5
[19:25:28.417] 16,1,3
[19:25:28.423] 17,0,0
[19:25:28.424] 18,2,2
[19:25:28.425] 19,0,1
[19:25:28.428] 20,1,3
[19:25:28.431] 21,1,5
[19:25:28.434] 22,4,4
[19:25:28.436] 23,2,3
[19:25:28.439] 24,1,2
[19:25:28.442] 25,1,5
[19:25:28.453] 26,0,4
[19:25:28.453] 27,0,2
[19:25:28.454] 28,1,2
[19:25:28.462] 29,1,1
[19:25:28.470] 30,5,1
[19:25:28.473] 31,4,4
[19:25:28.475] 32,2,6
[19:25:28.485] 33,4,5
[19:25:28.485] 34,2,6
[19:25:28.486] 35,2,2
[19:25:28.487] 36,0,2
[19:25:28.489] 37,2,2
[19:25:28.492] 38,1,3
[19:25:28.495] 39,4,4
[19:25:28.497] 40,3,5
[19:25:28.501] 41,3,3
[19:25:28.503] 42,4,5
[19:25:28.506] 43,5,5
[19:25:28.508] 44,4,5
[19:25:28.512] 45,4,1
[19:25:28.517] 46,2,0
[19:25:28.518] 47,0,2
[19:25:28.519] 48,2,3
[19:25:28.524] 49,1,0
[19:25:28.525] 50,0,0
[19:25:28.527] 51,1,2
[19:25:28.530] 52,0,2
[19:25:28.533] 53,0,2
[19:25:28.535] 54,2,3
[19:25:28.538] 55,3,5
[19:25:28.541] 56,1,7
[19:25:28.544] 57,2,2
[19:25:28.546] 58,2,0
[19:25:28.549] 59,0,2
[19:25:28.552] 60,1,2
[19:25:28.554] 61,1,2
[19:25:28.569] 62,1,2
[19:25:28.570] 63,0,2
[19:25:28.571] 64,2,3
[19:25:28.574] 65,1,2
[19:25:28.577] 66,2,2
[19:25:28.581] 67,2,2
[19:25:28.585] 68,3,5
[19:25:28.589] 69,2,5
[19:25:28.589] 70,5,5
[19:25:28.593] 71,5,1
[19:25:28.593] 72,2,3
[19:25:28.596] 73,2,5
[19:25:28.599] 74,3,5
[19:25:28.602] 75,3,2
[19:25:28.605] 76,5,2
[19:25:28.608] 77,2,2
[19:25:28.611] 78,8,2
[19:25:28.616] 79,3,5
[19:25:28.617] 80,5,2
[19:25:28.618] 81,7,21
[19:25:28.621] 82,9,0
[19:25:28.627] 83,6,0
[19:25:28.628] 84,17,23
[19:25:28.629] 85,21,0
[19:25:28.631] 86,10,0
[19:25:28.634] 87,38,5
[19:25:28.636] 88,0,8
[19:25:28.641] 89,0,14
[19:25:28.642] 90,0,0
[19:25:28.646] 91,0,0
[19:25:28.648] 92,0,41
[19:25:28.651] 93,0,102
[19:25:28.652] 94,0,77
[19:25:28.655] 95,0,26
[19:25:28.662] 96,0,44
[19:25:28.666] 97,0,83
[19:25:28.667] 98,18,94
[19:25:28.670] 99,115,52
[19:25:28.678] 100,212,26
[19:25:28.680] 101,281,35
[19:25:28.680] 102,337,34
[19:25:28.686] 103,358,53
[19:25:28.688] 104,397,43
[19:25:28.692] 105,472,46
[19:25:28.693] 106,579,50
[19:25:28.699] 107,726,45
[19:25:28.700] 108,905,24
[19:25:28.702] 109,1105,17
[19:25:28.704] 110,1300,18
[19:25:28.707] 111,1497,0
[19:25:28.712] 112,1711,0
[19:25:28.713] 113,1899,0
[19:25:28.718] 114,2068,0
[19:25:28.719] 115,2232,0
[19:25:28.721] 116,2351,0
[19:25:28.724] 117,2402,0
[19:25:28.727] 118,2440,0
[19:25:28.733] 119,2553,0
[19:25:28.733] 120,2652,0
[19:25:28.734] 121,2590,0
[19:25:28.738] 122,2448,0
[19:25:28.740] 123,2254,0
[19:25:28.743] 124,2048,0
[19:25:28.746] 125,1865,0
[19:25:28.749] 126,1654,1
[19:25:28.752] 127,1497,0
[19:25:28.754] 128,1456,0
[19:25:28.756] 129,1525,0
[19:25:28.764] 130,1625,0
[19:25:28.771] 131,1732,0
[19:25:28.773] 132,1788,0
[19:25:28.779] 133,1822,0
[19:25:28.782] 134,1839,0
[19:25:28.784] 135,1774,0
[19:25:28.794] 136,1702,7
[19:25:28.797] 137,1644,9
[19:25:28.797] 138,1609,18
[19:25:28.798] 139,1590,10
[19:25:28.799] 140,1630,16
[19:25:28.802] 141,1659,19
[19:25:28.805] 142,1618,20
[19:25:28.807] 143,1480,10
[19:25:28.811] 144,1261,10
[19:25:28.815] 145,974,12
[19:25:28.816] 146,815,50
[19:25:28.821] 147,719,68
[19:25:28.822] 148,620,33
[19:25:28.824] 149,600,24
[19:25:28.827] 150,651,19
[19:25:28.833] 151,815,21
[19:25:28.834] 152,1067,43
[19:25:28.834] 153,1273,36
[19:25:28.837] 154,1418,0
[19:25:28.839] 155,1462,0
[19:25:28.843] 156,1417,0
[19:25:28.846] 157,1308,20
[19:25:28.849] 158,1164,10
[19:25:28.851] 159,953,8
[19:25:28.855] 160,807,5
[19:25:28.857] 161,664,3
[19:25:28.859] 162,562,0
[19:25:28.871] 163,457,0
[19:25:28.875] 164,372,0
[19:25:28.875] 165,326,0
[19:25:28.876] 166,326,0
[19:25:28.880] 167,412,0
[19:25:28.882] 168,505,0
[19:25:28.885] 169,602,0
[19:25:28.891] 170,669,0
[19:25:28.892] 171,747,0
[19:25:28.893] 172,862,0
[19:25:28.899] 173,1002,0
[19:25:28.900] 174,1108,0
[19:25:28.901] 175,1126,0
[19:25:28.904] 176,1082,0
[19:25:28.907] 177,998,0
[19:25:28.911] 178,870,0
[19:25:28.912] 179,698,0
[19:25:28.915] 180,520,0
[19:25:28.918] 181,352,0
[19:25:28.924] 182,176,0
[19:25:28.925] 183,117,0
[19:25:28.926] 184,194,0
[19:25:28.928] 185,370,0
[19:25:28.934] 186,552,0
[19:25:28.935] 187,713,0
[19:25:28.936] 188,806,0
[19:25:28.939] 189,862,0
[19:25:28.942] 190,869,19
[19:25:28.945] 191,745,31
[19:25:28.948] 192,591,41
[19:25:28.951] 193,441,39
[19:25:28.954] 194,313,47
[19:25:28.957] 195,172,71
[19:25:28.958] 196,121,57
[19:25:28.962] 197,88,64
[19:25:28.978] 198,105,61
[19:25:28.982] 199,137,54
[19:25:28.982] [HIT] t=561751 i=0 note=38 vel=52 raw=52 truepeak=1439 ch=10 rescues=0 thresh=-1.000 peak=-1.000 mask=-1 decay=-1 decaylen=-1 xfilt=-1.000 xfiltdecay=-1.000 loopt=0 piezodc=-14.0 dchead=39.9 spikerej=773
[19:25:28.989] [SysEx TX] F0 00 7D 00 05 03 00 00 34 34 F7
[19:25:28.998] [SCOPE] input=0 pad_type=0 head_ch=1 rim_ch=0 head_peak=2652 rim_peak=102 decision=HEAD samples=200
[19:25:28.999] T,H,R
[19:25:29.000] 0,0,2
[19:25:29.000] 1,0,2
[19:25:29.004] 2,2,3
[19:25:29.011] 3,3,5
[19:25:29.011] 4,1,7
[19:25:29.014] 5,2,2
[19:25:29.014] 6,2,0
[19:25:29.017] 7,0,2
[19:25:29.021] 8,1,2
[19:25:29.025] 9,1,2
[19:25:29.026] 10,1,2
[19:25:29.028] 11,0,2
[19:25:29.030] 12,2,3
[19:25:29.037] 13,1,2
[19:25:29.038] 14,2,2
[19:25:29.039] 15,2,2
[19:25:29.041] 16,3,5
[19:25:29.044] 17,2,5
[19:25:29.047] 18,5,5
[19:25:29.050] 19,5,1
[19:25:29.053] 20,2,3
[19:25:29.056] 21,2,5
[19:25:29.059] 22,3,5
[19:25:29.064] 23,3,2
[19:25:29.066] 24,5,2
[19:25:29.067] 25,2,2
[19:25:29.075] 26,8,2
[19:25:29.077] 27,3,5
[19:25:29.077] 28,5,2
[19:25:29.090] 29,7,21
[19:25:29.091] 30,9,0
[19:25:29.098] 31,6,0
[19:25:29.098] 32,17,23
[19:25:29.100] 33,21,0
[19:25:29.103] 34,10,0
[19:25:29.106] 35,38,5
[19:25:29.109] 36,0,8
[19:25:29.111] 37,0,14
[19:25:29.114] 38,0,0
[19:25:29.117] 39,0,0
[19:25:29.120] 40,0,41
[19:25:29.122] 41,0,102
[19:25:29.128] 42,0,77
[19:25:29.128] 43,0,26
[19:25:29.131] 44,0,44
[19:25:29.134] 45,0,83
[19:25:29.138] 46,18,94
[19:25:29.139] 47,115,52
[19:25:29.141] 48,212,26
[19:25:29.143] 49,281,35
[19:25:29.147] 50,337,34
[19:25:29.149] 51,358,53
[19:25:29.152] 52,397,43
[19:25:29.155] 53,472,46
[19:25:29.157] 54,579,50
[19:25:29.161] 55,726,45
[19:25:29.164] 56,905,24
[19:25:29.166] 57,1105,17
[19:25:29.179] 58,1300,18
[19:25:29.180] 59,1497,0
[19:25:29.182] 60,1711,0
[19:25:29.182] 61,1899,0
[19:25:29.188] 62,2068,0
[19:25:29.192] 63,2232,0
[19:25:29.195] 64,2351,0
[19:25:29.199] 65,2402,0
[19:25:29.202] 66,2440,0
[19:25:29.203] 67,2553,0
[19:25:29.204] 68,2652,0
[19:25:29.211] 69,2590,0
[19:25:29.211] 70,2448,0
[19:25:29.213] 71,2254,0
[19:25:29.216] 72,2048,0
[19:25:29.219] 73,1865,0
[19:25:29.225] 74,1654,1
[19:25:29.225] 75,1497,0
[19:25:29.227] 76,1456,0
[19:25:29.231] 77,1525,0
[19:25:29.232] 78,1625,0
[19:25:29.234] 79,1732,0
[19:25:29.241] 80,1788,0
[19:25:29.242] 81,1822,0
[19:25:29.243] 82,1839,0
[19:25:29.245] 83,1774,0
[19:25:29.247] 84,1702,7
[19:25:29.251] 85,1644,9
[19:25:29.253] 86,1609,18
[19:25:29.256] 87,1590,10
[19:25:29.259] 88,1630,16
[19:25:29.262] 89,1659,19
[19:25:29.266] 90,1618,20
[19:25:29.267] 91,1480,10
[19:25:29.270] 92,1261,10
[19:25:29.281] 93,974,12
[19:25:29.281] 94,815,50
[19:25:29.282] 95,719,68
[19:25:29.286] 96,620,33
[19:25:29.287] 97,600,24
[19:25:29.291] 98,651,19
[19:25:29.294] 99,815,21
[19:25:29.299] 100,1067,43
[19:25:29.299] 101,1273,36
[19:25:29.305] 102,1418,0
[19:25:29.305] 103,1462,0
[19:25:29.307] 104,1417,0
[19:25:29.309] 105,1308,20
[19:25:29.315] 106,1164,10
[19:25:29.317] 107,953,8
[19:25:29.318] 108,807,5
[19:25:29.321] 109,664,3
[19:25:29.324] 110,562,0
[19:25:29.327] 111,457,0
[19:25:29.333] 112,372,0
[19:25:29.333] 113,326,0
[19:25:29.334] 114,326,0
[19:25:29.337] 115,412,0
[19:25:29.343] 116,505,0
[19:25:29.344] 117,602,0
[19:25:29.346] 118,669,0
[19:25:29.347] 119,747,0
[19:25:29.350] 120,862,0
[19:25:29.353] 121,1002,0
[19:25:29.356] 122,1108,0
[19:25:29.358] 123,1126,0
[19:25:29.362] 124,1082,0
[19:25:29.365] 125,998,0
[19:25:29.368] 126,870,0
[19:25:29.370] 127,698,0
[19:25:29.373] 128,520,0
[19:25:29.383] 129,352,0
[19:25:29.383] 130,176,0
[19:25:29.383] 131,117,0
[19:25:29.386] 132,194,0
[19:25:29.389] 133,370,0
[19:25:29.392] 134,552,0
[19:25:29.395] 135,713,0
[19:25:29.399] 136,806,0
[19:25:29.400] 137,862,0
[19:25:29.404] 138,869,19
[19:25:29.405] 139,745,31
[19:25:29.409] 140,591,41
[19:25:29.411] 141,441,39
[19:25:29.414] 142,313,47
[19:25:29.416] 143,172,71
[19:25:29.419] 144,121,57
[19:25:29.422] 145,88,64
[19:25:29.425] 146,105,61
[19:25:29.428] 147,137,54
[19:25:29.431] 148,220,50
[19:25:29.435] 149,294,41
[19:25:29.436] 150,286,46
[19:25:29.439] 151,271,40
[19:25:29.442] 152,287,42
[19:25:29.449] 153,372,73
[19:25:29.449] 154,441,79
[19:25:29.450] 155,548,57
[19:25:29.452] 156,660,40
[19:25:29.455] 157,762,46
[19:25:29.458] 158,818,47
[19:25:29.461] 159,809,33
[19:25:29.464] 160,742,41
[19:25:29.467] 161,617,31
[19:25:29.470] 162,399,31
[19:25:29.473] 163,175,26
[19:25:29.476] 164,0,39
[19:25:29.481] 165,0,41
[19:25:29.486] 166,0,41
[19:25:29.487] 167,0,31
[19:25:29.489] 168,73,3
[19:25:29.493] 169,300,0
[19:25:29.496] 170,505,0
[19:25:29.498] 171,678,0
[19:25:29.501] 172,789,0
[19:25:29.506] 173,814,0
[19:25:29.509] 174,750,0
[19:25:29.510] 175,645,10
[19:25:29.512] 176,488,17
[19:25:29.515] 177,349,5
[19:25:29.520] 178,241,10
[19:25:29.520] 179,191,9
[19:25:29.523] 180,191,3
[19:25:29.526] 181,222,0
[19:25:29.529] 182,200,0
[19:25:29.531] 183,136,0
[19:25:29.534] 184,53,0
[19:25:29.538] 185,0,8
[19:25:29.539] 186,0,19
[19:25:29.542] 187,0,19
[19:25:29.548] 188,0,2
[19:25:29.549] 189,26,4
[19:25:29.549] 190,168,2
[19:25:29.553] 191,360,2
[19:25:29.555] 192,557,3
[19:25:29.558] 193,686,8
[19:25:29.561] 194,746,6
[19:25:29.563] 195,700,7
[19:25:29.566] 196,542,16
[19:25:29.570] 197,338,28
[19:25:29.573] 198,126,36
[19:25:29.576] 199,0,51
[19:25:31.180] [HIT] t=563957 i=0 note=38 vel=62 raw=62 truepeak=1684 ch=10 rescues=0 thresh=-1.000 peak=-1.000 mask=-1 decay=-1 decaylen=-1 xfilt=-1.000 xfiltdecay=-1.000 loopt=0 piezodc=2848.0 dchead=33.2 spikerej=783
[19:25:31.189] [SysEx TX] F0 00 7D 00 05 03 00 00 3E 3E F7
[19:25:31.192] [SCOPE] input=0 pad_type=0 head_ch=1 rim_ch=0 head_peak=4095 rim_peak=191 decision=HEAD samples=200
[19:25:31.195] T,H,R
[19:25:31.198] 0,2,3
[19:25:31.200] 1,0,2
[19:25:31.203] 2,3,5
[19:25:31.205] 3,3,5
[19:25:31.208] 4,6,2
[19:25:31.212] 5,0,2
[19:25:31.214] 6,2,3
[19:25:31.217] 7,5,5
[19:25:31.225] 8,4,0
[19:25:31.226] 9,1,5
[19:25:31.228] 10,4,2
[19:25:31.230] 11,4,2
[19:25:31.234] 12,2,2
[19:25:31.237] 13,2,3
[19:25:31.239] 14,0,3
[19:25:31.247] 15,0,2
[19:25:31.247] 16,4,1
[19:25:31.249] 17,2,5
[19:25:31.251] 18,4,2
[19:25:31.253] 19,4,1
[19:25:31.256] 20,0,2
[19:25:31.259] 21,0,3
[19:25:31.262] 22,4,6
[19:25:31.265] 23,0,2
[19:25:31.268] 24,1,4
[19:25:31.271] 25,2,5
[19:25:31.273] 26,0,0
[19:25:31.279] 27,0,2
[19:25:31.281] 28,4,2
[19:25:31.282] 29,0,2
[19:25:31.284] 30,1,6
[19:25:31.286] 31,0,2
[19:25:31.293] 32,1,5
[19:25:31.293] 33,2,3
[19:25:31.294] 34,3,2
[19:25:31.299] 35,0,2
[19:25:31.302] 36,1,4
[19:25:31.304] 37,3,1
[19:25:31.307] 38,0,3
[19:25:31.309] 39,4,6
[19:25:31.313] 40,0,2
[19:25:31.316] 41,0,2
[19:25:31.318] 42,1,5
[19:25:31.329] 43,4,2
[19:25:31.330] 44,2,3
[19:25:31.331] 45,1,5
[19:25:31.331] 46,1,1
[19:25:31.333] 47,4,4
[19:25:31.338] 48,4,2
[19:25:31.339] 49,0,2
[19:25:31.343] 50,1,2
[19:25:31.350] 51,1,0
[19:25:31.350] 52,1,1
[19:25:31.352] 53,4,1
[19:25:31.353] 54,0,2
[19:25:31.356] 55,4,7
[19:25:31.359] 56,0,2
[19:25:31.362] 57,0,2
[19:25:31.365] 58,1,5
[19:25:31.368] 59,2,0
[19:25:31.371] 60,0,3
[19:25:31.373] 61,4,2
[19:25:31.376] 62,0,2
[19:25:31.381] 63,4,5
[19:25:31.382] 64,0,5
[19:25:31.384] 65,0,2
[19:25:31.387] 66,1,6
[19:25:31.392] 67,4,0
[19:25:31.393] 68,0,3
[19:25:31.394] 69,1,5
[19:25:31.396] 70,1,0
[19:25:31.400] 71,0,3
[19:25:31.403] 72,5,5
[19:25:31.408] 73,1,4
[19:25:31.408] 74,2,0
[19:25:31.414] 75,0,2
[19:25:31.414] 76,1,5
[19:25:31.416] 77,6,0
[19:25:31.420] 78,2,4
[19:25:31.430] 79,4,7
[19:25:31.431] 80,8,10
[19:25:31.432] 81,12,16
[19:25:31.432] 82,23,8
[19:25:31.438] 83,41,17
[19:25:31.439] 84,45,10
[19:25:31.442] 85,54,13
[19:25:31.445] 86,48,10
[19:25:31.447] 87,94,2
[19:25:31.452] 88,90,5
[19:25:31.455] 89,0,1
[19:25:31.457] 90,0,2
[19:25:31.459] 91,0,10
[19:25:31.462] 92,0,43
[19:25:31.465] 93,0,137
[19:25:31.470] 94,0,191
[19:25:31.470] 95,0,107
[19:25:31.473] 96,0,78
[19:25:31.476] 97,0,112
[19:25:31.479] 98,102,149
[19:25:31.484] 99,324,110
[19:25:31.486] 100,537,94
[19:25:31.486] 101,712,85
[19:25:31.489] 102,828,23
[19:25:31.495] 103,926,41
[19:25:31.497] 104,1007,122
[19:25:31.497] 105,1161,105
[19:25:31.499] 106,1406,54
[19:25:31.502] 107,1689,10
[19:25:31.504] 108,2012,46
[19:25:31.507] 109,2431,73
[19:25:31.511] 110,2837,27
[19:25:31.514] 111,3239,2
[19:25:31.516] 112,3731,0
[19:25:31.519] 113,4095,0
[19:25:31.523] 114,4095,0
[19:25:31.540] 115,4095,0
[19:25:31.540] 116,4095,0
[19:25:31.541] 117,4095,0
[19:25:31.542] 118,4095,0
[19:25:31.544] 119,4095,0
[19:25:31.547] 120,4095,0
[19:25:31.554] 121,4037,0
[19:25:31.554] 122,3969,0
[19:25:31.555] 123,3789,0
[19:25:31.559] 124,3751,0
[19:25:31.561] 125,3847,0
[19:25:31.564] 126,3945,0
[19:25:31.567] 127,3890,0
[19:25:31.570] 128,3694,0
[19:25:31.572] 129,3606,0
[19:25:31.575] 130,3481,0
[19:25:31.578] 131,3357,0
[19:25:31.580] 132,3260,43
[19:25:31.586] 133,3216,1
[19:25:31.588] 134,3068,0
[19:25:31.588] 135,2969,0
[19:25:31.592] 136,2889,4
[19:25:31.597] 137,2873,2
[19:25:31.598] 138,2874,19
[19:25:31.599] 139,2881,41
[19:25:31.603] 140,2761,36
[19:25:31.606] 141,2492,56
[19:25:31.610] 142,2014,73
[19:25:31.611] 143,1513,57
[19:25:31.622] 144,960,80
[19:25:31.623] 145,534,141
[19:25:31.624] 146,221,166
[19:25:31.625] 147,115,121
[19:25:31.627] 148,221,79
[19:25:31.638] 149,438,105
[19:25:31.638] 150,792,135
[19:25:31.639] 151,1274,104
[19:25:31.640] 152,1935,72
[19:25:31.643] 153,2621,49
[19:25:31.646] 154,3105,0
[19:25:31.650] 155,3348,0
[19:25:31.662] 156,3321,0
[19:25:31.662] 157,3090,38
[19:25:31.663] 158,2717,59
[19:25:31.664] 159,2205,57
[19:25:31.679] 160,1718,41
[19:25:31.680] 161,1206,29
[19:25:31.680] 162,878,14
[19:25:31.688] 163,717,5
[19:25:31.689] 164,678,10
[19:25:31.691] 165,678,0
[19:25:31.692] 166,739,0
[19:25:31.699] 167,862,0
[19:25:31.700] 168,966,0
[19:25:31.700] 169,1129,0
[19:25:31.703] 170,1236,0
[19:25:31.706] 171,1267,0
[19:25:31.708] 172,1357,0
[19:25:31.712] 173,1542,0
[19:25:31.715] 174,1700,0
[19:25:31.718] 175,1718,0
[19:25:31.720] 176,1703,0
[19:25:31.723] 177,1671,0
[19:25:31.726] 178,1572,0
[19:25:31.731] 179,1304,0
[19:25:31.743] 180,1069,0
[19:25:31.744] 181,892,0
[19:25:31.751] 182,792,0
[19:25:31.752] 183,688,0
[19:25:31.754] 184,609,0
[19:25:31.757] 185,614,0
[19:25:31.765] 186,665,2
[19:25:31.765] 187,693,12
[19:25:31.768] 188,699,21
[19:25:31.771] 189,649,25
[19:25:31.772] 190,586,56
[19:25:31.774] 191,543,73
[19:25:31.777] 192,442,83
[19:25:31.780] 193,366,86
[19:25:31.784] 194,293,93
[19:25:31.785] 195,244,89
[19:25:31.791] 196,265,110
[19:25:31.791] 197,352,118
[19:25:31.793] 198,434,121
[19:25:31.795] 199,491,109
[19:25:31.804] [HIT] t=564580 i=0 note=38 vel=127 raw=127 truepeak=3281 ch=10 rescues=0 thresh=-1.000 peak=-1.000 mask=-1 decay=-1 decaylen=-1 xfilt=-1.000 xfiltdecay=-1.000 loopt=0 piezodc=124.0 dchead=93.8 spikerej=851
[19:25:31.812] [SysEx TX] F0 00 7D 00 05 03 00 00 7F 7F F7
[19:25:31.816] [SCOPE] input=0 pad_type=0 head_ch=1 rim_ch=0 head_peak=4095 rim_peak=191 decision=HEAD samples=200
[19:25:31.820] T,H,R
[19:25:31.823] 0,0,2
[19:25:31.826] 1,0,2
[19:25:31.827] 2,1,5
[19:25:31.829] 3,4,2
[19:25:31.832] 4,2,3
[19:25:31.842] 5,1,5
[19:25:31.843] 6,1,1
[19:25:31.845] 7,4,4
[19:25:31.846] 8,4,2
[19:25:31.848] 9,0,2
[19:25:31.851] 10,1,2
[19:25:31.854] 11,1,0
[19:25:31.861] 12,1,1
[19:25:31.862] 13,4,1
[19:25:31.866] 14,0,2
[19:25:31.867] 15,4,7
[19:25:31.868] 16,0,2
[19:25:31.871] 17,0,2
[19:25:31.874] 18,1,5
[19:25:31.877] 19,2,0
[19:25:31.882] 20,0,3
[19:25:31.884] 21,4,2
[19:25:31.887] 22,0,2
[19:25:31.889] 23,4,5
[19:25:31.897] 24,0,5
[19:25:31.898] 25,0,2
[19:25:31.899] 26,1,6
[19:25:31.899] 27,4,0
[19:25:31.904] 28,0,3
[19:25:31.904] 29,1,5
[19:25:31.907] 30,1,0
[19:25:31.910] 31,0,3
[19:25:31.913] 32,5,5
[19:25:31.916] 33,1,4
[19:25:31.919] 34,2,0
[19:25:31.922] 35,0,2
[19:25:31.925] 36,1,5
[19:25:31.928] 37,6,0
[19:25:31.931] 38,2,4
[19:25:31.934] 39,4,7
[19:25:31.943] 40,8,10
[19:25:31.944] 41,12,16
[19:25:31.946] 42,23,8
[19:25:31.947] 43,41,17
[19:25:31.951] 44,45,10
[19:25:31.952] 45,54,13
[19:25:31.955] 46,48,10
[19:25:31.958] 47,94,2
[19:25:31.961] 48,90,5
[19:25:31.964] 49,0,1
[19:25:31.967] 50,0,2
[19:25:31.968] 51,0,10
[19:25:31.972] 52,0,43
[19:25:31.974] 53,0,137
[19:25:31.978] 54,0,191
[19:25:31.982] 55,0,107
[19:25:31.982] 56,0,78
[19:25:31.986] 57,0,112
[19:25:31.990] 58,102,149
[19:25:31.995] 59,324,110
[19:25:31.995] 60,537,94
[19:25:31.996] 61,712,85
[19:25:31.998] 62,828,23
[19:25:32.006] 63,926,41
[19:25:32.006] 64,1007,122
[19:25:32.008] 65,1161,105
[19:25:32.009] 66,1406,54
[19:25:32.012] 67,1689,10
[19:25:32.015] 68,2012,46
[19:25:32.018] 69,2431,73
[19:25:32.021] 70,2837,27
[19:25:32.024] 71,3239,2
[19:25:32.027] 72,3731,0
[19:25:32.030] 73,4095,0
[19:25:32.032] 74,4095,0
[19:25:32.036] 75,4095,0
[19:25:32.044] 76,4095,0
[19:25:32.047] 77,4095,0
[19:25:32.048] 78,4095,0
[19:25:32.052] 79,4095,0
[19:25:32.054] 80,4095,0
[19:25:32.056] 81,4037,0
[19:25:32.059] 82,3969,0
[19:25:32.066] 83,3789,0
[19:25:32.066] 84,3751,0
[19:25:32.074] 85,3847,0
[19:25:32.075] 86,3945,0
[19:25:32.075] 87,3890,0
[19:25:32.076] 88,3694,0
[19:25:32.079] 89,3606,0
[19:25:32.082] 90,3481,0
[19:25:32.085] 91,3357,0
[19:25:32.088] 92,3260,43
[19:25:32.092] 93,3216,1
[19:25:32.094] 94,3068,0
[19:25:32.098] 95,2969,0
[19:25:32.100] 96,2889,4
[19:25:32.102] 97,2873,2
[19:25:32.108] 98,2874,19
[19:25:32.110] 99,2881,41
[19:25:32.112] 100,2761,36
[19:25:32.112] 101,2492,56
[19:25:32.116] 102,2014,73
[19:25:32.118] 103,1513,57
[19:25:32.121] 104,960,80
[19:25:32.125] 105,534,141
[19:25:32.126] 106,221,166
[19:25:32.131] 107,115,121
[19:25:32.132] 108,221,79
[19:25:32.134] 109,438,105
[19:25:32.138] 110,792,135
[19:25:32.143] 111,1274,104
[19:25:32.147] 112,1935,72
[19:25:32.151] 113,2621,49
[19:25:32.158] 114,3105,0
[19:25:32.159] 115,3348,0
[19:25:32.162] 116,3321,0
[19:25:32.166] 117,3090,38
[19:25:32.169] 118,2717,59
[19:25:32.172] 119,2205,57
[19:25:32.174] 120,1718,41
[19:25:32.177] 121,1206,29
[19:25:32.180] 122,878,14
[19:25:32.182] 123,717,5
[19:25:32.185] 124,678,10
[19:25:32.188] 125,678,0
[19:25:32.191] 126,739,0
[19:25:32.196] 127,862,0
[19:25:32.197] 128,966,0
[19:25:32.201] 129,1129,0
[19:25:32.202] 130,1236,0
[19:25:32.204] 131,1267,0
[19:25:32.211] 132,1357,0
[19:25:32.212] 133,1542,0
[19:25:32.213] 134,1700,0
[19:25:32.215] 135,1718,0
[19:25:32.217] 136,1703,0
[19:25:32.222] 137,1671,0
[19:25:32.224] 138,1572,0
[19:25:32.229] 139,1304,0
[19:25:32.229] 140,1069,0
[19:25:32.231] 141,892,0
[19:25:32.234] 142,792,0
[19:25:32.239] 143,688,0
[19:25:32.240] 144,609,0
[19:25:32.255] 145,614,0
[19:25:32.256] 146,665,2
[19:25:32.260] 147,693,12
[19:25:32.261] 148,699,21
[19:25:32.261] 149,649,25
[19:25:32.264] 150,586,56
[19:25:32.266] 151,543,73
[19:25:32.270] 152,442,83
[19:25:32.274] 153,366,86
[19:25:32.274] 154,293,93
[19:25:32.277] 155,244,89
[19:25:32.286] 156,265,110
[19:25:32.287] 157,352,118
[19:25:32.288] 158,434,121
[19:25:32.288] 159,491,109
[19:25:32.295] 160,537,110
[19:25:32.296] 161,534,105
[19:25:32.298] 162,581,105
[19:25:32.303] 163,698,100
[19:25:32.304] 164,926,106
[19:25:32.305] 165,1190,104
[19:25:32.308] 166,1476,77
[19:25:32.316] 167,1692,54
[19:25:32.316] 168,1894,65
[19:25:32.317] 169,1994,86
[19:25:32.318] 170,1896,104
[19:25:32.322] 171,1664,79
[19:25:32.325] 172,1403,38
[19:25:32.329] 173,1108,54
[19:25:32.331] 174,693,53
[19:25:32.332] 175,142,51
[19:25:32.336] 176,0,90
[19:25:32.338] 177,0,108
[19:25:32.341] 178,0,126
[19:25:32.360] 179,0,120
[19:25:32.360] 180,256,57
[19:25:32.362] 181,798,0
[19:25:32.363] 182,1401,0
[19:25:32.367] 183,2068,0
[19:25:32.371] 184,2547,2
[19:25:32.374] 185,2736,28
[19:25:32.377] 186,2640,40
[19:25:32.378] 187,2314,38
[19:25:32.380] 188,1912,57
[19:25:32.383] 189,1481,79
[19:25:32.387] 190,1155,74
[19:25:32.390] 191,1020,52
[19:25:32.393] 192,1058,61
[19:25:32.395] 193,1165,38
[19:25:32.398] 194,1232,10
[19:25:32.401] 195,1247,0
[19:25:32.409] 196,1160,0
[19:25:32.410] 197,980,25
[19:25:32.412] 198,751,44
[19:25:32.412] 199,613,30
[19:25:32.418] [HIT] t=565195 i=0 note=38 vel=12 raw=12 truepeak=462 ch=10 rescues=0 thresh=-1.000 peak=-1.000 mask=-1 decay=-1 decaylen=-1 xfilt=-1.000 xfiltdecay=-1.000 loopt=0 piezodc=-19.0 dchead=92.4 spikerej=851
[19:25:32.428] [SysEx TX] F0 00 7D 00 05 03 00 00 0C 0C F7
[19:25:32.432] [SCOPE] input=0 pad_type=0 head_ch=1 rim_ch=0 head_peak=1161 rim_peak=57 decision=HEAD samples=200
[19:25:32.435] T,H,R
[19:25:32.437] 0,0,40
[19:25:32.439] 1,0,52
[19:25:32.443] 2,0,56
[19:25:32.446] 3,0,44
[19:25:32.454] 4,0,24
[19:25:32.455] 5,86,26
[19:25:32.457] 6,290,12
[19:25:32.459] 7,504,22
[19:25:32.462] 8,742,30
[19:25:32.465] 9,953,21
[19:25:32.468] 10,1092,7
[19:25:32.473] 11,1161,0
[19:25:32.476] 12,1161,2
[19:25:32.476] 13,1099,10
[19:25:32.479] 14,991,13
[19:25:32.481] 15,851,6
[19:25:32.484] 16,709,8
[19:25:32.489] 17,547,8
[19:25:32.491] 18,364,16
[19:25:32.493] 19,184,20
[19:25:32.496] 20,42,22
[19:25:32.499] 21,0,19
[19:25:32.502] 22,0,5
[19:25:32.507] 23,0,3
[19:25:32.508] 24,21,1
[19:25:32.508] 25,84,0
[19:25:32.512] 26,147,1
[19:25:32.515] 27,205,2
[19:25:32.518] 28,271,27
[19:25:32.523] 29,306,39
[19:25:32.524] 30,335,36
[19:25:32.526] 31,330,23
[19:25:32.529] 32,329,24
[19:25:32.532] 33,325,26
[19:25:32.534] 34,333,36
[19:25:32.538] 35,333,33
[19:25:32.541] 36,301,39
[19:25:32.544] 37,252,43
[19:25:32.547] 38,204,40
[19:25:32.557] 39,150,56
[19:25:32.557] 40,112,54
[19:25:32.559] 41,100,54
[19:25:32.563] 42,105,51
[19:25:32.565] 43,135,38
[19:25:32.568] 44,168,37
[19:25:32.571] 45,184,35
[19:25:32.577] 46,227,48
[19:25:32.577] 47,227,57
[19:25:32.582] 48,217,57
[19:25:32.583] 49,202,57
[19:25:32.585] 50,187,52
[19:25:32.588] 51,180,34
[19:25:32.591] 52,176,35
[19:25:32.594] 53,201,26
[19:25:32.596] 54,234,32
[19:25:32.599] 55,274,31
[19:25:32.602] 56,317,41
[19:25:32.604] 57,354,34
[19:25:32.610] 58,358,26
[19:25:32.612] 59,357,26
[19:25:32.613] 60,372,23
[19:25:32.615] 61,398,12
[19:25:32.621] 62,452,19
[19:25:32.622] 63,492,5
[19:25:32.623] 64,520,2
[19:25:32.625] 65,521,1
[19:25:32.629] 66,446,0
[19:25:32.631] 67,329,10
[19:25:32.634] 68,158,10
[19:25:32.636] 69,2,10
[19:25:32.639] 70,0,13
[19:25:32.642] 71,0,5
[19:25:32.645] 72,0,2
[19:25:32.647] 73,0,6
[19:25:32.651] 74,0,17
[19:25:32.662] 75,0,12
[19:25:32.663] 76,0,19
[19:25:32.663] 77,100,19
[19:25:32.664] 78,248,9
[19:25:32.667] 79,385,3
[19:25:32.670] 80,517,3
[19:25:32.672] 81,594,13
[19:25:32.677] 82,634,18
[19:25:32.681] 83,633,21
[19:25:32.681] 84,614,22
[19:25:32.684] 85,565,14
[19:25:32.686] 86,535,10
[19:25:32.689] 87,527,14
[19:25:32.696] 88,532,10
[19:25:32.696] 89,551,10
[19:25:32.698] 90,565,6
[19:25:32.699] 91,562,6
[19:25:32.703] 92,531,4
[19:25:32.705] 93,474,7
[19:25:32.707] 94,395,17
[19:25:32.715] 95,310,8
[19:25:32.716] 96,249,16
[19:25:32.717] 97,216,16
[19:25:32.723] 98,218,10
[19:25:32.723] 99,244,2
[19:25:32.725] 100,278,0
[19:25:32.727] 101,308,1
[19:25:32.732] 102,335,0
[19:25:32.733] 103,318,0
[19:25:32.735] 104,281,0
[19:25:32.738] 105,245,2
[19:25:32.741] 106,214,0
[19:25:32.745] 107,191,1
[19:25:32.749] 108,201,0
[19:25:32.749] 109,208,0
[19:25:32.755] 110,228,0
[19:25:32.765] 111,255,0
[19:25:32.766] 112,274,0
[19:25:32.767] 113,269,0
[19:25:32.769] 114,263,1
[19:25:32.771] 115,237,0
[19:25:32.773] 116,210,0
[19:25:32.776] 117,161,0
[19:25:32.782] 118,105,0
[19:25:32.784] 119,49,0
[19:25:32.784] 120,0,0
[19:25:32.787] 121,0,0
[19:25:32.789] 122,0,0
[19:25:32.792] 123,0,0
[19:25:32.797] 124,0,0
[19:25:32.798] 125,0,0
[19:25:32.801] 126,0,0
[19:25:32.804] 127,1,0
[19:25:32.807] 128,73,0
[19:25:32.808] 129,179,0
[19:25:32.815] 130,291,0
[19:25:32.816] 131,393,0
[19:25:32.816] 132,475,0
[19:25:32.819] 133,534,0
[19:25:32.825] 134,557,0
[19:25:32.825] 135,547,0
[19:25:32.827] 136,519,0
[19:25:32.829] 137,471,0
[19:25:32.832] 138,415,0
[19:25:32.835] 139,359,0
[19:25:32.837] 140,283,0
[19:25:32.841] 141,204,0
[19:25:32.843] 142,109,0
[19:25:32.846] 143,31,0
[19:25:32.849] 144,0,0
[19:25:32.852] 145,0,0
[19:25:32.854] 146,0,0
[19:25:32.867] 147,0,0
[19:25:32.867] 148,0,0
[19:25:32.867] 149,0,0
[19:25:32.868] 150,0,0
[19:25:32.875] 151,31,0
[19:25:32.875] 152,46,0
[19:25:32.877] 153,56,0
[19:25:32.880] 154,33,0
[19:25:32.885] 155,13,1
[19:25:32.885] 156,2,0
[19:25:32.888] 157,0,1
[19:25:32.890] 158,7,0
[19:25:32.893] 159,41,0
[19:25:32.896] 160,77,0
[19:25:32.898] 161,142,0
[19:25:32.901] 162,178,0
[19:25:32.904] 163,207,1
[19:25:32.907] 164,222,0
[19:25:32.909] 165,220,3
[19:25:32.912] 166,221,1
[19:25:32.917] 167,221,2
[19:25:32.918] 168,216,4
[19:25:32.920] 169,187,1
[19:25:32.930] 170,157,0
[19:25:32.931] 171,117,6
[19:25:32.931] 172,75,2
[19:25:32.932] 173,39,0
[19:25:32.934] 174,18,6
[19:25:32.936] 175,6,3
[19:25:32.939] 176,8,2
[19:25:32.943] 177,29,0
[19:25:32.945] 178,51,0
[19:25:32.948] 179,86,0
[19:25:32.951] 180,124,0
[19:25:32.954] 181,166,0
[19:25:32.957] 182,203,0
[19:25:32.967] 183,233,0
[19:25:32.967] 184,250,0
[19:25:32.968] 185,256,0
[19:25:32.971] 186,262,0
[19:25:32.971] 187,251,0
[19:25:32.974] 188,233,0
[19:25:32.977] 189,188,0
[19:25:32.979] 190,121,0
[19:25:32.983] 191,33,3
[19:25:32.989] 192,0,1
[19:25:32.989] 193,0,4
[19:25:32.995] 194,0,8
[19:25:32.996] 195,0,10
[19:25:32.997] 196,0,8
[19:25:33.000] 197,0,2
[19:25:33.004] 198,0,7
[19:25:33.006] 199,10,8
[19:25:33.865] [HIT] t=566641 i=0 note=38 vel=97 raw=97 truepeak=2525 ch=10 rescues=0 thresh=-1.000 peak=-1.000 mask=-1 decay=-1 decaylen=-1 xfilt=-1.000 xfiltdecay=-1.000 loopt=0 piezodc=862.0 dchead=34.2 spikerej=864
[19:25:33.873] [SysEx TX] F0 00 7D 00 05 03 00 00 61 61 F7
[19:25:33.877] [SCOPE] input=0 pad_type=0 head_ch=1 rim_ch=0 head_peak=4095 rim_peak=620 decision=HEAD samples=200
[19:25:33.881] T,H,R
[19:25:33.897] 0,0,2
[19:25:33.898] 1,4,5
[19:25:33.899] 2,0,0
[19:25:33.900] 3,0,2
[19:25:33.905] 4,2,2
[19:25:33.910] 5,0,2
[19:25:33.913] 6,0,2
[19:25:33.916] 7,1,5
[19:25:33.919] 8,1,1
[19:25:33.922] 9,0,2
[19:25:33.926] 10,2,3
[19:25:33.927] 11,1,1
[19:25:33.930] 12,1,2
[19:25:33.932] 13,0,0
[19:25:33.935] 14,2,5
[19:25:33.941] 15,2,0
[19:25:33.941] 16,0,2
[19:25:33.942] 17,4,4
[19:25:33.946] 18,0,2
[19:25:33.954] 19,4,2
[19:25:33.954] 20,1,2
[19:25:33.954] 21,0,2
[19:25:33.957] 22,4,1
[19:25:33.959] 23,0,8
[19:25:33.962] 24,1,4
[19:25:33.965] 25,0,2
[19:25:33.968] 26,0,3
[19:25:33.971] 27,0,0
[19:25:33.973] 28,4,2
[19:25:33.976] 29,0,5
[19:25:33.979] 30,0,2
[19:25:33.982] 31,0,1
[19:25:33.993] 32,1,2
[19:25:33.993] 33,2,1
[19:25:33.994] 34,2,0
[19:25:33.998] 35,0,3
[19:25:34.001] 36,0,3
[19:25:34.003] 37,0,0
[19:25:34.006] 38,2,1
[19:25:34.010] 39,0,0
[19:25:34.012] 40,1,5
[19:25:34.015] 41,0,2
[19:25:34.017] 42,4,6
[19:25:34.019] 43,0,2
[19:25:34.022] 44,0,2
[19:25:34.025] 45,4,6
[19:25:34.028] 46,0,2
[19:25:34.031] 47,4,2
[19:25:34.033] 48,0,2
[19:25:34.035] 49,4,7
[19:25:34.038] 50,0,1
[19:25:34.043] 51,0,0
[19:25:34.044] 52,0,3
[19:25:34.046] 53,0,0
[19:25:34.049] 54,2,4
[19:25:34.054] 55,2,1
[19:25:34.055] 56,2,3
[19:25:34.057] 57,0,0
[19:25:34.060] 58,2,1
[19:25:34.063] 59,1,1
[19:25:34.066] 60,0,2
[19:25:34.069] 61,0,5
[19:25:34.071] 62,0,2
[19:25:34.074] 63,2,5
[19:25:34.077] 64,2,6
[19:25:34.080] 65,1,2
[19:25:34.083] 66,2,2
[19:25:34.094] 67,2,6
[19:25:34.094] 68,0,1
[19:25:34.094] 69,0,0
[19:25:34.101] 70,3,4
[19:25:34.105] 71,3,1
[19:25:34.106] 72,2,6
[19:25:34.108] 73,4,1
[19:25:34.117] 74,3,4
[19:25:34.119] 75,1,2
[19:25:34.120] 76,2,6
[19:25:34.121] 77,2,0
[19:25:34.122] 78,2,0
[19:25:34.126] 79,6,4
[19:25:34.129] 80,0,3
[19:25:34.131] 81,5,2
[19:25:34.134] 82,3,5
[19:25:34.136] 83,0,2
[19:25:34.140] 84,1,6
[19:25:34.151] 85,4,1
[19:25:34.152] 86,2,3
[19:25:34.152] 87,5,5
[19:25:34.154] 88,1,2
[19:25:34.156] 89,3,5
[19:25:34.159] 90,0,2
[19:25:34.162] 91,2,2
[19:25:34.165] 92,3,5
[19:25:34.168] 93,4,6
[19:25:34.170] 94,2,3
[19:25:34.173] 95,1,0
[19:25:34.176] 96,19,70
[19:25:34.180] 97,57,59
[19:25:34.182] 98,118,45
[19:25:34.183] 99,175,86
[19:25:34.188] 100,184,10
[19:25:34.202] 101,207,90
[19:25:34.203] 102,258,93
[19:25:34.203] 103,218,0
[19:25:34.206] 104,263,16
[19:25:34.209] 105,0,40
[19:25:34.212] 106,0,3
[19:25:34.220] 107,0,0
[19:25:34.221] 108,0,0
[19:25:34.222] 109,0,182
[19:25:34.224] 110,0,393
[19:25:34.227] 111,0,620
[19:25:34.229] 112,0,267
[19:25:34.234] 113,0,286
[19:25:34.234] 114,544,601
[19:25:34.237] 115,1465,318
[19:25:34.241] 116,2537,109
[19:25:34.242] 117,4041,95
[19:25:34.249] 118,4095,72
[19:25:34.249] 119,4095,15
[19:25:34.251] 120,4095,56
[19:25:34.253] 121,4095,0
[19:25:34.259] 122,4095,86
[19:25:34.260] 123,4095,363
[19:25:34.261] 124,4095,0
[19:25:34.264] 125,4095,0
[19:25:34.267] 126,4095,370
[19:25:34.269] 127,4095,137
[19:25:34.272] 128,4095,0
[19:25:34.274] 129,4095,0
[19:25:34.277] 130,4095,0
[19:25:34.282] 131,4095,0
[19:25:34.291] 132,4095,96
[19:25:34.300] 133,4095,0
[19:25:34.301] 134,4095,0
[19:25:34.301] 135,3981,0
[19:25:34.302] 136,3017,0
[19:25:34.305] 137,2274,0
[19:25:34.308] 138,1478,0
[19:25:34.311] 139,761,26
[19:25:34.314] 140,99,35
[19:25:34.320] 141,0,16
[19:25:34.323] 142,0,135
[19:25:34.323] 143,113,0
[19:25:34.325] 144,365,19
[19:25:34.328] 145,614,152
[19:25:34.333] 146,815,116
[19:25:34.333] 147,900,89
[19:25:34.336] 148,896,136
[19:25:34.337] 149,844,288
[19:25:34.345] 150,697,374
[19:25:34.347] 151,592,378
[19:25:34.347] 152,367,395
[19:25:34.350] 153,0,406
[19:25:34.353] 154,0,377
[19:25:34.354] 155,0,313
[19:25:34.362] 156,0,403
[19:25:34.362] 157,0,582
[19:25:34.363] 158,0,565
[19:25:34.364] 159,0,430
[19:25:34.368] 160,0,481
[19:25:34.370] 161,361,518
[19:25:34.373] 162,1300,526
[19:25:34.376] 163,2713,537
[19:25:34.379] 164,4095,398
[19:25:34.382] 165,4095,265
[19:25:34.385] 166,4095,222
[19:25:34.388] 167,4095,336
[19:25:34.392] 168,4095,429
[19:25:34.395] 169,3589,405
[19:25:34.401] 170,2820,335
[19:25:34.402] 171,2270,319
[19:25:34.403] 172,2016,286
[19:25:34.406] 173,1973,218
[19:25:34.409] 174,2072,230
[19:25:34.412] 175,2380,237
[19:25:34.416] 176,2647,205
[19:25:34.418] 177,2902,124
[19:25:34.420] 178,3066,11
[19:25:34.424] 179,2927,0
[19:25:34.426] 180,2686,2
[19:25:34.429] 181,2338,33
[19:25:34.431] 182,1897,0
[19:25:34.434] 183,1962,0
[19:25:34.437] 184,2377,0
[19:25:34.440] 185,2857,0
[19:25:34.443] 186,3401,0
[19:25:34.449] 187,3702,0
[19:25:34.449] 188,3585,0
[19:25:34.453] 189,2910,21
[19:25:34.454] 190,1961,60
[19:25:34.457] 191,823,53
[19:25:34.465] 192,0,64
[19:25:34.465] 193,0,118
[19:25:34.466] 194,0,212
[19:25:34.468] 195,0,212
[19:25:34.471] 196,0,123
[19:25:34.474] 197,0,137
[19:25:34.476] 198,525,160
[19:25:34.480] 199,1549,227
[19:25:34.485] [HIT] t=567263 i=0 note=38 vel=127 raw=127 truepeak=4057 ch=10 rescues=0 thresh=-1.000 peak=-1.000 mask=-1 decay=-1 decaylen=-1 xfilt=-1.000 xfiltdecay=-1.000 loopt=0 piezodc=1151.0 dchead=165.0 spikerej=1025
[19:25:34.497] [SysEx TX] F0 00 7D 00 05 03 00 00 7F 7F F7
[19:25:34.503] [SCOPE] input=0 pad_type=0 head_ch=1 rim_ch=0 head_peak=4095 rim_peak=620 decision=HEAD samples=200
[19:25:34.504] T,H,R
[19:25:34.506] 0,4,7
[19:25:34.509] 1,0,1
[19:25:34.512] 2,0,0
[19:25:34.515] 3,0,3
[19:25:34.523] 4,0,0
[19:25:34.524] 5,2,4
[19:25:34.525] 6,2,1
[19:25:34.527] 7,2,3
[19:25:34.529] 8,0,0
[19:25:34.532] 9,2,1
[19:25:34.535] 10,1,1
[19:25:34.538] 11,0,2
[19:25:34.541] 12,0,5
[19:25:34.543] 13,0,2
[19:25:34.546] 14,2,5
[19:25:34.549] 15,2,6
[19:25:34.555] 16,1,2
[19:25:34.556] 17,2,2
[19:25:34.556] 18,2,6
[19:25:34.559] 19,0,1
[19:25:34.565] 20,0,0
[19:25:34.566] 21,3,4
[19:25:34.568] 22,3,1
[19:25:34.570] 23,2,6
[19:25:34.573] 24,4,1
[19:25:34.576] 25,3,4
[19:25:34.579] 26,1,2
[19:25:34.581] 27,2,6
[19:25:34.585] 28,2,0
[19:25:34.588] 29,2,0
[19:25:34.591] 30,6,4
[19:25:34.594] 31,0,3
[19:25:34.604] 32,5,2
[19:25:34.607] 33,3,5
[19:25:34.607] 34,0,2
[19:25:34.608] 35,1,6
[19:25:34.609] 36,4,1
[19:25:34.614] 37,2,3
[19:25:34.615] 38,5,5
[19:25:34.618] 39,1,2
[19:25:34.624] 40,3,5
[19:25:34.625] 41,0,2
[19:25:34.627] 42,2,2
[19:25:34.629] 43,3,5
[19:25:34.632] 44,4,6
[19:25:34.634] 45,2,3
[19:25:34.637] 46,1,0
[19:25:34.640] 47,19,70
[19:25:34.643] 48,57,59
[19:25:34.646] 49,118,45
[19:25:34.649] 50,175,86
[19:25:34.651] 51,184,10
[19:25:34.658] 52,207,90
[19:25:34.658] 53,258,93
[19:25:34.660] 54,218,0
[19:25:34.662] 55,263,16
[19:25:34.669] 56,0,40
[19:25:34.671] 57,0,3
[19:25:34.675] 58,0,0
[19:25:34.675] 59,0,0
[19:25:34.678] 60,0,182
[19:25:34.681] 61,0,393
[19:25:34.683] 62,0,620
[19:25:34.686] 63,0,267
[19:25:34.689] 64,0,286
[19:25:34.692] 65,544,601
[19:25:34.694] 66,1465,318
[19:25:34.699] 67,2537,109
[19:25:34.716] 68,4041,95
[19:25:34.716] 69,4095,72
[19:25:34.717] 70,4095,15
[19:25:34.718] 71,4095,56
[19:25:34.721] 72,4095,0
[19:25:34.724] 73,4095,86
[19:25:34.729] 74,4095,363
[19:25:34.732] 75,4095,0
[19:25:34.733] 76,4095,0
[19:25:34.735] 77,4095,370
[19:25:34.737] 78,4095,137
[19:25:34.740] 79,4095,0
[19:25:34.745] 80,4095,0
[19:25:34.747] 81,4095,0
[19:25:34.749] 82,4095,0
[19:25:34.752] 83,4095,96
[19:25:34.755] 84,4095,0
[19:25:34.759] 85,4095,0
[19:25:34.760] 86,3981,0
[19:25:34.762] 87,3017,0
[19:25:34.765] 88,2274,0
[19:25:34.771] 89,1478,0
[19:25:34.772] 90,761,26
[19:25:34.774] 91,99,35
[19:25:34.776] 92,0,16
[19:25:34.780] 93,0,135
[19:25:34.782] 94,113,0
[19:25:34.785] 95,365,19
[19:25:34.788] 96,614,152
[19:25:34.791] 97,815,116
[19:25:34.798] 98,900,89
[19:25:34.800] 99,896,136
[19:25:34.800] 100,844,288
[19:25:34.802] 101,697,374
[19:25:34.813] 102,592,378
[19:25:34.816] 103,367,395
[19:25:34.819] 104,0,406
[19:25:34.821] 105,0,377
[19:25:34.824] 106,0,313
[19:25:34.831] 107,0,403
[19:25:34.832] 108,0,582
[19:25:34.840] 109,0,565
[19:25:34.841] 110,0,430
[19:25:34.842] 111,0,481
[19:25:34.843] 112,361,518
[19:25:34.847] 113,1300,526
[19:25:34.849] 114,2713,537
[19:25:34.857] 115,4095,398
[19:25:34.858] 116,4095,265
[19:25:34.858] 117,4095,222
[19:25:34.864] 118,4095,336
[19:25:34.865] 119,4095,429
[19:25:34.866] 120,3589,405
[19:25:34.867] 121,2820,335
[19:25:34.872] 122,2270,319
[19:25:34.873] 123,2016,286
[19:25:34.875] 124,1973,218
[19:25:34.878] 125,2072,230
[19:25:34.881] 126,2380,237
[19:25:34.883] 127,2647,205
[19:25:34.886] 128,2902,124
[19:25:34.897] 129,3066,11
[19:25:34.897] 130,2927,0
[19:25:34.897] 131,2686,2
[19:25:34.898] 132,2338,33
[19:25:34.904] 133,1897,0
[19:25:34.915] 134,1962,0
[19:25:34.915] 135,2377,0
[19:25:34.916] 136,2857,0
[19:25:34.917] 137,3401,0
[19:25:34.920] 138,3702,0
[19:25:34.923] 139,3585,0
[19:25:34.927] 140,2910,21
[19:25:34.928] 141,1961,60
[19:25:34.932] 142,823,53
[19:25:34.936] 143,0,64
[19:25:34.937] 144,0,118
[19:25:34.939] 145,0,212
[19:25:34.942] 146,0,212
[19:25:34.948] 147,0,123
[19:25:34.949] 148,0,137
[19:25:34.950] 149,525,160
[19:25:34.952] 150,1549,227
[19:25:34.956] 151,2678,213
[19:25:34.959] 152,3984,135
[19:25:34.965] 153,4095,141
[19:25:34.965] 154,4095,147
[19:25:34.966] 155,4095,181
[19:25:34.971] 156,4024,249
[19:25:34.972] 157,3170,400
[19:25:34.975] 158,2318,456
[19:25:34.977] 159,1651,424
[19:25:34.981] 160,1350,429
[19:25:34.983] 161,1296,459
[19:25:34.986] 162,1512,387
[19:25:34.989] 163,1928,307
[19:25:34.992] 164,2421,269
[19:25:34.994] 165,2998,262
[19:25:34.999] 166,3563,281
[19:25:35.000] 167,4095,276
[19:25:35.002] 168,4095,246
[19:25:35.006] 169,4095,248
[19:25:35.017] 170,4095,244
[19:25:35.017] 171,4095,272
[19:25:35.018] 172,4095,265
[19:25:35.020] 173,4095,218
[19:25:35.022] 174,3513,253
[19:25:35.025] 175,2899,292
[19:25:35.028] 176,2240,248
[19:25:35.033] 177,1595,271
[19:25:35.036] 178,969,342
[19:25:35.039] 179,0,339
[19:25:35.039] 180,0,283
[19:25:35.041] 181,0,303
[19:25:35.046] 182,0,348
[19:25:35.047] 183,382,265
[19:25:35.049] 184,937,180
[19:25:35.053] 185,1708,153
[19:25:35.057] 186,2473,212
[19:25:35.059] 187,2968,277
[19:25:35.063] 188,3251,317
[19:25:35.067] 189,3046,336
[19:25:35.069] 190,2313,344
[19:25:35.071] 191,1445,318
[19:25:35.072] 192,662,324
[19:25:35.076] 193,218,356
[19:25:35.078] 194,127,358
[19:25:35.084] 195,46,286
[19:25:35.084] 196,0,263
[19:25:35.085] 197,0,214
[19:25:35.088] 198,0,190
[19:25:35.092] 199,181,229
[19:25:35.099] [HIT] t=567877 i=0 note=38 vel=49 raw=49 truepeak=1367 ch=10 rescues=0 thresh=-1.000 peak=-1.000 mask=-1 decay=-1 decaylen=-1 xfilt=-1.000 xfiltdecay=-1.000 loopt=0 piezodc=97.0 dchead=186.4 spikerej=1036
[19:25:35.116] [SysEx TX] F0 00 7D 00 05 03 00 00 31 31 F7
[19:25:35.117] [SCOPE] input=0 pad_type=0 head_ch=1 rim_ch=0 head_peak=2510 rim_peak=118 decision=HEAD samples=200
[19:25:35.118] T,H,R
[19:25:35.118] 0,889,56
[19:25:35.121] 1,649,88
[19:25:35.124] 2,410,104
[19:25:35.127] 3,186,113
[19:25:35.131] 4,58,110
[19:25:35.132] 5,77,94
[19:25:35.135] 6,167,108
[19:25:35.144] 7,363,78
[19:25:35.145] 8,654,63
[19:25:35.146] 9,1003,60
[19:25:35.147] 10,1390,59
[19:25:35.149] 11,1803,46
[19:25:35.152] 12,2153,35
[19:25:35.155] 13,2377,23
[19:25:35.158] 14,2494,26
[19:25:35.161] 15,2510,33
[19:25:35.164] 16,2440,50
[19:25:35.166] 17,2280,59
[19:25:35.170] 18,2062,59
[19:25:35.171] 19,1827,63
[19:25:35.174] 20,1606,57
[19:25:35.181] 21,1393,46
[19:25:35.182] 22,1186,49
[19:25:35.184] 23,842,30
[19:25:35.184] 24,659,3
[19:25:35.187] 25,526,9
[19:25:35.189] 26,494,33
[19:25:35.192] 27,500,32
[19:25:35.195] 28,555,4
[19:25:35.198] 29,628,8
[19:25:35.200] 30,650,18
[19:25:35.210] 31,651,44
[19:25:35.210] 32,657,46
[19:25:35.210] 33,634,60
[19:25:35.221] 34,567,61
[19:25:35.223] 35,409,62
[19:25:35.226] 36,230,59
[19:25:35.228] 37,22,74
[19:25:35.231] 38,0,104
[19:25:35.235] 39,0,99
[19:25:35.241] 40,0,106
[19:25:35.247] 41,0,109
[19:25:35.248] 42,0,99
[19:25:35.248] 43,0,104
[19:25:35.250] 44,78,118
[19:25:35.253] 45,310,110
[19:25:35.256] 46,617,102
[19:25:35.258] 47,934,104
[19:25:35.262] 48,1275,109
[19:25:35.263] 49,1607,112
[19:25:35.272] 50,1862,106
[19:25:35.272] 51,2006,93
[19:25:35.274] 52,2041,93
[19:25:35.279] 53,2002,111
[19:25:35.283] 54,1913,104
[19:25:35.283] 55,1827,104
[19:25:35.285] 56,1758,105
[19:25:35.291] 57,1690,82
[19:25:35.291] 58,1616,62
[19:25:35.293] 59,1545,77
[19:25:35.296] 60,1467,76
[19:25:35.298] 61,1403,74
[19:25:35.301] 62,1329,75
[19:25:35.304] 63,1161,62
[19:25:35.307] 64,1017,47
[19:25:35.311] 65,964,47
[19:25:35.314] 66,946,57
[19:25:35.329] 67,946,58
[19:25:35.332] 68,920,41
[19:25:35.332] 69,820,33
[19:25:35.335] 70,680,47
[19:25:35.337] 71,579,76
[19:25:35.342] 72,433,78
[19:25:35.344] 73,213,80
[19:25:35.347] 74,0,62
[19:25:35.349] 75,0,64
[19:25:35.351] 76,0,88
[19:25:35.355] 77,0,110
[19:25:35.357] 78,0,118
[19:25:35.363] 79,0,110
[19:25:35.363] 80,34,97
[19:25:35.368] 81,302,73
[19:25:35.368] 82,619,51
[19:25:35.370] 83,959,49
[19:25:35.374] 84,1273,68
[19:25:35.375] 85,1503,61
[19:25:35.377] 86,1609,47
[19:25:35.380] 87,1598,44
[19:25:35.385] 88,1542,61
[19:25:35.385] 89,1483,70
[19:25:35.388] 90,1449,84
[19:25:35.391] 91,1426,73
[19:25:35.394] 92,1429,58
[19:25:35.397] 93,1446,57
[19:25:35.399] 94,1435,54
[19:25:35.402] 95,1420,56
[19:25:35.405] 96,1391,58
[19:25:35.411] 97,1372,54
[19:25:35.412] 98,1342,30
[19:25:35.413] 99,1316,26
[19:25:35.417] 100,1314,12
[19:25:35.424] 101,1389,4
[19:25:35.425] 102,1468,16
[19:25:35.427] 103,1515,2
[19:25:35.430] 104,1534,0
[19:25:35.433] 105,1500,6
[19:25:35.435] 106,1417,23
[19:25:35.438] 107,1278,21
[19:25:35.444] 108,987,25
[19:25:35.445] 109,675,33
[19:25:35.449] 110,358,34
[19:25:35.450] 111,91,40
[19:25:35.452] 112,0,61
[19:25:35.456] 113,0,49
[19:25:35.457] 114,0,36
[19:25:35.461] 115,0,38
[19:25:35.465] 116,0,38
[19:25:35.466] 117,1,33
[19:25:35.469] 118,142,60
[19:25:35.472] 119,280,56
[19:25:35.477] 120,426,40
[19:25:35.479] 121,526,41
[19:25:35.480] 122,558,39
[19:25:35.482] 123,536,48
[19:25:35.489] 124,473,54
[19:25:35.489] 125,408,76
[19:25:35.489] 126,392,67
[19:25:35.494] 127,401,53
[19:25:35.497] 128,486,36
[19:25:35.499] 129,640,23
[19:25:35.502] 130,876,26
[19:25:35.505] 131,1106,23
[19:25:35.507] 132,1290,17
[19:25:35.509] 133,1446,2
[19:25:35.513] 134,1526,2
[19:25:35.516] 135,1513,18
[19:25:35.519] 136,1462,7
[19:25:35.527] 137,1376,10
[19:25:35.527] 138,1304,16
[19:25:35.529] 139,1258,0
[19:25:35.533] 140,1211,0
[19:25:35.535] 141,1160,0
[19:25:35.539] 142,1114,0
[19:25:35.541] 143,1037,0
[19:25:35.548] 144,916,0
[19:25:35.548] 145,714,0
[19:25:35.549] 146,457,0
[19:25:35.553] 147,270,0
[19:25:35.555] 148,109,0
[19:25:35.558] 149,0,0
[19:25:35.562] 150,0,0
[19:25:35.564] 151,0,0
[19:25:35.566] 152,0,0
[19:25:35.570] 153,0,0
[19:25:35.571] 154,4,0
[19:25:35.574] 155,37,0
[19:25:35.581] 156,56,0
[19:25:35.581] 157,33,0
[19:25:35.582] 158,31,0
[19:25:35.585] 159,14,0
[19:25:35.591] 160,1,0
[19:25:35.592] 161,0,0
[19:25:35.593] 162,0,0
[19:25:35.596] 163,0,0
[19:25:35.598] 164,0,0
[19:25:35.603] 165,0,0
[19:25:35.604] 166,24,1
[19:25:35.607] 167,134,2
[19:25:35.610] 168,265,0
[19:25:35.614] 169,412,1
[19:25:35.617] 170,569,0
[19:25:35.618] 171,716,0
[19:25:35.632] 172,850,0
[19:25:35.632] 173,928,0
[19:25:35.632] 174,980,0
[19:25:35.634] 175,1009,0
[19:25:35.636] 176,1033,0
[19:25:35.639] 177,1013,0
[19:25:35.642] 178,1002,0
[19:25:35.645] 179,973,0
[19:25:35.650] 180,922,0
[19:25:35.651] 181,847,0
[19:25:35.654] 182,745,0
[19:25:35.656] 183,590,0
[19:25:35.657] 184,469,0
[19:25:35.662] 185,365,0
[19:25:35.665] 186,296,0
[19:25:35.667] 187,275,0
[19:25:35.670] 188,238,0
[19:25:35.673] 189,181,0
[19:25:35.676] 190,107,0
[19:25:35.679] 191,58,0
[19:25:35.684] 192,20,1
[19:25:35.684] 193,0,0
[19:25:35.687] 194,0,0
[19:25:35.689] 195,0,0
[19:25:35.693] 196,0,7
[19:25:35.694] 197,0,10
[19:25:35.697] 198,0,23
[19:25:35.699] 199,0,10
[19:25:36.934] [HIT] t=569712 i=0 note=38 vel=56 raw=56 truepeak=1520 ch=10 rescues=0 thresh=-1.000 peak=-1.000 mask=-1 decay=-1 decaylen=-1 xfilt=-1.000 xfiltdecay=-1.000 loopt=0 piezodc=103.0 dchead=21.7 spikerej=1037
[19:25:36.943] [SysEx TX] F0 00 7D 00 05 03 00 00 38 38 F7
[19:25:36.948] [SCOPE] input=0 pad_type=0 head_ch=1 rim_ch=0 head_peak=1534 rim_peak=69 decision=HEAD samples=200
[19:25:36.952] T,H,R
[19:25:36.963] 0,3,5
[19:25:36.963] 1,3,2
[19:25:36.963] 2,2,8
[19:25:36.964] 3,0,0
[19:25:36.969] 4,2,0
[19:25:36.971] 5,2,2
[19:25:36.974] 6,5,5
[19:25:36.979] 7,2,2
[19:25:36.980] 8,2,0
[19:25:36.982] 9,2,3
[19:25:36.985] 10,4,2
[19:25:36.987] 11,0,2
[19:25:36.989] 12,3,5
[19:25:36.996] 13,0,0
[19:25:36.997] 14,2,4
[19:25:36.999] 15,1,2
[19:25:37.002] 16,6,0
[19:25:37.005] 17,2,3
[19:25:37.009] 18,5,2
[19:25:37.015] 19,0,2
[19:25:37.015] 20,3,3
[19:25:37.016] 21,5,0
[19:25:37.018] 22,2,3
[19:25:37.024] 23,5,2
[19:25:37.025] 24,4,2
[19:25:37.026] 25,2,2
[19:25:37.029] 26,3,5
[19:25:37.031] 27,0,2
[19:25:37.034] 28,2,4
[19:25:37.036] 29,2,2
[19:25:37.039] 30,2,3
[19:25:37.042] 31,2,2
[19:25:37.045] 32,2,2
[19:25:37.047] 33,3,5
[19:25:37.051] 34,2,2
[19:25:37.055] 35,2,3
[19:25:37.069] 36,5,5
[19:25:37.069] 37,1,2
[19:25:37.072] 38,3,5
[19:25:37.075] 39,2,0
[19:25:37.078] 40,6,1
[19:25:37.085] 41,2,3
[19:25:37.087] 42,5,6
[19:25:37.087] 43,2,3
[19:25:37.091] 44,5,6
[19:25:37.093] 45,0,2
[19:25:37.097] 46,5,6
[19:25:37.099] 47,2,3
[19:25:37.102] 48,2,2
[19:25:37.104] 49,4,6
[19:25:37.107] 50,0,2
[19:25:37.109] 51,3,5
[19:25:37.114] 52,2,2
[19:25:37.116] 53,3,3
[19:25:37.118] 54,2,2
[19:25:37.121] 55,4,7
[19:25:37.126] 56,2,6
[19:25:37.127] 57,0,2
[19:25:37.129] 58,4,5
[19:25:37.132] 59,4,6
[19:25:37.134] 60,3,3
[19:25:37.137] 61,4,5
[19:25:37.139] 62,1,3
[19:25:37.142] 63,1,3
[19:25:37.148] 64,1,0
[19:25:37.148] 65,0,2
[19:25:37.151] 66,0,6
[19:25:37.154] 67,4,0
[19:25:37.171] 68,0,0
[19:25:37.173] 69,1,2
[19:25:37.174] 70,3,2
[19:25:37.176] 71,3,5
[19:25:37.179] 72,2,0
[19:25:37.182] 73,2,2
[19:25:37.189] 74,4,2
[19:25:37.189] 75,2,0
[19:25:37.191] 76,5,6
[19:25:37.193] 77,6,14
[19:25:37.196] 78,5,3
[19:25:37.201] 79,6,2
[19:25:37.202] 80,3,2
[19:25:37.205] 81,26,5
[19:25:37.207] 82,7,1
[19:25:37.211] 83,0,0
[19:25:37.214] 84,0,2
[19:25:37.218] 85,0,2
[19:25:37.218] 86,0,9
[19:25:37.221] 87,0,45
[19:25:37.224] 88,0,69
[19:25:37.231] 89,0,24
[19:25:37.233] 90,0,12
[19:25:37.234] 91,0,36
[19:25:37.234] 92,0,56
[19:25:37.237] 93,20,33
[19:25:37.240] 94,69,14
[19:25:37.243] 95,93,12
[19:25:37.246] 96,118,14
[19:25:37.248] 97,105,26
[19:25:37.251] 98,107,31
[19:25:37.254] 99,139,26
[19:25:37.257] 100,190,38
[19:25:37.269] 101,256,27
[19:25:37.270] 102,349,12
[19:25:37.270] 103,457,7
[19:25:37.271] 104,559,3
[19:25:37.274] 105,670,2
[19:25:37.276] 106,774,0
[19:25:37.280] 107,889,0
[19:25:37.282] 108,982,0
[19:25:37.287] 109,1065,0
[19:25:37.289] 110,1132,0
[19:25:37.295] 111,1213,0
[19:25:37.295] 112,1373,0
[19:25:37.296] 113,1505,0
[19:25:37.299] 114,1534,0
[19:25:37.302] 115,1438,0
[19:25:37.305] 116,1315,0
[19:25:37.308] 117,1152,0
[19:25:37.311] 118,952,8
[19:25:37.314] 119,747,0
[19:25:37.317] 120,606,0
[19:25:37.320] 121,559,0
[19:25:37.322] 122,604,0
[19:25:37.324] 123,670,0
[19:25:37.331] 124,749,2
[19:25:37.332] 125,857,0
[19:25:37.332] 126,924,0
[19:25:37.334] 127,937,0
[19:25:37.337] 128,904,0
[19:25:37.340] 129,867,4
[19:25:37.343] 130,830,5
[19:25:37.347] 131,820,21
[19:25:37.348] 132,809,15
[19:25:37.352] 133,834,0
[19:25:37.354] 134,871,0
[19:25:37.357] 135,922,7
[19:25:37.359] 136,980,20
[19:25:37.372] 137,1006,0
[19:25:37.372] 138,1018,1
[19:25:37.373] 139,948,0
[19:25:37.374] 140,833,0
[19:25:37.376] 141,699,2
[19:25:37.379] 142,600,15
[19:25:37.382] 143,504,23
[19:25:37.384] 144,474,7
[19:25:37.389] 145,505,8
[19:25:37.391] 146,586,16
[19:25:37.392] 147,645,4
[19:25:37.396] 148,687,1
[19:25:37.398] 149,691,0
[19:25:37.401] 150,651,2
[19:25:37.404] 151,570,0
[19:25:37.406] 152,470,0
[19:25:37.409] 153,352,0
[19:25:37.412] 154,291,10
[19:25:37.417] 155,258,6
[19:25:37.417] 156,225,0
[19:25:37.424] 157,198,0
[19:25:37.425] 158,169,0
[19:25:37.425] 159,141,0
[19:25:37.428] 160,125,0
[19:25:37.433] 161,148,0
[19:25:37.433] 162,169,0
[19:25:37.435] 163,221,0
[19:25:37.439] 164,252,0
[19:25:37.442] 165,273,0
[19:25:37.445] 166,291,0
[19:25:37.448] 167,345,0
[19:25:37.450] 168,440,0
[19:25:37.453] 169,527,0
[19:25:37.455] 170,566,0
[19:25:37.458] 171,585,0
[19:25:37.461] 172,630,0
[19:25:37.464] 173,601,0
[19:25:37.474] 174,444,0
[19:25:37.475] 175,248,0
[19:25:37.475] 176,111,0
[19:25:37.478] 177,63,1
[19:25:37.481] 178,98,3
[19:25:37.483] 179,207,0
[19:25:37.486] 180,353,0
[19:25:37.497] 181,518,0
[19:25:37.497] 182,644,0
[19:25:37.498] 183,690,0
[19:25:37.499] 184,681,3
[19:25:37.500] 185,607,6
[19:25:37.503] 186,475,10
[19:25:37.507] 187,332,3
[19:25:37.509] 188,190,9
[19:25:37.512] 189,77,38
[19:25:37.515] 190,2,41
[19:25:37.518] 191,0,41
[19:25:37.521] 192,0,32
[19:25:37.526] 193,53,33
[19:25:37.526] 194,107,16
[19:25:37.528] 195,160,18
[19:25:37.535] 196,173,20
[19:25:37.536] 197,142,31
[19:25:37.536] 198,78,39
[19:25:37.538] 199,2,44
[19:25:37.545] [HIT] t=570323 i=0 note=38 vel=21 raw=21 truepeak=666 ch=10 rescues=0 thresh=-1.000 peak=-1.000 mask=-1 decay=-1 decaylen=-1 xfilt=-1.000 xfiltdecay=-1.000 loopt=0 piezodc=-30.0 dchead=29.9 spikerej=1037
[19:25:37.554] [SysEx TX] F0 00 7D 00 05 03 00 00 15 15 F7
[19:25:37.558] [SCOPE] input=0 pad_type=0 head_ch=1 rim_ch=0 head_peak=1534 rim_peak=69 decision=HEAD samples=200
[19:25:37.561] T,H,R
[19:25:37.564] 0,1,3
[19:25:37.567] 1,1,0
[19:25:37.575] 2,0,2
[19:25:37.576] 3,0,6
[19:25:37.576] 4,4,0
[19:25:37.579] 5,0,0
[19:25:37.582] 6,1,2
[19:25:37.584] 7,3,2
[19:25:37.587] 8,3,5
[19:25:37.589] 9,2,0
[19:25:37.600] 10,2,2
[19:25:37.600] 11,4,2
[19:25:37.601] 12,2,0
[19:25:37.602] 13,5,6
[19:25:37.605] 14,6,14
[19:25:37.607] 15,5,3
[19:25:37.611] 16,6,2
[19:25:37.613] 17,3,2
[19:25:37.616] 18,26,5
[19:25:37.619] 19,7,1
[19:25:37.622] 20,0,0
[19:25:37.628] 21,0,2
[19:25:37.628] 22,0,2
[19:25:37.630] 23,0,9
[19:25:37.632] 24,0,45
[19:25:37.635] 25,0,69
[19:25:37.638] 26,0,24
[19:25:37.642] 27,0,12
[19:25:37.643] 28,0,36
[19:25:37.645] 29,0,56
[19:25:37.648] 30,20,33
[19:25:37.651] 31,69,14
[19:25:37.655] 32,93,12
[19:25:37.657] 33,118,14
[19:25:37.662] 34,105,26
[19:25:37.663] 35,107,31
[19:25:37.665] 36,139,26
[19:25:37.680] 37,190,38
[19:25:37.681] 38,256,27
[19:25:37.681] 39,349,12
[19:25:37.683] 40,457,7
[19:25:37.689] 41,559,3
[19:25:37.690] 42,670,2
[19:25:37.701] 43,774,0
[19:25:37.701] 44,889,0
[19:25:37.702] 45,982,0
[19:25:37.703] 46,1065,0
[19:25:37.707] 47,1132,0
[19:25:37.714] 48,1213,0
[19:25:37.714] 49,1373,0
[19:25:37.715] 50,1505,0
[19:25:37.716] 51,1534,0
[19:25:37.720] 52,1438,0
[19:25:37.723] 53,1315,0
[19:25:37.730] 54,1152,0
[19:25:37.731] 55,952,8
[19:25:37.732] 56,747,0
[19:25:37.732] 57,606,0
[19:25:37.736] 58,559,0
[19:25:37.742] 59,604,0
[19:25:37.745] 60,670,0
[19:25:37.746] 61,749,2
[19:25:37.748] 62,857,0
[19:25:37.751] 63,924,0
[19:25:37.754] 64,937,0
[19:25:37.756] 65,904,0
[19:25:37.759] 66,867,4
[19:25:37.762] 67,830,5
[19:25:37.765] 68,820,21
[19:25:37.768] 69,809,15
[19:25:37.771] 70,834,0
[19:25:37.785] 71,871,0
[19:25:37.786] 72,922,7
[19:25:37.788] 73,980,20
[19:25:37.788] 74,1006,0
[19:25:37.792] 75,1018,1
[19:25:37.795] 76,948,0
[19:25:37.799] 77,833,0
[19:25:37.804] 78,699,2
[19:25:37.805] 79,600,15
[19:25:37.806] 80,504,23
[19:25:37.809] 81,474,7
[19:25:37.815] 82,505,8
[19:25:37.815] 83,586,16
[19:25:37.817] 84,645,4
[19:25:37.821] 85,687,1
[19:25:37.823] 86,691,0
[19:25:37.826] 87,651,2
[19:25:37.828] 88,570,0
[19:25:37.833] 89,470,0
[19:25:37.834] 90,352,0
[19:25:37.835] 91,291,10
[19:25:37.842] 92,258,6
[19:25:37.844] 93,225,0
[19:25:37.845] 94,198,0
[19:25:37.846] 95,169,0
[19:25:37.849] 96,141,0
[19:25:37.852] 97,125,0
[19:25:37.855] 98,148,0
[19:25:37.857] 99,169,0
[19:25:37.861] 100,221,0
[19:25:37.868] 101,252,0
[19:25:37.869] 102,273,0
[19:25:37.869] 103,291,0
[19:25:37.871] 104,345,0
[19:25:37.883] 105,440,0
[19:25:37.883] 106,527,0
[19:25:37.884] 107,566,0
[19:25:37.885] 108,585,0
[19:25:37.888] 109,630,0
[19:25:37.891] 110,601,0
[19:25:37.894] 111,444,0
[19:25:37.896] 112,248,0
[19:25:37.900] 113,111,0
[19:25:37.903] 114,63,1
[19:25:37.906] 115,98,3
[19:25:37.909] 116,207,0
[19:25:37.912] 117,353,0
[19:25:37.913] 118,518,0
[19:25:37.916] 119,644,0
[19:25:37.919] 120,690,0
[19:25:37.924] 121,681,3
[19:25:37.926] 122,607,6
[19:25:37.928] 123,475,10
[19:25:37.934] 124,332,3
[19:25:37.935] 125,190,9
[19:25:37.936] 126,77,38
[19:25:37.937] 127,2,41
[19:25:37.946] 128,0,41
[19:25:37.948] 129,0,32
[19:25:37.949] 130,53,33
[19:25:37.949] 131,107,16
[19:25:37.952] 132,160,18
[19:25:37.954] 133,173,20
[19:25:37.958] 134,142,31
[19:25:37.960] 135,78,39
[19:25:37.963] 136,2,44
[19:25:37.966] 137,0,41
[19:25:37.969] 138,0,45
[19:25:37.972] 139,5,53
[19:25:37.976] 140,109,52
[19:25:37.987] 141,240,27
[19:25:37.987] 142,309,19
[19:25:37.988] 143,340,26
[19:25:37.989] 144,306,33
[19:25:37.994] 145,233,21
[19:25:37.996] 146,161,26
[19:25:37.999] 147,90,23
[19:25:38.006] 148,45,18
[19:25:38.009] 149,49,7
[19:25:38.009] 150,79,15
[19:25:38.011] 151,143,13
[19:25:38.013] 152,226,17
[19:25:38.016] 153,302,4
[19:25:38.019] 154,361,2
[19:25:38.021] 155,404,0
[19:25:38.024] 156,393,0
[19:25:38.027] 157,355,0
[19:25:38.032] 158,313,0
[19:25:38.033] 159,264,6
[19:25:38.037] 160,201,2
[19:25:38.038] 161,150,1
[19:25:38.049] 162,126,0
[19:25:38.049] 163,120,0
[19:25:38.049] 164,142,0
[19:25:38.050] 165,180,0
[19:25:38.056] 166,169,0
[19:25:38.058] 167,86,0
[19:25:38.060] 168,0,0
[19:25:38.063] 169,0,8
[19:25:38.066] 170,0,23
[19:25:38.068] 171,0,10
[19:25:38.071] 172,0,4
[19:25:38.074] 173,0,0
[19:25:38.078] 174,87,3
[19:25:38.097] 175,243,5
[19:25:38.097] 176,374,0
[19:25:38.097] 177,441,0
[19:25:38.098] 178,438,2
[19:25:38.102] 179,355,18
[19:25:38.105] 180,235,26
[19:25:38.108] 181,98,23
[19:25:38.111] 182,0,34
[19:25:38.113] 183,0,30
[19:25:38.116] 184,0,31
[19:25:38.120] 185,0,33
[19:25:38.122] 186,45,20
[19:25:38.125] 187,152,23
[19:25:38.129] 188,261,18
[19:25:38.130] 189,361,10
[19:25:38.133] 190,422,18
[19:25:38.135] 191,432,7
[19:25:38.140] 192,398,10
[19:25:38.141] 193,359,20
[19:25:38.144] 194,332,19
[19:25:38.146] 195,316,31
[19:25:38.152] 196,330,22
[19:25:38.153] 197,341,17
[19:25:38.153] 198,364,22
[19:25:38.157] 199,361,14
[19:25:39.302] [HIT] t=572081 i=0 note=38 vel=44 raw=44 truepeak=1228 ch=10 rescues=0 thresh=-1.000 peak=-1.000 mask=-1 decay=-1 decaylen=-1 xfilt=-1.000 xfiltdecay=-1.000 loopt=0 piezodc=1949.0 dchead=24.5 spikerej=1052
[19:25:39.316] [SysEx TX] F0 00 7D 00 05 03 00 00 2C 2C F7
[19:25:39.317] [SCOPE] input=0 pad_type=0 head_ch=1 rim_ch=0 head_peak=3791 rim_peak=122 decision=HEAD samples=200
[19:25:39.320] T,H,R
[19:25:39.323] 0,0,3
[19:25:39.326] 1,4,6
[19:25:39.330] 2,1,5
[19:25:39.332] 3,0,0
[19:25:39.336] 4,0,2
[19:25:39.339] 5,0,5
[19:25:39.340] 6,4,6
[19:25:39.343] 7,0,2
[19:25:39.346] 8,0,5
[19:25:39.348] 9,2,2
[19:25:39.352] 10,4,6
[19:25:39.354] 11,0,2
[19:25:39.356] 12,0,4
[19:25:39.360] 13,0,0
[19:25:39.362] 14,0,2
[19:25:39.369] 15,0,2
[19:25:39.370] 16,0,0
[19:25:39.371] 17,2,2
[19:25:39.373] 18,1,3
[19:25:39.379] 19,1,0
[19:25:39.379] 20,0,3
[19:25:39.381] 21,4,2
[19:25:39.383] 22,0,2
[19:25:39.387] 23,0,5
[19:25:39.390] 24,0,2
[19:25:39.394] 25,0,2
[19:25:39.395] 26,0,3
[19:25:39.398] 27,0,2
[19:25:39.401] 28,4,6
[19:25:39.404] 29,1,3
[19:25:39.407] 30,1,2
[19:25:39.419] 31,4,2
[19:25:39.419] 32,2,5
[19:25:39.420] 33,0,2
[19:25:39.421] 34,0,2
[19:25:39.424] 35,1,0
[19:25:39.427] 36,4,5
[19:25:39.429] 37,2,3
[19:25:39.432] 38,1,0
[19:25:39.434] 39,4,2
[19:25:39.437] 40,4,6
[19:25:39.439] 41,4,6
[19:25:39.443] 42,4,0
[19:25:39.446] 43,1,1
[19:25:39.448] 44,2,1
[19:25:39.453] 45,4,1
[19:25:39.453] 46,5,2
[19:25:39.456] 47,2,2
[19:25:39.459] 48,2,2
[19:25:39.465] 49,2,1
[19:25:39.466] 50,0,2
[19:25:39.468] 51,0,2
[19:25:39.471] 52,5,2
[19:25:39.473] 53,3,4
[19:25:39.476] 54,2,2
[19:25:39.481] 55,2,2
[19:25:39.482] 56,0,0
[19:25:39.483] 57,5,2
[19:25:39.485] 58,0,2
[19:25:39.488] 59,0,2
[19:25:39.491] 60,0,0
[19:25:39.495] 61,0,2
[19:25:39.497] 62,6,0
[19:25:39.502] 63,5,5
[19:25:39.503] 64,2,2
[19:25:39.505] 65,3,4
[19:25:39.508] 66,5,1
[19:25:39.512] 67,0,2
[19:25:39.522] 68,2,3
[19:25:39.523] 69,5,7
[19:25:39.523] 70,0,2
[19:25:39.524] 71,3,5
[19:25:39.527] 72,6,2
[19:25:39.530] 73,2,3
[19:25:39.533] 74,2,2
[19:25:39.535] 75,3,5
[19:25:39.541] 76,5,2
[19:25:39.542] 77,0,3
[19:25:39.545] 78,3,5
[19:25:39.546] 79,5,6
[19:25:39.550] 80,2,8
[19:25:39.552] 81,8,0
[19:25:39.555] 82,8,10
[19:25:39.557] 83,17,21
[19:25:39.564] 84,14,0
[19:25:39.564] 85,10,19
[19:25:39.566] 86,17,44
[19:25:39.568] 87,26,0
[19:25:39.573] 88,33,0
[19:25:39.574] 89,0,31
[19:25:39.575] 90,0,6
[19:25:39.579] 91,0,0
[19:25:39.585] 92,0,0
[19:25:39.586] 93,0,99
[19:25:39.586] 94,0,122
[19:25:39.589] 95,0,73
[19:25:39.592] 96,0,102
[19:25:39.595] 97,0,63
[19:25:39.598] 98,0,43
[19:25:39.600] 99,44,109
[19:25:39.603] 100,185,90
[19:25:39.605] 101,344,10
[19:25:39.608] 102,443,16
[19:25:39.612] 103,532,73
[19:25:39.615] 104,611,54
[19:25:39.623] 105,687,43
[19:25:39.624] 106,813,79
[19:25:39.625] 107,992,57
[19:25:39.629] 108,1233,19
[19:25:39.631] 109,1462,0
[19:25:39.633] 110,1766,23
[19:25:39.636] 111,2113,5
[19:25:39.644] 112,2380,0
[19:25:39.645] 113,2677,0
[19:25:39.648] 114,2983,0
[19:25:39.648] 115,3208,0
[19:25:39.650] 116,3348,0
[19:25:39.653] 117,3497,0
[19:25:39.656] 118,3734,0
[19:25:39.659] 119,3791,0
[19:25:39.662] 120,3677,0
[19:25:39.665] 121,3510,0
[19:25:39.667] 122,3265,0
[19:25:39.669] 123,2998,0
[19:25:39.676] 124,2695,0
[19:25:39.677] 125,2184,0
[19:25:39.678] 126,1809,0
[19:25:39.681] 127,1605,0
[19:25:39.687] 128,1532,0
[19:25:39.688] 129,1577,0
[19:25:39.688] 130,1663,0
[19:25:39.692] 131,1830,0
[19:25:39.695] 132,2002,0
[19:25:39.698] 133,2109,0
[19:25:39.701] 134,2108,0
[19:25:39.703] 135,2055,2
[19:25:39.706] 136,1976,26
[19:25:39.709] 137,1938,23
[19:25:39.712] 138,1906,13
[19:25:39.714] 139,1899,26
[19:25:39.727] 140,1974,41
[19:25:39.727] 141,2041,38
[19:25:39.729] 142,2006,45
[19:25:39.729] 143,1898,47
[19:25:39.732] 144,1686,21
[19:25:39.734] 145,1554,33
[19:25:39.737] 146,1414,58
[19:25:39.739] 147,1202,66
[19:25:39.746] 148,1064,30
[19:25:39.748] 149,929,33
[19:25:39.750] 150,762,34
[19:25:39.751] 151,657,57
[19:25:39.754] 152,675,60
[19:25:39.756] 153,820,41
[19:25:39.761] 154,984,11
[19:25:39.762] 155,1136,0
[19:25:39.765] 156,1295,0
[19:25:39.768] 157,1389,0
[19:25:39.771] 158,1390,5
[19:25:39.774] 159,1333,4
[19:25:39.779] 160,1211,0
[19:25:39.779] 161,1069,0
[19:25:39.781] 162,914,0
[19:25:39.783] 163,798,0
[19:25:39.788] 164,708,0
[19:25:39.789] 165,620,0
[19:25:39.791] 166,647,0
[19:25:39.795] 167,702,0
[19:25:39.797] 168,848,0
[19:25:39.800] 169,1017,0
[19:25:39.802] 170,1302,0
[19:25:39.804] 171,1570,0
[19:25:39.808] 172,1738,0
[19:25:39.811] 173,1783,0
[19:25:39.815] 174,1729,0
[19:25:39.817] 175,1545,0
[19:25:39.822] 176,1284,0
[19:25:39.828] 177,811,0
[19:25:39.829] 178,385,0
[19:25:39.830] 179,54,0
[19:25:39.833] 180,0,0
[19:25:39.835] 181,0,0
[19:25:39.838] 182,0,0
[19:25:39.841] 183,0,0
[19:25:39.844] 184,135,0
[19:25:39.852] 185,438,0
[19:25:39.853] 186,784,0
[19:25:39.855] 187,1080,0
[19:25:39.856] 188,1309,2
[19:25:39.859] 189,1480,7
[19:25:39.861] 190,1550,22
[19:25:39.864] 191,1435,48
[19:25:39.867] 192,1261,73
[19:25:39.870] 193,1044,84
[19:25:39.873] 194,830,92
[19:25:39.876] 195,684,98
[19:25:39.880] 196,567,94
[19:25:39.881] 197,500,89
[19:25:39.883] 198,448,72
[19:25:39.890] 199,457,70
[19:25:39.893] [HIT] t=572671 i=0 note=38 vel=76 raw=76 truepeak=2016 ch=10 rescues=0 thresh=-1.000 peak=-1.000 mask=-1 decay=-1 decaylen=-1 xfilt=-1.000 xfiltdecay=-1.000 loopt=0 piezodc=296.0 dchead=58.1 spikerej=1078
[19:25:39.904] [SysEx TX] F0 00 7D 00 05 03 00 00 4C 4C F7
[19:25:39.907] [SCOPE] input=0 pad_type=0 head_ch=1 rim_ch=0 head_peak=3791 rim_peak=122 decision=HEAD samples=200
[19:25:39.910] T,H,R
[19:25:39.913] 0,4,6
[19:25:39.916] 1,4,0
[19:25:39.918] 2,1,1
[19:25:39.922] 3,2,1
[19:25:39.931] 4,4,1
[19:25:39.934] 5,5,2
[19:25:39.934] 6,2,2
[19:25:39.938] 7,2,2
[19:25:39.939] 8,2,1
[19:25:39.942] 9,0,2
[19:25:39.949] 10,0,2
[19:25:39.950] 11,5,2
[19:25:39.952] 12,3,4
[19:25:39.954] 13,2,2
[19:25:39.956] 14,2,2
[19:25:39.959] 15,0,0
[19:25:39.962] 16,5,2
[19:25:39.964] 17,0,2
[19:25:39.967] 18,0,2
[19:25:39.970] 19,0,0
[19:25:39.975] 20,0,2
[19:25:39.976] 21,6,0
[19:25:39.979] 22,5,5
[19:25:39.982] 23,2,2
[19:25:39.985] 24,3,4
[19:25:39.986] 25,5,1
[19:25:39.992] 26,0,2
[19:25:39.994] 27,2,3
[19:25:39.996] 28,5,7
[19:25:39.997] 29,0,2
[19:25:39.999] 30,3,5
[19:25:40.002] 31,6,2
[19:25:40.006] 32,2,3
[19:25:40.009] 33,2,2
[19:25:40.011] 34,3,5
[19:25:40.014] 35,5,2
[19:25:40.017] 36,0,3
[19:25:40.020] 37,3,5
[19:25:40.023] 38,5,6
[19:25:40.035] 39,2,8
[19:25:40.035] 40,8,0
[19:25:40.036] 41,8,10
[19:25:40.036] 42,17,21
[19:25:40.039] 43,14,0
[19:25:40.042] 44,10,19
[19:25:40.047] 45,17,44
[19:25:40.052] 46,26,0
[19:25:40.053] 47,33,0
[19:25:40.054] 48,0,31
[19:25:40.056] 49,0,6
[19:25:40.059] 50,0,0
[19:25:40.062] 51,0,0
[19:25:40.065] 52,0,99
[19:25:40.068] 53,0,122
[19:25:40.071] 54,0,73
[19:25:40.073] 55,0,102
[19:25:40.076] 56,0,63
[19:25:40.079] 57,0,43
[19:25:40.084] 58,44,109
[19:25:40.085] 59,185,90
[19:25:40.087] 60,344,10
[19:25:40.090] 61,443,16
[19:25:40.097] 62,532,73
[19:25:40.098] 63,611,54
[19:25:40.098] 64,687,43
[19:25:40.101] 65,813,79
[19:25:40.104] 66,992,57
[19:25:40.107] 67,1233,19
[19:25:40.110] 68,1462,0
[19:25:40.112] 69,1766,23
[19:25:40.115] 70,2113,5
[19:25:40.118] 71,2380,0
[19:25:40.121] 72,2677,0
[19:25:40.124] 73,2983,0
[19:25:40.127] 74,3208,0
[19:25:40.137] 75,3348,0
[19:25:40.137] 76,3497,0
[19:25:40.137] 77,3734,0
[19:25:40.140] 78,3791,0
[19:25:40.143] 79,3677,0
[19:25:40.146] 80,3510,0
[19:25:40.149] 81,3265,0
[19:25:40.156] 82,2998,0
[19:25:40.156] 83,2695,0
[19:25:40.157] 84,2184,0
[19:25:40.159] 85,1809,0
[19:25:40.164] 86,1605,0
[19:25:40.166] 87,1532,0
[19:25:40.170] 88,1577,0
[19:25:40.171] 89,1663,0
[19:25:40.174] 90,1830,0
[19:25:40.176] 91,2002,0
[19:25:40.179] 92,2109,0
[19:25:40.182] 93,2108,0
[19:25:40.187] 94,2055,2
[19:25:40.187] 95,1976,26
[19:25:40.189] 96,1938,23
[19:25:40.193] 97,1906,13
[19:25:40.199] 98,1899,26
[19:25:40.200] 99,1974,41
[19:25:40.203] 100,2041,38
[19:25:40.204] 101,2006,45
[19:25:40.207] 102,1898,47
[19:25:40.209] 103,1686,21
[19:25:40.213] 104,1554,33
[19:25:40.216] 105,1414,58
[19:25:40.218] 106,1202,66
[19:25:40.221] 107,1064,30
[19:25:40.224] 108,929,33
[19:25:40.227] 109,762,34
[19:25:40.233] 110,657,57
[19:25:40.246] 111,675,60
[19:25:40.247] 112,820,41
[19:25:40.247] 113,984,11
[19:25:40.249] 114,1136,0
[19:25:40.252] 115,1295,0
[19:25:40.257] 116,1389,0
[19:25:40.262] 117,1390,5
[19:25:40.263] 118,1333,4
[19:25:40.265] 119,1211,0
[19:25:40.266] 120,1069,0
[19:25:40.269] 121,914,0
[19:25:40.271] 122,798,0
[19:25:40.274] 123,708,0
[19:25:40.277] 124,620,0
[19:25:40.280] 125,647,0
[19:25:40.283] 126,702,0
[19:25:40.285] 127,848,0
[19:25:40.289] 128,1017,0
[19:25:40.291] 129,1302,0
[19:25:40.293] 130,1570,0
[19:25:40.296] 131,1738,0
[19:25:40.303] 132,1783,0
[19:25:40.303] 133,1729,0
[19:25:40.304] 134,1545,0
[19:25:40.306] 135,1284,0
[19:25:40.313] 136,811,0
[19:25:40.314] 137,385,0
[19:25:40.315] 138,54,0
[19:25:40.318] 139,0,0
[19:25:40.321] 140,0,0
[19:25:40.324] 141,0,0
[19:25:40.327] 142,0,0
[19:25:40.331] 143,135,0
[19:25:40.339] 144,438,0
[19:25:40.341] 145,784,0
[19:25:40.342] 146,1080,0
[19:25:40.343] 147,1309,2
[19:25:40.346] 148,1480,7
[19:25:40.349] 149,1550,22
[19:25:40.352] 150,1435,48
[19:25:40.355] 151,1261,73
[19:25:40.361] 152,1044,84
[19:25:40.364] 153,830,92
[19:25:40.366] 154,684,98
[19:25:40.367] 155,567,94
[19:25:40.373] 156,500,89
[19:25:40.373] 157,448,72
[19:25:40.375] 158,457,70
[19:25:40.379] 159,502,67
[19:25:40.381] 160,534,63
[19:25:40.384] 161,543,65
[19:25:40.386] 162,551,47
[19:25:40.393] 163,585,58
[19:25:40.393] 164,641,79
[19:25:40.394] 165,648,84
[19:25:40.397] 166,665,82
[19:25:40.404] 167,757,89
[19:25:40.404] 168,873,85
[19:25:40.405] 169,920,65
[19:25:40.407] 170,916,57
[19:25:40.411] 171,889,49
[19:25:40.414] 172,911,43
[19:25:40.417] 173,877,48
[19:25:40.419] 174,762,33
[19:25:40.422] 175,628,14
[19:25:40.425] 176,437,23
[19:25:40.428] 177,286,35
[19:25:40.431] 178,198,36
[19:25:40.434] 179,198,21
[19:25:40.442] 180,239,14
[19:25:40.442] 181,345,10
[19:25:40.442] 182,487,8
[19:25:40.446] 183,571,4
[19:25:40.449] 184,622,4
[19:25:40.451] 185,619,1
[19:25:40.454] 186,553,16
[19:25:40.457] 187,457,18
[19:25:40.464] 188,343,21
[19:25:40.466] 189,196,5
[19:25:40.467] 190,27,2
[19:25:40.468] 191,0,6
[19:25:40.471] 192,0,6
[19:25:40.474] 193,0,25
[19:25:40.477] 194,0,31
[19:25:40.480] 195,0,22
[19:25:40.483] 196,31,4
[19:25:40.487] 197,206,3
[19:25:40.488] 198,408,0
[19:25:40.489] 199,601,0
[19:25:40.497] [HIT] t=573275 i=0 note=38 vel=4 raw=4 truepeak=262 ch=10 rescues=0 thresh=-1.000 peak=-1.000 mask=-1 decay=-1 decaylen=-1 xfilt=-1.000 xfiltdecay=-1.000 loopt=0 piezodc=-17.0 dchead=55.5 spikerej=1078
[19:25:40.506] [SysEx TX] F0 00 7D 00 05 03 00 00 04 04 F7
[19:25:40.509] [SCOPE] input=0 pad_type=0 head_ch=1 rim_ch=0 head_peak=486 rim_peak=47 decision=HEAD samples=200
[19:25:40.512] T,H,R
[19:25:40.518] 0,214,10
[19:25:40.519] 1,203,10
[19:25:40.520] 2,167,14
[19:25:40.523] 3,101,18
[19:25:40.526] 4,42,23
[19:25:40.529] 5,4,18
[19:25:40.532] 6,0,24
[19:25:40.536] 7,5,15
[19:25:40.549] 8,41,10
[19:25:40.550] 9,104,7
[19:25:40.553] 10,163,16
[19:25:40.556] 11,205,8
[19:25:40.559] 12,232,8
[19:25:40.566] 13,265,12
[19:25:40.566] 14,277,3
[19:25:40.567] 15,274,4
[19:25:40.570] 16,263,0
[19:25:40.572] 17,224,0
[19:25:40.576] 18,178,5
[19:25:40.580] 19,142,12
[19:25:40.581] 20,119,20
[19:25:40.583] 21,118,9
[19:25:40.586] 22,145,16
[19:25:40.589] 23,167,14
[19:25:40.592] 24,191,4
[19:25:40.597] 25,221,13
[19:25:40.599] 26,263,14
[19:25:40.600] 27,279,22
[19:25:40.602] 28,307,9
[19:25:40.607] 29,285,12
[19:25:40.608] 30,251,10
[19:25:40.611] 31,185,17
[19:25:40.613] 32,78,25
[19:25:40.616] 33,0,40
[19:25:40.619] 34,0,38
[19:25:40.622] 35,0,33
[19:25:40.624] 36,0,44
[19:25:40.627] 37,0,42
[19:25:40.630] 38,0,47
[19:25:40.632] 39,0,42
[19:25:40.635] 40,0,41
[19:25:40.638] 41,52,40
[19:25:40.648] 42,171,35
[19:25:40.649] 43,286,24
[19:25:40.650] 44,397,24
[19:25:40.652] 45,470,25
[19:25:40.655] 46,486,31
[19:25:40.657] 47,485,37
[19:25:40.661] 48,470,32
[19:25:40.669] 49,442,29
[19:25:40.671] 50,399,31
[19:25:40.672] 51,345,26
[19:25:40.677] 52,298,22
[19:25:40.679] 53,260,11
[19:25:40.682] 54,236,21
[19:25:40.684] 55,204,20
[19:25:40.687] 56,170,22
[19:25:40.691] 57,143,6
[19:25:40.693] 58,118,2
[19:25:40.698] 59,107,2
[19:25:40.700] 60,92,2
[19:25:40.701] 61,103,4
[19:25:40.704] 62,115,1
[19:25:40.707] 63,142,0
[19:25:40.712] 64,166,0
[19:25:40.713] 65,188,0
[19:25:40.713] 66,175,1
[19:25:40.717] 67,161,0
[19:25:40.719] 68,146,1
[19:25:40.722] 69,132,2
[19:25:40.725] 70,99,0
[19:25:40.728] 71,84,0
[19:25:40.730] 72,78,0
[19:25:40.735] 73,71,0
[19:25:40.737] 74,86,0
[19:25:40.741] 75,91,0
[19:25:40.756] 76,99,0
[19:25:40.756] 77,102,1
[19:25:40.757] 78,86,1
[19:25:40.761] 79,76,3
[19:25:40.763] 80,75,0
[19:25:40.769] 81,67,2
[19:25:40.773] 82,52,12
[19:25:40.774] 83,38,3
[19:25:40.775] 84,16,8
[19:25:40.778] 85,0,7
[19:25:40.781] 86,0,5
[19:25:40.784] 87,0,10
[19:25:40.786] 88,0,10
[19:25:40.789] 89,9,3
[19:25:40.792] 90,33,16
[19:25:40.795] 91,54,2
[19:25:40.798] 92,76,5
[19:25:40.802] 93,122,10
[19:25:40.803] 94,170,17
[19:25:40.804] 95,228,3
[19:25:40.808] 96,291,4
[19:25:40.813] 97,333,4
[19:25:40.814] 98,354,4
[19:25:40.816] 99,354,3
[19:25:40.819] 100,320,6
[19:25:40.822] 101,281,5
[19:25:40.824] 102,218,0
[19:25:40.827] 103,150,0
[19:25:40.830] 104,77,1
[19:25:40.833] 105,18,1
[19:25:40.837] 106,0,0
[19:25:40.839] 107,0,0
[19:25:40.839] 108,0,0
[19:25:40.849] 109,0,0
[19:25:40.851] 110,0,0
[19:25:40.852] 111,0,0
[19:25:40.856] 112,0,0
[19:25:40.859] 113,0,0
[19:25:40.862] 114,0,0
[19:25:40.865] 115,5,0
[19:25:40.867] 116,28,0
[19:25:40.872] 117,38,0
[19:25:40.880] 118,44,0
[19:25:40.880] 119,44,0
[19:25:40.881] 120,45,0
[19:25:40.884] 121,61,0
[19:25:40.886] 122,81,0
[19:25:40.888] 123,97,0
[19:25:40.892] 124,106,0
[19:25:40.895] 125,109,0
[19:25:40.898] 126,99,0
[19:25:40.899] 127,94,0
[19:25:40.905] 128,98,0
[19:25:40.905] 129,94,0
[19:25:40.907] 130,98,0
[19:25:40.911] 131,88,0
[19:25:40.915] 132,94,0
[19:25:40.916] 133,86,0
[19:25:40.918] 134,86,0
[19:25:40.921] 135,77,0
[19:25:40.924] 136,58,0
[19:25:40.927] 137,46,0
[19:25:40.931] 138,34,0
[19:25:40.932] 139,20,0
[19:25:40.935] 140,9,0
[19:25:40.937] 141,10,0
[19:25:40.941] 142,31,0
[19:25:40.946] 143,33,0
[19:25:40.949] 144,54,0
[19:25:40.965] 145,73,0
[19:25:40.966] 146,99,0
[19:25:40.967] 147,117,0
[19:25:40.969] 148,137,0
[19:25:40.975] 149,148,0
[19:25:40.979] 150,146,0
[19:25:40.979] 151,135,0
[19:25:40.980] 152,105,0
[19:25:40.984] 153,72,0
[19:25:40.986] 154,38,0
[19:25:40.989] 155,0,2
[19:25:40.992] 156,0,0
[19:25:40.994] 157,0,2
[19:25:41.000] 158,0,0
[19:25:41.001] 159,0,3
[19:25:41.003] 160,0,3
[19:25:41.007] 161,0,2
[19:25:41.008] 162,0,4
[19:25:41.009] 163,0,0
[19:25:41.013] 164,40,0
[19:25:41.019] 165,105,0
[19:25:41.020] 166,169,0
[19:25:41.021] 167,216,5
[19:25:41.024] 168,245,1
[19:25:41.026] 169,254,1
[19:25:41.029] 170,270,0
[19:25:41.032] 171,265,2
[19:25:41.035] 172,247,0
[19:25:41.038] 173,230,10
[19:25:41.041] 174,205,10
[19:25:41.044] 175,180,2
[19:25:41.046] 176,158,2
[19:25:41.056] 177,137,3
[19:25:41.059] 178,116,4
[19:25:41.059] 179,111,0
[19:25:41.064] 180,92,0
[19:25:41.067] 181,92,2
[19:25:41.069] 182,95,0
[19:25:41.074] 183,91,2
[19:25:41.075] 184,76,1
[19:25:41.080] 185,67,0
[19:25:41.082] 186,53,7
[19:25:41.085] 187,47,4
[19:25:41.088] 188,34,7
[19:25:41.091] 189,26,7
[19:25:41.092] 190,5,8
[19:25:41.095] 191,0,3
[19:25:41.099] 192,0,4
[19:25:41.103] 193,0,10
[19:25:41.104] 194,0,8
[19:25:41.109] 195,0,6
[19:25:41.110] 196,4,3
[19:25:41.111] 197,25,10
[19:25:41.115] 198,73,10
[19:25:41.122] 199,92,9
[19:25:41.831] [HIT] t=574596 i=0 note=38 vel=127 raw=127 truepeak=4079 ch=10 rescues=0 thresh=-1.000 peak=-1.000 mask=-1 decay=-1 decaylen=-1 xfilt=-1.000 xfiltdecay=-1.000 loopt=0 piezodc=200.0 dchead=35.5 spikerej=1101
[19:25:41.846] [SysEx TX] F0 00 7D 00 05 03 00 00 7F 7F F7
[19:25:41.848] [SCOPE] input=0 pad_type=0 head_ch=1 rim_ch=0 head_peak=4095 rim_peak=302 decision=HEAD samples=200
[19:25:41.849] T,H,R
[19:25:41.852] 0,4,4
[19:25:41.855] 1,0,2
[19:25:41.857] 2,0,0
[19:25:41.860] 3,0,0
[19:25:41.863] 4,1,0
[19:25:41.870] 5,2,2
[19:25:41.891] 6,0,2
[19:25:41.891] 7,0,0
[19:25:41.899] 8,2,0
[19:25:41.901] 9,2,1
[19:25:41.905] 10,0,5
[19:25:41.908] 11,2,3
[19:25:41.911] 12,0,0
[19:25:41.914] 13,1,4
[19:25:41.916] 14,0,3
[19:25:41.919] 15,2,4
[19:25:41.922] 16,0,3
[19:25:41.928] 17,0,0
[19:25:41.930] 18,1,2
[19:25:41.931] 19,1,4
[19:25:41.934] 20,0,2
[19:25:41.940] 21,2,5
[19:25:41.940] 22,2,1
[19:25:41.941] 23,2,2
[19:25:41.944] 24,1,2
[19:25:41.947] 25,0,1
[19:25:41.951] 26,1,4
[19:25:41.953] 27,0,0
[19:25:41.957] 28,2,5
[19:25:41.959] 29,4,6
[19:25:41.961] 30,0,0
[19:25:41.964] 31,2,1
[19:25:41.967] 32,4,2
[19:25:41.980] 33,1,0
[19:25:41.980] 34,1,0
[19:25:41.981] 35,0,1
[19:25:41.982] 36,4,2
[19:25:41.984] 37,1,0
[19:25:41.987] 38,2,1
[19:25:41.992] 39,4,1
[19:25:41.993] 40,0,2
[19:25:41.996] 41,1,0
[19:25:41.999] 42,4,4
[19:25:42.002] 43,0,0
[19:25:42.004] 44,1,4
[19:25:42.007] 45,0,2
[19:25:42.010] 46,1,2
[19:25:42.014] 47,0,2
[19:25:42.015] 48,0,1
[19:25:42.019] 49,0,2
[19:25:42.023] 50,1,5
[19:25:42.024] 51,2,1
[19:25:42.027] 52,0,2
[19:25:42.031] 53,1,3
[19:25:42.032] 54,1,0
[19:25:42.034] 55,0,1
[19:25:42.041] 56,0,2
[19:25:42.042] 57,0,3
[19:25:42.043] 58,0,3
[19:25:42.045] 59,4,0
[19:25:42.048] 60,4,2
[19:25:42.051] 61,0,2
[19:25:42.054] 62,2,4
[19:25:42.056] 63,2,2
[19:25:42.059] 64,0,3
[19:25:42.063] 65,0,1
[19:25:42.067] 66,4,6
[19:25:42.068] 67,0,0
[19:25:42.070] 68,0,3
[19:25:42.086] 69,1,2
[19:25:42.087] 70,0,2
[19:25:42.088] 71,4,2
[19:25:42.088] 72,0,1
[19:25:42.093] 73,0,1
[19:25:42.095] 74,0,3
[19:25:42.102] 75,1,0
[19:25:42.104] 76,2,1
[19:25:42.105] 77,0,2
[19:25:42.106] 78,4,5
[19:25:42.108] 79,0,10
[19:25:42.115] 80,7,38
[19:25:42.116] 81,19,3
[19:25:42.117] 82,16,26
[19:25:42.121] 83,33,23
[19:25:42.123] 84,42,7
[19:25:42.126] 85,53,26
[19:25:42.129] 86,53,7
[19:25:42.133] 87,43,3
[19:25:42.134] 88,86,20
[19:25:42.135] 89,30,0
[19:25:42.145] 90,0,0
[19:25:42.146] 91,0,0
[19:25:42.148] 92,0,0
[19:25:42.148] 93,0,16
[19:25:42.150] 94,0,182
[19:25:42.153] 95,0,302
[19:25:42.156] 96,0,154
[19:25:42.159] 97,0,224
[19:25:42.164] 98,0,210
[19:25:42.165] 99,214,152
[19:25:42.167] 100,548,231
[19:25:42.171] 101,957,100
[19:25:42.174] 102,1379,21
[19:25:42.184] 103,1776,2
[19:25:42.184] 104,2077,43
[19:25:42.185] 105,2349,100
[19:25:42.188] 106,2653,73
[19:25:42.194] 107,3107,112
[19:25:42.196] 108,3830,84
[19:25:42.197] 109,4095,0
[19:25:42.203] 110,4095,0
[19:25:42.203] 111,4095,4
[19:25:42.206] 112,4095,0
[19:25:42.208] 113,4095,2
[19:25:42.210] 114,4095,10
[19:25:42.214] 115,4095,0
[19:25:42.216] 116,4095,0
[19:25:42.219] 117,4095,0
[19:25:42.222] 118,4095,0
[19:25:42.227] 119,4095,0
[19:25:42.227] 120,4095,0
[19:25:42.240] 121,4095,0
[19:25:42.240] 122,3705,0
[19:25:42.249] 123,3220,0
[19:25:42.251] 124,2721,41
[19:25:42.251] 125,2137,0
[19:25:42.252] 126,1407,30
[19:25:42.255] 127,863,50
[19:25:42.258] 128,678,22
[19:25:42.261] 129,733,0
[19:25:42.263] 130,909,12
[19:25:42.266] 131,1147,140
[19:25:42.269] 132,1478,14
[19:25:42.272] 133,1726,10
[19:25:42.275] 134,1819,102
[19:25:42.288] 135,1788,94
[19:25:42.288] 136,1629,121
[19:25:42.289] 137,1453,180
[19:25:42.293] 138,1334,184
[19:25:42.296] 139,1295,139
[19:25:42.299] 140,1230,152
[19:25:42.305] 141,1087,212
[19:25:42.306] 142,920,206
[19:25:42.309] 143,606,217
[19:25:42.309] 144,361,283
[19:25:42.314] 145,141,278
[19:25:42.316] 146,69,233
[19:25:42.318] 147,236,234
[19:25:42.321] 148,470,187
[19:25:42.324] 149,542,139
[19:25:42.327] 150,412,153
[19:25:42.330] 151,332,169
[19:25:42.332] 152,211,191
[19:25:42.337] 153,225,218
[19:25:42.339] 154,265,205
[19:25:42.340] 155,414,148
[19:25:42.342] 156,710,58
[19:25:42.348] 157,1016,92
[19:25:42.349] 158,1334,102
[19:25:42.351] 159,1461,60
[19:25:42.354] 160,1423,44
[19:25:42.356] 161,1277,52
[19:25:42.360] 162,1082,35
[19:25:42.362] 163,934,7
[19:25:42.366] 164,825,0
[19:25:42.367] 165,678,0
[19:25:42.371] 166,543,0
[19:25:42.374] 167,488,0
[19:25:42.376] 168,734,0
[19:25:42.380] 169,1187,0
[19:25:42.388] 170,1690,0
[19:25:42.389] 171,2124,0
[19:25:42.391] 172,2355,0
[19:25:42.394] 173,2374,0
[19:25:42.397] 174,2122,0
[19:25:42.399] 175,1573,0
[19:25:42.402] 176,889,0
[19:25:42.406] 177,0,2
[19:25:42.409] 178,0,2
[19:25:42.409] 179,0,20
[19:25:42.412] 180,0,96
[19:25:42.415] 181,0,121
[19:25:42.417] 182,0,83
[19:25:42.420] 183,0,53
[19:25:42.423] 184,249,70
[19:25:42.429] 185,797,102
[19:25:42.429] 186,1470,111
[19:25:42.432] 187,2090,72
[19:25:42.435] 188,2633,50
[19:25:42.440] 189,3054,58
[19:25:42.441] 190,3243,102
[19:25:42.442] 191,3173,182
[19:25:42.445] 192,2902,250
[19:25:42.451] 193,2537,254
[19:25:42.452] 194,2233,250
[19:25:42.452] 195,1997,233
[19:25:42.456] 196,1769,220
[19:25:42.459] 197,1590,221
[19:25:42.461] 198,1559,219
[19:25:42.464] 199,1657,230
[19:25:42.471] [HIT] t=575249 i=0 note=38 vel=124 raw=124 truepeak=3197 ch=10 rescues=0 thresh=-1.000 peak=-1.000 mask=-1 decay=-1 decaylen=-1 xfilt=-1.000 xfiltdecay=-1.000 loopt=0 piezodc=-110.0 dchead=109.8 spikerej=1171
[19:25:42.482] [SysEx TX] F0 00 7D 00 05 03 00 00 7C 7C F7
[19:25:42.492] [SCOPE] input=0 pad_type=0 head_ch=1 rim_ch=0 head_peak=4095 rim_peak=302 decision=HEAD samples=200
[19:25:42.492] T,H,R
[19:25:42.493] 0,0,1
[19:25:42.493] 1,0,2
[19:25:42.498] 2,1,5
[19:25:42.501] 3,2,1
[19:25:42.504] 4,0,2
[19:25:42.511] 5,1,3
[19:25:42.511] 6,1,0
[19:25:42.512] 7,0,1
[19:25:42.514] 8,0,2
[19:25:42.517] 9,0,3
[19:25:42.520] 10,0,3
[19:25:42.523] 11,4,0
[19:25:42.525] 12,4,2
[19:25:42.529] 13,0,2
[19:25:42.531] 14,2,4
[19:25:42.536] 15,2,2
[19:25:42.537] 16,0,3
[19:25:42.539] 17,0,1
[19:25:42.543] 18,4,6
[19:25:42.544] 19,0,0
[19:25:42.546] 20,0,3
[19:25:42.553] 21,1,2
[19:25:42.554] 22,0,2
[19:25:42.555] 23,4,2
[19:25:42.557] 24,0,1
[19:25:42.562] 25,0,1
[19:25:42.564] 26,0,3
[19:25:42.566] 27,1,0
[19:25:42.569] 28,2,1
[19:25:42.572] 29,0,2
[19:25:42.576] 30,4,5
[19:25:42.577] 31,0,10
[19:25:42.580] 32,7,38
[19:25:42.584] 33,19,3
[19:25:42.602] 34,16,26
[19:25:42.603] 35,33,23
[19:25:42.604] 36,42,7
[19:25:42.605] 37,53,26
[19:25:42.607] 38,53,7
[19:25:42.613] 39,43,3
[19:25:42.618] 40,86,20
[19:25:42.619] 41,30,0
[19:25:42.620] 42,0,0
[19:25:42.621] 43,0,0
[19:25:42.627] 44,0,0
[19:25:42.628] 45,0,16
[19:25:42.632] 46,0,182
[19:25:42.633] 47,0,302
[19:25:42.635] 48,0,154
[19:25:42.638] 49,0,224
[19:25:42.641] 50,0,210
[19:25:42.646] 51,214,152
[19:25:42.647] 52,548,231
[19:25:42.649] 53,957,100
[19:25:42.656] 54,1379,21
[19:25:42.657] 55,1776,2
[19:25:42.659] 56,2077,43
[19:25:42.661] 57,2349,100
[19:25:42.700] 58,2653,73
[19:25:42.700] 59,3107,112
[19:25:42.702] 60,3830,84
[19:25:42.702] 61,4095,0
[19:25:42.719] 62,4095,0
[19:25:42.720] 63,4095,4
[19:25:42.720] 64,4095,0
[19:25:42.722] 65,4095,2
[19:25:42.726] 66,4095,10
[19:25:42.729] 67,4095,0
[19:25:42.732] 68,4095,0
[19:25:42.734] 69,4095,0
[19:25:42.736] 70,4095,0
[19:25:42.740] 71,4095,0
[19:25:42.742] 72,4095,0
[19:25:42.747] 73,4095,0
[19:25:42.748] 74,3705,0
[19:25:42.751] 75,3220,0
[19:25:42.752] 76,2721,41
[19:25:42.756] 77,2137,0
[19:25:42.759] 78,1407,30
[19:25:42.765] 79,863,50
[19:25:42.766] 80,678,22
[19:25:42.767] 81,733,0
[19:25:42.769] 82,909,12
[19:25:42.773] 83,1147,140
[19:25:42.776] 84,1478,14
[19:25:42.778] 85,1726,10
[19:25:42.781] 86,1819,102
[19:25:42.784] 87,1788,94
[19:25:42.786] 88,1629,121
[19:25:42.799] 89,1453,180
[19:25:42.799] 90,1334,184
[19:25:42.800] 91,1295,139
[19:25:42.800] 92,1230,152
[19:25:42.803] 93,1087,212
[19:25:42.807] 94,920,206
[19:25:42.810] 95,606,217
[19:25:42.815] 96,361,283
[19:25:42.817] 97,141,278
[19:25:42.818] 98,69,233
[19:25:42.821] 99,236,234
[19:25:42.824] 100,470,187
[19:25:42.826] 101,542,139
[19:25:42.829] 102,412,153
[19:25:42.832] 103,332,169
[19:25:42.834] 104,211,191
[19:25:42.838] 105,225,218
[19:25:42.841] 106,265,205
[19:25:42.844] 107,414,148
[19:25:42.850] 108,710,58
[19:25:42.851] 109,1016,92
[19:25:42.852] 110,1334,102
[19:25:42.854] 111,1461,60
[19:25:42.860] 112,1423,44
[19:25:42.863] 113,1277,52
[19:25:42.863] 114,1082,35
[19:25:42.865] 115,934,7
[19:25:42.872] 116,825,0
[19:25:42.872] 117,678,0
[19:25:42.873] 118,543,0
[19:25:42.875] 119,488,0
[19:25:42.879] 120,734,0
[19:25:42.881] 121,1187,0
[19:25:42.884] 122,1690,0
[19:25:42.886] 123,2124,0
[19:25:42.892] 124,2355,0
[19:25:42.905] 125,2374,0
[19:25:42.906] 126,2122,0
[19:25:42.906] 127,1573,0
[19:25:42.908] 128,889,0
[19:25:42.912] 129,0,2
[19:25:42.915] 130,0,2
[19:25:42.919] 131,0,20
[19:25:42.920] 132,0,96
[19:25:42.924] 133,0,121
[19:25:42.927] 134,0,83
[19:25:42.930] 135,0,53
[19:25:42.932] 136,249,70
[19:25:42.934] 137,797,102
[19:25:42.937] 138,1470,111
[19:25:42.940] 139,2090,72
[19:25:42.943] 140,2633,50
[19:25:42.946] 141,3054,58
[19:25:42.952] 142,3243,102
[19:25:42.952] 143,3173,182
[19:25:42.954] 144,2902,250
[19:25:42.958] 145,2537,254
[19:25:42.963] 146,2233,250
[19:25:42.965] 147,1997,233
[19:25:42.965] 148,1769,220
[19:25:42.967] 149,1590,221
[19:25:42.970] 150,1559,219
[19:25:42.973] 151,1657,230
[19:25:42.976] 152,1758,200
[19:25:42.979] 153,1799,158
[19:25:42.982] 154,1868,140
[19:25:42.984] 155,1961,153
[19:25:42.986] 156,2107,169
[19:25:42.989] 157,2273,186
[19:25:43.002] 158,2354,193
[19:25:43.002] 159,2352,159
[19:25:43.004] 160,2278,142
[19:25:43.004] 161,2141,188
[19:25:43.007] 162,1977,197
[19:25:43.011] 163,1750,180
[19:25:43.014] 164,1578,153
[19:25:43.016] 165,1457,148
[19:25:43.020] 166,1356,142
[19:25:43.022] 167,1241,115
[19:25:43.026] 168,1039,105
[19:25:43.029] 169,860,137
[19:25:43.030] 170,796,134
[19:25:43.033] 171,739,118
[19:25:43.035] 172,736,104
[19:25:43.038] 173,841,96
[19:25:43.048] 174,943,118
[19:25:43.048] 175,1011,126
[19:25:43.049] 176,1035,136
[19:25:43.049] 177,920,115
[19:25:43.054] 178,772,121
[19:25:43.055] 179,638,121
[19:25:43.058] 180,542,115
[19:25:43.060] 181,419,117
[19:25:43.065] 182,233,98
[19:25:43.066] 183,0,93
[19:25:43.068] 184,0,100
[19:25:43.071] 185,0,115
[19:25:43.074] 186,0,137
[19:25:43.079] 187,0,134
[19:25:43.080] 188,267,78
[19:25:43.082] 189,735,11
[19:25:43.086] 190,1278,20
[19:25:43.090] 191,1870,53
[19:25:43.092] 192,2366,53
[19:25:43.096] 193,2640,43
[19:25:43.111] 194,2747,40
[19:25:43.112] 195,2747,38
[19:25:43.114] 196,2651,40
[19:25:43.115] 197,2507,33
[19:25:43.118] 198,2345,23
[19:25:43.122] 199,2159,36
[19:25:43.128] [HIT] t=575905 i=0 note=38 vel=10 raw=10 truepeak=413 ch=10 rescues=0 thresh=-1.000 peak=-1.000 mask=-1 decay=-1 decaylen=-1 xfilt=-1.000 xfiltdecay=-1.000 loopt=0 piezodc=-107.0 dchead=107.0 spikerej=1171
[19:25:43.137] [SysEx TX] F0 00 7D 00 05 03 00 00 0A 0A F7
[19:25:43.141] [SCOPE] input=0 pad_type=0 head_ch=1 rim_ch=0 head_peak=741 rim_peak=36 decision=HEAD samples=200
[19:25:43.143] T,H,R
[19:25:43.148] 0,80,0
[19:25:43.149] 1,62,0
[19:25:43.152] 2,77,0
[19:25:43.157] 3,117,0
[19:25:43.158] 4,167,0
[19:25:43.160] 5,201,0
[19:25:43.164] 6,220,0
[19:25:43.168] 7,232,0
[19:25:43.169] 8,222,0
[19:25:43.171] 9,207,0
[19:25:43.174] 10,176,0
[19:25:43.177] 11,167,0
[19:25:43.179] 12,119,0
[19:25:43.182] 13,70,0
[19:25:43.184] 14,5,0
[19:25:43.187] 15,0,2
[19:25:43.191] 16,0,10
[19:25:43.193] 17,0,5
[19:25:43.196] 18,0,6
[19:25:43.199] 19,0,7
[19:25:43.207] 20,0,8
[19:25:43.207] 21,45,2
[19:25:43.208] 22,175,0
[19:25:43.211] 23,336,1
[19:25:43.215] 24,466,1
[19:25:43.217] 25,580,0
[19:25:43.219] 26,652,0
[19:25:43.224] 27,702,1
[19:25:43.231] 28,731,1
[19:25:43.232] 29,741,0
[19:25:43.233] 30,734,0
[19:25:43.235] 31,714,2
[19:25:43.238] 32,665,0
[19:25:43.241] 33,600,1
[19:25:43.244] 34,509,0
[19:25:43.247] 35,427,0
[19:25:43.248] 36,348,1
[19:25:43.252] 37,280,0
[19:25:43.254] 38,226,0
[19:25:43.259] 39,190,0
[19:25:43.260] 40,158,0
[19:25:43.261] 41,124,0
[19:25:43.264] 42,73,0
[19:25:43.279] 43,18,0
[19:25:43.280] 44,0,1
[19:25:43.281] 45,0,0
[19:25:43.281] 46,0,0
[19:25:43.283] 47,0,5
[19:25:43.287] 48,0,7
[19:25:43.289] 49,0,9
[19:25:43.292] 50,0,10
[19:25:43.296] 51,0,3
[19:25:43.298] 52,0,10
[19:25:43.310] 53,0,11
[19:25:43.310] 54,2,7
[19:25:43.313] 55,89,6
[19:25:43.313] 56,192,7
[19:25:43.314] 57,300,10
[19:25:43.317] 58,378,18
[19:25:43.321] 59,463,10
[19:25:43.323] 60,501,12
[19:25:43.329] 61,520,18
[19:25:43.330] 62,505,33
[19:25:43.331] 63,473,23
[19:25:43.333] 64,422,31
[19:25:43.338] 65,355,26
[19:25:43.340] 66,288,23
[19:25:43.343] 67,224,26
[19:25:43.345] 68,191,26
[19:25:43.348] 69,179,25
[19:25:43.351] 70,179,23
[19:25:43.354] 71,199,23
[19:25:43.357] 72,218,15
[19:25:43.365] 73,251,14
[19:25:43.365] 74,290,22
[19:25:43.365] 75,327,17
[19:25:43.367] 76,351,26
[19:25:43.372] 77,376,19
[19:25:43.373] 78,376,20
[19:25:43.375] 79,370,22
[19:25:43.378] 80,354,23
[19:25:43.381] 81,334,19
[19:25:43.384] 82,294,24
[19:25:43.386] 83,231,23
[19:25:43.388] 84,153,26
[19:25:43.392] 85,60,23
[19:25:43.397] 86,0,21
[19:25:43.398] 87,0,26
[19:25:43.402] 88,0,36
[19:25:43.403] 89,0,26
[19:25:43.413] 90,0,26
[19:25:43.414] 91,0,31
[19:25:43.417] 92,0,32
[19:25:43.419] 93,0,36
[19:25:43.422] 94,0,27
[19:25:43.425] 95,13,26
[19:25:43.428] 96,83,23
[19:25:43.434] 97,160,26
[19:25:43.436] 98,217,23
[19:25:43.436] 99,264,26
[19:25:43.441] 100,292,23
[19:25:43.442] 101,326,26
[19:25:43.449] 102,345,23
[19:25:43.449] 103,351,23
[19:25:43.450] 104,365,21
[19:25:43.454] 105,395,23
[19:25:43.457] 106,433,23
[19:25:43.459] 107,480,26
[19:25:43.465] 108,496,20
[19:25:43.466] 109,520,18
[19:25:43.467] 110,524,18
[19:25:43.470] 111,505,10
[19:25:43.475] 112,489,7
[19:25:43.476] 113,459,7
[19:25:43.480] 114,409,16
[19:25:43.484] 115,360,7
[19:25:43.486] 116,313,4
[19:25:43.489] 117,255,9
[19:25:43.492] 118,190,10
[19:25:43.495] 119,121,18
[19:25:43.497] 120,44,10
[19:25:43.501] 121,0,22
[19:25:43.503] 122,0,22
[19:25:43.508] 123,0,20
[19:25:43.519] 124,0,20
[19:25:43.520] 125,0,18
[19:25:43.524] 126,0,18
[19:25:43.526] 127,0,19
[19:25:43.529] 128,18,16
[19:25:43.535] 129,73,18
[19:25:43.535] 130,140,17
[19:25:43.537] 131,184,10
[19:25:43.545] 132,223,20
[19:25:43.546] 133,238,18
[19:25:43.547] 134,244,24
[19:25:43.550] 135,223,19
[19:25:43.552] 136,159,21
[19:25:43.555] 137,114,20
[19:25:43.559] 138,70,15
[19:25:43.561] 139,25,23
[19:25:43.566] 140,4,18
[19:25:43.567] 141,1,10
[19:25:43.569] 142,8,9
[19:25:43.572] 143,39,10
[19:25:43.577] 144,89,6
[19:25:43.578] 145,159,2
[19:25:43.580] 146,220,5
[19:25:43.582] 147,275,0
[19:25:43.584] 148,318,0
[19:25:43.587] 149,366,1
[19:25:43.589] 150,401,0
[19:25:43.595] 151,409,1
[19:25:43.597] 152,401,0
[19:25:43.599] 153,372,0
[19:25:43.601] 154,339,0
[19:25:43.604] 155,315,0
[19:25:43.608] 156,295,0
[19:25:43.617] 157,251,0
[19:25:43.620] 158,211,0
[19:25:43.620] 159,150,0
[19:25:43.623] 160,83,0
[19:25:43.626] 161,34,0
[19:25:43.629] 162,0,0
[19:25:43.632] 163,0,0
[19:25:43.638] 164,0,0
[19:25:43.638] 165,0,0
[19:25:43.644] 166,0,0
[19:25:43.645] 167,0,0
[19:25:43.645] 168,0,0
[19:25:43.648] 169,0,0
[19:25:43.653] 170,0,0
[19:25:43.654] 171,0,0
[19:25:43.657] 172,0,0
[19:25:43.660] 173,0,0
[19:25:43.670] 174,0,0
[19:25:43.671] 175,0,0
[19:25:43.672] 176,0,0
[19:25:43.673] 177,31,0
[19:25:43.675] 178,75,1
[19:25:43.680] 179,124,0
[19:25:43.681] 180,182,1
[19:25:43.683] 181,246,0
[19:25:43.690] 182,297,0
[19:25:43.690] 183,360,1
[19:25:43.691] 184,393,0
[19:25:43.694] 185,411,0
[19:25:43.698] 186,416,0
[19:25:43.698] 187,410,0
[19:25:43.703] 188,375,0
[19:25:43.704] 189,334,0
[19:25:43.712] 190,285,4
[19:25:43.714] 191,241,0
[19:25:43.726] 192,182,1
[19:25:43.741] 193,140,0
[19:25:43.759] 194,91,0
[19:25:43.759] 195,59,0
[19:25:43.759] 196,34,0
[19:25:43.759] 197,25,0
[19:25:43.773] 198,19,0
[19:25:43.773] 199,39,0
[19:25:44.676] [HIT] t=577452 i=0 note=38 vel=127 raw=127 truepeak=4080 ch=10 rescues=0 thresh=-1.000 peak=-1.000 mask=-1 decay=-1 decaylen=-1 xfilt=-1.000 xfiltdecay=-1.000 loopt=0 piezodc=1165.0 dchead=39.1 spikerej=1190
[19:25:44.684] [SysEx TX] F0 00 7D 00 05 03 00 00 7F 7F F7
[19:25:44.689] [SCOPE] input=0 pad_type=0 head_ch=1 rim_ch=0 head_peak=4095 rim_peak=1366 decision=HEAD samples=200
[19:25:44.694] T,H,R
[19:25:44.695] 0,2,3
[19:25:44.697] 1,3,5
[19:25:44.698] 2,0,2
[19:25:44.703] 3,3,5
[19:25:44.704] 4,0,0
[19:25:44.705] 5,3,5
[19:25:44.708] 6,0,2
[19:25:44.712] 7,0,2
[19:25:44.715] 8,3,4
[19:25:44.716] 9,0,2
[19:25:44.719] 10,3,6
[19:25:44.722] 11,0,2
[19:25:44.725] 12,5,5
[19:25:44.729] 13,0,2
[19:25:44.731] 14,5,4
[19:25:44.734] 15,1,3
[19:25:44.753] 16,5,6
[19:25:44.753] 17,2,3
[19:25:44.754] 18,2,2
[19:25:44.757] 19,2,3
[19:25:44.767] 20,2,2
[19:25:44.768] 21,2,3
[19:25:44.768] 22,1,0
[19:25:44.772] 23,0,2
[19:25:44.774] 24,3,5
[19:25:44.777] 25,0,2
[19:25:44.780] 26,5,7
[19:25:44.782] 27,0,2
[19:25:44.785] 28,1,5
[19:25:44.788] 29,0,2
[19:25:44.791] 30,2,8
[19:25:44.796] 31,0,2
[19:25:44.798] 32,0,2
[19:25:44.798] 33,2,2
[19:25:44.801] 34,2,2
[19:25:44.807] 35,2,2
[19:25:44.807] 36,4,2
[19:25:44.810] 37,2,3
[19:25:44.813] 38,1,0
[19:25:44.815] 39,0,2
[19:25:44.819] 40,1,5
[19:25:44.821] 41,0,2
[19:25:44.824] 42,4,2
[19:25:44.827] 43,0,0
[19:25:44.829] 44,4,7
[19:25:44.832] 45,0,2
[19:25:44.834] 46,2,0
[19:25:44.842] 47,1,1
[19:25:44.846] 48,0,0
[19:25:44.847] 49,4,6
[19:25:44.848] 50,0,0
[19:25:44.851] 51,1,3
[19:25:44.853] 52,0,2
[19:25:44.857] 53,1,5
[19:25:44.859] 54,0,2
[19:25:44.862] 55,0,2
[19:25:44.866] 56,3,4
[19:25:44.868] 57,1,3
[19:25:44.871] 58,0,0
[19:25:44.875] 59,1,3
[19:25:44.876] 60,0,0
[19:25:44.879] 61,4,4
[19:25:44.882] 62,0,2
[19:25:44.884] 63,0,0
[19:25:44.887] 64,2,4
[19:25:44.889] 65,0,6
[19:25:44.893] 66,2,1
[19:25:44.898] 67,0,3
[19:25:44.899] 68,0,0
[19:25:44.900] 69,1,5
[19:25:44.903] 70,0,0
[19:25:44.909] 71,0,3
[19:25:44.909] 72,0,2
[19:25:44.911] 73,1,5
[19:25:44.915] 74,0,3
[19:25:44.917] 75,0,0
[19:25:44.920] 76,4,4
[19:25:44.922] 77,1,3
[19:25:44.926] 78,0,2
[19:25:44.930] 79,0,2
[19:25:44.931] 80,2,5
[19:25:44.933] 81,1,1
[19:25:44.936] 82,1,2
[19:25:44.940] 83,0,0
[19:25:44.949] 84,1,4
[19:25:44.949] 85,0,3
[19:25:44.952] 86,2,2
[19:25:44.955] 87,0,2
[19:25:44.959] 88,0,1
[19:25:44.961] 89,2,4
[19:25:44.964] 90,0,2
[19:25:44.968] 91,1,1
[19:25:44.970] 92,0,2
[19:25:44.973] 93,0,4
[19:25:44.975] 94,2,0
[19:25:44.979] 95,0,1
[19:25:44.983] 96,0,1
[19:25:44.984] 97,1,0
[19:25:44.986] 98,21,65
[19:25:44.988] 99,99,122
[19:25:44.992] 100,206,59
[19:25:44.994] 101,286,125
[19:25:44.999] 102,314,38
[19:25:45.000] 103,310,61
[19:25:45.001] 104,291,154
[19:25:45.004] 105,377,105
[19:25:45.013] 106,359,0
[19:25:45.013] 107,248,0
[19:25:45.015] 108,0,56
[19:25:45.016] 109,0,0
[19:25:45.018] 110,0,0
[19:25:45.021] 111,0,108
[19:25:45.024] 112,0,59
[19:25:45.026] 113,0,653
[19:25:45.029] 114,0,1366
[19:25:45.033] 115,0,0
[19:25:45.035] 116,0,111
[19:25:45.038] 117,958,1120
[19:25:45.041] 118,2452,502
[19:25:45.050] 119,4095,65
[19:25:45.051] 120,4095,137
[19:25:45.053] 121,4095,0
[19:25:45.056] 122,4095,8
[19:25:45.058] 123,4095,284
[19:25:45.062] 124,4095,283
[19:25:45.065] 125,4095,263
[19:25:45.072] 126,4095,321
[19:25:45.074] 127,4095,3
[19:25:45.075] 128,4095,175
[19:25:45.076] 129,4095,267
[19:25:45.079] 130,4095,0
[19:25:45.082] 131,4095,83
[19:25:45.085] 132,4095,100
[19:25:45.087] 133,4095,0
[19:25:45.089] 134,4095,0
[19:25:45.096] 135,4095,105
[19:25:45.096] 136,4095,0
[19:25:45.098] 137,3174,0
[19:25:45.103] 138,1873,0
[19:25:45.103] 139,249,0
[19:25:45.104] 140,0,0
[19:25:45.108] 141,0,0
[19:25:45.115] 142,0,282
[19:25:45.116] 143,0,86
[19:25:45.116] 144,10,75
[19:25:45.119] 145,901,393
[19:25:45.122] 146,1820,285
[19:25:45.127] 147,2633,126
[19:25:45.128] 148,3273,95
[19:25:45.130] 149,3784,233
[19:25:45.134] 150,3876,428
[19:25:45.136] 151,3448,685
[19:25:45.138] 152,2913,694
[19:25:45.142] 153,2283,626
[19:25:45.155] 154,1767,665
[19:25:45.155] 155,1204,597
[19:25:45.156] 156,604,486
[19:25:45.157] 157,47,548
[19:25:45.159] 158,0,633
[19:25:45.163] 159,0,773
[19:25:45.165] 160,0,729
[19:25:45.168] 161,19,631
[19:25:45.174] 162,664,656
[19:25:45.175] 163,1594,636
[19:25:45.177] 164,2586,489
[19:25:45.179] 165,3241,438
[19:25:45.182] 166,3751,468
[19:25:45.189] 167,3242,510
[19:25:45.189] 168,2361,588
[19:25:45.191] 169,1373,683
[19:25:45.192] 170,712,703
[19:25:45.196] 171,645,680
[19:25:45.200] 172,990,537
[19:25:45.200] 173,1615,421
[19:25:45.207] 174,2485,271
[19:25:45.208] 175,3484,310
[19:25:45.208] 176,4095,301
[19:25:45.209] 177,4095,246
[19:25:45.213] 178,4095,211
[19:25:45.216] 179,4095,146
[19:25:45.217] 180,3901,119
[19:25:45.221] 181,3667,97
[19:25:45.222] 182,3976,116
[19:25:45.225] 183,4095,40
[19:25:45.229] 184,4095,0
[19:25:45.231] 185,4095,0
[19:25:45.233] 186,4042,0
[19:25:45.236] 187,3991,0
[19:25:45.239] 188,3587,0
[19:25:45.242] 189,3099,18
[19:25:45.245] 190,2437,31
[19:25:45.255] 191,1526,28
[19:25:45.255] 192,547,33
[19:25:45.256] 193,0,44
[19:25:45.258] 194,0,200
[19:25:45.262] 195,0,309
[19:25:45.265] 196,0,352
[19:25:45.269] 197,0,288
[19:25:45.270] 198,0,251
[19:25:45.274] 199,0,315
[19:25:45.279] [HIT] t=578057 i=0 note=38 vel=127 raw=127 truepeak=4047 ch=10 rescues=0 thresh=-1.000 peak=-1.000 mask=-1 decay=-1 decaylen=-1 xfilt=-1.000 xfiltdecay=-1.000 loopt=0 piezodc=1517.0 dchead=171.8 spikerej=1346
[19:25:45.289] [SysEx TX] F0 00 7D 00 05 03 00 00 7F 7F F7
[19:25:45.292] [SCOPE] input=0 pad_type=0 head_ch=1 rim_ch=0 head_peak=4095 rim_peak=1366 decision=HEAD samples=200
[19:25:45.295] T,H,R
[19:25:45.298] 0,1,3
[19:25:45.301] 1,0,0
[19:25:45.306] 2,1,3
[19:25:45.307] 3,0,0
[19:25:45.308] 4,4,4
[19:25:45.311] 5,0,2
[19:25:45.314] 6,0,0
[19:25:45.317] 7,2,4
[19:25:45.323] 8,0,6
[19:25:45.324] 9,2,1
[19:25:45.325] 10,0,3
[19:25:45.327] 11,0,0
[19:25:45.330] 12,1,5
[19:25:45.333] 13,0,0
[19:25:45.335] 14,0,3
[19:25:45.338] 15,0,2
[19:25:45.343] 16,1,5
[19:25:45.345] 17,0,3
[19:25:45.346] 18,0,0
[19:25:45.358] 19,4,4
[19:25:45.358] 20,1,3
[19:25:45.359] 21,0,2
[19:25:45.360] 22,0,2
[19:25:45.365] 23,2,5
[19:25:45.368] 24,1,1
[19:25:45.370] 25,1,2
[19:25:45.379] 26,0,0
[19:25:45.380] 27,1,4
[19:25:45.381] 28,0,3
[19:25:45.382] 29,2,2
[19:25:45.385] 30,0,2
[19:25:45.388] 31,0,1
[19:25:45.390] 32,2,4
[19:25:45.393] 33,0,2
[19:25:45.398] 34,1,1
[19:25:45.399] 35,0,2
[19:25:45.402] 36,0,4
[19:25:45.404] 37,2,0
[19:25:45.409] 38,0,1
[19:25:45.410] 39,0,1
[19:25:45.412] 40,1,0
[19:25:45.415] 41,21,65
[19:25:45.422] 42,99,122
[19:25:45.423] 43,206,59
[19:25:45.424] 44,286,125
[19:25:45.426] 45,314,38
[19:25:45.429] 46,310,61
[19:25:45.432] 47,291,154
[19:25:45.435] 48,377,105
[19:25:45.437] 49,359,0
[19:25:45.440] 50,248,0
[19:25:45.443] 51,0,56
[19:25:45.446] 52,0,0
[19:25:45.449] 53,0,0
[19:25:45.461] 54,0,108
[19:25:45.461] 55,0,59
[19:25:45.461] 56,0,653
[19:25:45.463] 57,0,1366
[19:25:45.467] 58,0,0
[19:25:45.469] 59,0,111
[19:25:45.472] 60,958,1120
[19:25:45.475] 61,2452,502
[19:25:45.483] 62,4095,65
[19:25:45.483] 63,4095,137
[19:25:45.485] 64,4095,0
[19:25:45.485] 65,4095,8
[19:25:45.489] 66,4095,284
[19:25:45.492] 67,4095,283
[19:25:45.495] 68,4095,263
[19:25:45.498] 69,4095,321
[19:25:45.501] 70,4095,3
[19:25:45.504] 71,4095,175
[19:25:45.507] 72,4095,267
[19:25:45.513] 73,4095,0
[19:25:45.513] 74,4095,83
[19:25:45.514] 75,4095,100
[19:25:45.516] 76,4095,0
[19:25:45.522] 77,4095,0
[19:25:45.522] 78,4095,105
[19:25:45.524] 79,4095,0
[19:25:45.527] 80,3174,0
[19:25:45.531] 81,1873,0
[19:25:45.533] 82,249,0
[19:25:45.537] 83,0,0
[19:25:45.539] 84,0,0
[19:25:45.543] 85,0,282
[19:25:45.546] 86,0,86
[19:25:45.548] 87,10,75
[19:25:45.552] 88,901,393
[19:25:45.565] 89,1820,285
[19:25:45.565] 90,2633,126
[19:25:45.566] 91,3273,95
[19:25:45.567] 92,3784,233
[19:25:45.570] 93,3876,428
[19:25:45.573] 94,3448,685
[19:25:45.576] 95,2913,694
[19:25:45.583] 96,2283,626
[19:25:45.584] 97,1767,665
[19:25:45.585] 98,1204,597
[19:25:45.586] 99,604,486
[19:25:45.589] 100,47,548
[19:25:45.593] 101,0,633
[19:25:45.596] 102,0,773
[19:25:45.599] 103,0,729
[19:25:45.601] 104,19,631
[19:25:45.608] 105,664,656
[19:25:45.609] 106,1594,636
[19:25:45.610] 107,2586,489
[19:25:45.613] 108,3241,438
[19:25:45.617] 109,3751,468
[19:25:45.618] 110,3242,510
[19:25:45.621] 111,2361,588
[19:25:45.626] 112,1373,683
[19:25:45.626] 113,712,703
[19:25:45.628] 114,645,680
[19:25:45.632] 115,990,537
[19:25:45.634] 116,1615,421
[19:25:45.637] 117,2485,271
[19:25:45.639] 118,3484,310
[19:25:45.643] 119,4095,301
[19:25:45.645] 120,4095,246
[19:25:45.649] 121,4095,211
[19:25:45.652] 122,4095,146
[19:25:45.656] 123,3901,119
[19:25:45.662] 124,3667,97
[19:25:45.666] 125,3976,116
[19:25:45.667] 126,4095,40
[19:25:45.667] 127,4095,0
[19:25:45.671] 128,4095,0
[19:25:45.674] 129,4042,0
[19:25:45.677] 130,3991,0
[19:25:45.679] 131,3587,0
[19:25:45.685] 132,3099,18
[19:25:45.686] 133,2437,31
[19:25:45.689] 134,1526,28
[19:25:45.689] 135,547,33
[19:25:45.693] 136,0,44
[19:25:45.699] 137,0,200
[19:25:45.699] 138,0,309
[19:25:45.701] 139,0,352
[19:25:45.705] 140,0,288
[19:25:45.707] 141,0,251
[19:25:45.709] 142,0,315
[19:25:45.713] 143,872,331
[19:25:45.718] 144,2416,327
[19:25:45.719] 145,4095,290
[19:25:45.720] 146,4095,194
[19:25:45.727] 147,4095,200
[19:25:45.729] 148,4095,180
[19:25:45.730] 149,4095,232
[19:25:45.731] 150,4095,423
[19:25:45.735] 151,3356,585
[19:25:45.738] 152,2255,589
[19:25:45.740] 153,1221,512
[19:25:45.743] 154,550,478
[19:25:45.746] 155,0,510
[19:25:45.749] 156,0,492
[19:25:45.751] 157,363,441
[19:25:45.755] 158,1010,425
[19:25:45.759] 159,1592,333
[19:25:45.777] 160,2092,285
[19:25:45.779] 161,2446,316
[19:25:45.780] 162,2794,367
[19:25:45.781] 163,2989,353
[19:25:45.785] 164,3051,314
[19:25:45.790] 165,2838,267
[19:25:45.791] 166,2476,186
[19:25:45.793] 167,1967,256
[19:25:45.796] 168,1347,366
[19:25:45.799] 169,821,400
[19:25:45.802] 170,342,477
[19:25:45.804] 171,0,479
[19:25:45.807] 172,0,438
[19:25:45.809] 173,0,413
[19:25:45.813] 174,18,364
[19:25:45.819] 175,330,338
[19:25:45.822] 176,789,281
[19:25:45.823] 177,1291,246
[19:25:45.823] 178,1641,284
[19:25:45.827] 179,1739,334
[19:25:45.831] 180,1626,373
[19:25:45.832] 181,1074,447
[19:25:45.834] 182,329,479
[19:25:45.837] 183,0,481
[19:25:45.839] 184,0,438
[19:25:45.843] 185,0,438
[19:25:45.845] 186,0,438
[19:25:45.849] 187,0,407
[19:25:45.852] 188,0,361
[19:25:45.854] 189,0,297
[19:25:45.858] 190,0,297
[19:25:45.870] 191,0,371
[19:25:45.870] 192,63,442
[19:25:45.871] 193,601,373
[19:25:45.871] 194,1562,198
[19:25:45.876] 195,2898,115
[19:25:45.879] 196,4095,116
[19:25:45.882] 197,4095,137
[19:25:45.895] 198,4095,175
[19:25:45.895] 199,4095,235
[19:25:45.895] [HIT] t=578672 i=0 note=38 vel=81 raw=81 truepeak=2142 ch=10 rescues=0 thresh=-1.000 peak=-1.000 mask=-1 decay=-1 decaylen=-1 xfilt=-1.000 xfiltdecay=-1.000 loopt=0 piezodc=162.0 dchead=206.2 spikerej=1375
[19:25:45.905] [SysEx TX] F0 00 7D 00 05 03 00 00 51 51 F7
[19:25:45.908] [SCOPE] input=0 pad_type=0 head_ch=1 rim_ch=0 head_peak=3016 rim_peak=153 decision=HEAD samples=200
[19:25:45.911] T,H,R
[19:25:45.914] 0,1289,60
[19:25:45.916] 1,1614,44
[19:25:45.924] 2,1997,52
[19:25:45.924] 3,2361,58
[19:25:45.924] 4,2708,44
[19:25:45.926] 5,2902,14
[19:25:45.933] 6,3000,34
[19:25:45.934] 7,3016,45
[19:25:45.934] 8,2998,46
[19:25:45.937] 9,2877,59
[19:25:45.939] 10,2697,73
[19:25:45.943] 11,2457,44
[19:25:45.946] 12,2186,69
[19:25:45.948] 13,1962,70
[19:25:45.951] 14,1759,45
[19:25:45.954] 15,1529,40
[19:25:45.956] 16,1305,25
[19:25:45.959] 17,1181,15
[19:25:45.963] 18,1124,21
[19:25:45.971] 19,1108,20
[19:25:45.973] 20,1129,10
[19:25:45.974] 21,1231,19
[19:25:45.978] 22,1284,16
[19:25:45.980] 23,1334,34
[19:25:45.983] 24,1343,49
[19:25:45.985] 25,1306,50
[19:25:45.988] 26,1197,69
[19:25:45.992] 27,980,69
[19:25:45.995] 28,698,73
[19:25:45.997] 29,377,86
[19:25:45.999] 30,16,102
[19:25:46.002] 31,0,107
[19:25:46.005] 32,0,97
[19:25:46.007] 33,0,102
[19:25:46.009] 34,0,121
[19:25:46.013] 35,0,113
[19:25:46.016] 36,0,111
[19:25:46.019] 37,33,137
[19:25:46.024] 38,308,153
[19:25:46.025] 39,656,141
[19:25:46.026] 40,1102,135
[19:25:46.029] 41,1590,123
[19:25:46.034] 42,2078,134
[19:25:46.035] 43,2497,121
[19:25:46.036] 44,2806,106
[19:25:46.041] 45,2954,116
[19:25:46.042] 46,3002,121
[19:25:46.045] 47,3001,116
[19:25:46.048] 48,2940,137
[19:25:46.050] 49,2847,100
[19:25:46.053] 50,2741,87
[19:25:46.056] 51,2604,92
[19:25:46.066] 52,2461,86
[19:25:46.067] 53,2329,89
[19:25:46.067] 54,2149,78
[19:25:46.076] 55,1917,80
[19:25:46.086] 56,1633,79
[19:25:46.087] 57,1338,60
[19:25:46.096] 58,1146,73
[19:25:46.096] 59,1084,89
[19:25:46.098] 60,1058,85
[19:25:46.099] 61,1045,62
[19:25:46.104] 62,928,37
[19:25:46.106] 63,763,57
[19:25:46.109] 64,621,89
[19:25:46.112] 65,461,121
[19:25:46.115] 66,288,118
[19:25:46.121] 67,67,105
[19:25:46.123] 68,0,88
[19:25:46.123] 69,0,117
[19:25:46.133] 70,0,147
[19:25:46.133] 71,0,152
[19:25:46.135] 72,0,137
[19:25:46.138] 73,134,118
[19:25:46.141] 74,390,81
[19:25:46.142] 75,684,59
[19:25:46.145] 76,987,62
[19:25:46.147] 77,1229,75
[19:25:46.150] 78,1389,74
[19:25:46.153] 79,1428,76
[19:25:46.158] 80,1426,77
[19:25:46.159] 81,1398,76
[19:25:46.164] 82,1382,82
[19:25:46.166] 83,1387,97
[19:25:46.167] 84,1370,77
[19:25:46.186] 85,1373,61
[19:25:46.187] 86,1385,86
[19:25:46.191] 87,1353,88
[19:25:46.195] 88,1289,89
[19:25:46.198] 89,1210,64
[19:25:46.199] 90,1181,65
[19:25:46.202] 91,1215,41
[19:25:46.207] 92,1325,31
[19:25:46.209] 93,1486,20
[19:25:46.211] 94,1654,0
[19:25:46.214] 95,1843,0
[19:25:46.217] 96,1964,2
[19:25:46.220] 97,1972,4
[19:25:46.222] 98,1877,10
[19:25:46.225] 99,1689,26
[19:25:46.230] 100,1483,27
[19:25:46.231] 101,1226,31
[19:25:46.233] 102,942,30
[19:25:46.235] 103,394,37
[19:25:46.241] 104,96,43
[19:25:46.241] 105,0,65
[19:25:46.245] 106,0,78
[19:25:46.246] 107,0,72
[19:25:46.248] 108,0,52
[19:25:46.251] 109,0,65
[19:25:46.254] 110,0,70
[19:25:46.257] 111,5,76
[19:25:46.259] 112,201,62
[19:25:46.263] 113,421,68
[19:25:46.266] 114,644,53
[19:25:46.269] 115,782,54
[19:25:46.280] 116,873,58
[19:25:46.282] 117,883,76
[19:25:46.283] 118,869,77
[19:25:46.286] 119,867,77
[19:25:46.289] 120,929,82
[19:25:46.292] 121,1064,54
[19:25:46.294] 122,1301,31
[19:25:46.300] 123,1645,31
[19:25:46.301] 124,1950,25
[19:25:46.304] 125,2200,23
[19:25:46.306] 126,2318,23
[19:25:46.308] 127,2315,25
[19:25:46.312] 128,2238,31
[19:25:46.315] 129,2090,36
[19:25:46.317] 130,1910,26
[19:25:46.320] 131,1728,16
[19:25:46.323] 132,1595,2
[19:25:46.325] 133,1500,1
[19:25:46.328] 134,1439,0
[19:25:46.333] 135,1401,0
[19:25:46.334] 136,1344,0
[19:25:46.336] 137,1236,0
[19:25:46.342] 138,992,0
[19:25:46.343] 139,761,0
[19:25:46.344] 140,570,0
[19:25:46.346] 141,422,0
[19:25:46.350] 142,286,0
[19:25:46.352] 143,183,0
[19:25:46.354] 144,143,0
[19:25:46.357] 145,169,0
[19:25:46.359] 146,223,10
[19:25:46.363] 147,278,11
[19:25:46.366] 148,297,5
[19:25:46.369] 149,291,0
[19:25:46.371] 150,243,0
[19:25:46.383] 151,191,0
[19:25:46.383] 152,148,0
[19:25:46.384] 153,96,0
[19:25:46.387] 154,79,0
[19:25:46.389] 155,33,0
[19:25:46.394] 156,0,0
[19:25:46.396] 157,0,0
[19:25:46.400] 158,0,0
[19:25:46.401] 159,0,9
[19:25:46.405] 160,0,5
[19:25:46.407] 161,76,6
[19:25:46.409] 162,267,0
[19:25:46.413] 163,516,0
[19:25:46.416] 164,761,0
[19:25:46.418] 165,992,0
[19:25:46.421] 166,1193,0
[19:25:46.424] 167,1356,0
[19:25:46.426] 168,1452,0
[19:25:46.429] 169,1490,0
[19:25:46.433] 170,1495,0
[19:25:46.434] 171,1485,0
[19:25:46.436] 172,1466,0
[19:25:46.439] 173,1444,0
[19:25:46.446] 174,1366,0
[19:25:46.447] 175,1256,0
[19:25:46.447] 176,1110,0
[19:25:46.451] 177,939,0
[19:25:46.454] 178,672,0
[19:25:46.456] 179,449,0
[19:25:46.459] 180,250,0
[19:25:46.462] 181,162,0
[19:25:46.465] 182,93,0
[19:25:46.468] 183,14,0
[19:25:46.470] 184,0,0
[19:25:46.473] 185,0,0
[19:25:46.485] 186,0,2
[19:25:46.485] 187,0,13
[19:25:46.486] 188,0,26
[19:25:46.486] 189,0,16
[19:25:46.489] 190,0,9
[19:25:46.492] 191,0,23
[19:25:46.495] 192,0,19
[19:25:46.499] 193,0,23
[19:25:46.502] 194,0,23
[19:25:46.507] 195,123,12
[19:25:46.508] 196,340,2
[19:25:46.509] 197,589,0
[19:25:46.512] 198,852,0
[19:25:46.515] 199,1124,0
[19:25:46.521] [HIT] t=579299 i=0 note=38 vel=6 raw=6 truepeak=299 ch=10 rescues=0 thresh=-1.000 peak=-1.000 mask=-1 decay=-1 decaylen=-1 xfilt=-1.000 xfiltdecay=-1.000 loopt=0 piezodc=-189.0 dchead=189.1 spikerej=1375
[19:25:46.531] [SysEx TX] F0 00 7D 00 05 03 00 00 06 06 F7
[19:25:46.536] [SCOPE] input=0 pad_type=0 head_ch=1 rim_ch=0 head_peak=559 rim_peak=26 decision=HEAD samples=200
[19:25:46.537] T,H,R
[19:25:46.539] 0,83,0
[19:25:46.547] 1,43,1
[19:25:46.548] 2,4,0
[19:25:46.549] 3,0,0
[19:25:46.550] 4,0,0
[19:25:46.553] 5,0,1
[19:25:46.556] 6,0,0
[19:25:46.558] 7,0,1
[19:25:46.562] 8,0,6
[19:25:46.565] 9,0,3
[19:25:46.568] 10,0,0
[19:25:46.571] 11,0,1
[19:25:46.573] 12,0,0
[19:25:46.578] 13,0,0
[19:25:46.597] 14,0,0
[19:25:46.597] 15,30,1
[19:25:46.598] 16,85,0
[19:25:46.600] 17,137,0
[19:25:46.833] 18,181,0
[19:25:46.836] 19,234,0
[19:25:46.839] 20,277,0
[19:25:46.844] 21,332,0
[19:25:46.844] 22,374,0
[19:25:46.846] 23,428,0
[19:25:47.031] 24,474,0
[19:25:47.135] 25,519,0
[19:25:47.136] 26,547,0
[19:25:47.138] 27,559,0
[19:25:47.144] 28,555,0
[19:25:47.145] 29,545,0
[19:25:47.147] 30,520,0
[19:25:47.151] 31,476,0
[19:25:47.153] 32,429,0
[19:25:47.155] 33,367,0
[19:25:47.163] 34,297,0
[19:25:47.163] 35,228,0
[19:25:47.163] 36,140,0
[19:25:47.166] 37,53,0
[19:25:47.169] 38,0,0
[19:25:47.172] 39,0,0
[19:25:47.175] 40,0,0
[19:25:47.177] 41,0,2
[19:25:47.182] 42,0,0
[19:25:47.183] 43,0,0
[19:25:47.185] 44,0,2
[19:25:47.188] 45,0,0
[19:25:47.193] 46,0,4
[19:25:47.221] 47,0,3
[19:25:47.222] 48,0,11
[19:25:47.223] 49,0,6
[19:25:47.225] 50,0,5
[19:25:47.229] 51,10,0
[19:25:47.232] 52,29,3
[19:25:47.233] 53,57,2
[19:25:47.235] 54,97,1
[19:25:47.238] 55,134,4
[19:25:47.242] 56,162,0
[19:25:47.244] 57,204,1
[19:25:47.247] 58,237,0
[19:25:47.252] 59,275,1
[19:25:47.253] 60,306,0
[19:25:47.255] 61,335,0
[19:25:47.258] 62,355,0
[19:25:47.264] 63,372,0
[19:25:47.265] 64,384,0
[19:25:47.266] 65,393,0
[19:25:47.267] 66,388,1
[19:25:47.271] 67,378,0
[19:25:47.274] 68,368,0
[19:25:47.277] 69,342,0
[19:25:47.279] 70,335,0
[19:25:47.282] 71,310,0
[19:25:47.285] 72,294,0
[19:25:47.288] 73,269,0
[19:25:47.292] 74,249,2
[19:25:47.295] 75,217,0
[19:25:47.310] 76,184,1
[19:25:47.310] 77,152,2
[19:25:47.313] 78,116,0
[19:25:47.313] 79,73,8
[19:25:47.326] 80,37,2
[19:25:47.326] 81,4,5
[19:25:47.327] 82,0,1
[19:25:47.329] 83,0,10
[19:25:47.331] 84,0,20
[19:25:47.336] 85,0,14
[19:25:47.338] 86,0,18
[19:25:47.341] 87,0,23
[19:25:47.343] 88,0,20
[19:25:47.346] 89,0,19
[19:25:47.349] 90,0,10
[19:25:47.354] 91,0,19
[19:25:47.354] 92,0,15
[19:25:47.357] 93,0,14
[19:25:47.360] 94,30,23
[19:25:47.367] 95,85,18
[19:25:47.367] 96,145,19
[19:25:47.367] 97,205,21
[19:25:47.369] 98,277,19
[19:25:47.373] 99,334,18
[19:25:47.376] 100,391,16
[19:25:47.378] 101,450,7
[19:25:47.382] 102,478,16
[19:25:47.384] 103,505,5
[19:25:47.389] 104,501,7
[19:25:47.389] 105,486,10
[19:25:47.393] 106,470,10
[19:25:47.415] 107,430,12
[19:25:47.415] 108,398,13
[19:25:47.416] 109,364,11
[19:25:47.430] 110,329,7
[19:25:47.432] 111,286,7
[19:25:47.435] 112,250,6
[19:25:47.438] 113,220,10
[19:25:47.440] 114,188,12
[19:25:47.445] 115,144,9
[19:25:47.447] 116,114,2
[19:25:47.449] 117,76,7
[19:25:47.452] 118,45,5
[19:25:47.458] 119,24,7
[19:25:47.458] 120,0,17
[19:25:47.460] 121,0,7
[19:25:47.463] 122,0,10
[19:25:47.469] 123,0,14
[19:25:47.470] 124,0,18
[19:25:47.471] 125,0,17
[19:25:47.472] 126,0,14
[19:25:47.476] 127,0,21
[19:25:47.480] 128,0,16
[19:25:47.482] 129,0,13
[19:25:47.484] 130,0,17
[19:25:47.486] 131,0,12
[19:25:47.489] 132,0,11
[19:25:47.492] 133,28,6
[19:25:47.495] 134,56,1
[19:25:47.502] 135,96,2
[19:25:47.514] 136,122,8
[19:25:47.515] 137,146,2
[19:25:47.531] 138,166,5
[19:25:47.533] 139,187,6
[19:25:47.537] 140,212,2
[19:25:47.538] 141,227,5
[19:25:47.546] 142,233,26
[19:25:47.547] 143,246,0
[19:25:47.548] 144,265,2
[19:25:47.549] 145,287,2
[19:25:47.551] 146,302,2
[19:25:47.555] 147,316,5
[19:25:47.563] 148,334,1
[19:25:47.563] 149,344,1
[19:25:47.564] 150,338,0
[19:25:47.564] 151,340,0
[19:25:47.571] 152,316,1
[19:25:47.572] 153,284,0
[19:25:47.573] 154,249,3
[19:25:47.575] 155,209,0
[19:25:47.579] 156,148,3
[19:25:47.581] 157,98,5
[19:25:47.585] 158,40,2
[19:25:47.587] 159,0,8
[19:25:47.589] 160,0,9
[19:25:47.593] 161,0,2
[19:25:47.597] 162,0,6
[19:25:47.616] 163,0,9
[19:25:47.617] 164,0,4
[19:25:47.622] 165,0,6
[19:25:47.633] 166,0,16
[19:25:47.633] 167,0,4
[19:25:47.636] 168,0,2
[19:25:47.639] 169,0,3
[19:25:47.643] 170,0,17
[19:25:47.645] 171,26,11
[19:25:47.648] 172,55,8
[19:25:47.651] 173,105,3
[19:25:47.657] 174,143,3
[19:25:47.658] 175,160,8
[19:25:47.662] 176,188,4
[19:25:47.663] 177,214,7
[19:25:47.664] 178,249,2
[19:25:47.667] 179,273,2
[19:25:47.675] 180,293,1
[19:25:47.675] 181,304,0
[19:25:47.675] 182,310,0
[19:25:47.678] 183,320,4
[19:25:47.681] 184,320,0
[19:25:47.684] 185,320,0
[19:25:47.687] 186,330,0
[19:25:47.689] 187,315,0
[19:25:47.694] 188,313,0
[19:25:47.697] 189,308,0
[19:25:47.723] 190,291,0
[19:25:47.723] 191,276,0
[19:25:47.724] 192,252,0
[19:25:47.737] 193,224,0
[19:25:47.737] 194,198,0
[19:25:47.738] 195,150,0
[19:25:47.740] 196,114,0
[19:25:47.744] 197,73,0
[19:25:47.747] 198,31,0
[19:25:47.749] 199,8,0
[19:25:49.712] [HIT] t=582480 i=0 note=38 vel=5 raw=5 truepeak=272 ch=10 rescues=0 thresh=-1.000 peak=-1.000 mask=-1 decay=-1 decaylen=-1 xfilt=-1.000 xfiltdecay=-1.000 loopt=0 piezodc=106.0 dchead=6.8 spikerej=1375
[19:25:49.717] [SysEx TX] F0 00 7D 00 05 03 00 00 05 05 F7
[19:25:49.721] [SCOPE] input=0 pad_type=0 head_ch=1 rim_ch=0 head_peak=278 rim_peak=16 decision=HEAD samples=200
[19:25:49.723] T,H,R
[19:25:49.724] 0,2,3
[19:25:49.727] 1,4,6
[19:25:49.729] 2,0,0
[19:25:49.733] 3,1,5
[19:25:49.736] 4,0,0
[19:25:49.741] 5,0,2
[19:25:49.746] 6,0,2
[19:25:49.748] 7,1,5
[19:25:49.753] 8,2,0
[19:25:49.782] 9,2,1
[19:25:49.782] 10,0,2
[19:25:49.783] 11,1,3
[19:25:49.784] 12,0,3
[19:25:49.788] 13,0,2
[19:25:49.791] 14,2,0
[19:25:49.794] 15,1,1
[19:25:49.797] 16,0,2
[19:25:49.799] 17,0,0
[19:25:49.802] 18,2,6
[19:25:49.804] 19,0,4
[19:25:49.808] 20,2,6
[19:25:49.816] 21,0,3
[19:25:49.817] 22,0,0
[19:25:49.818] 23,0,1
[19:25:49.819] 24,1,1
[19:25:49.826] 25,0,2
[19:25:49.827] 26,4,5
[19:25:49.829] 27,0,2
[19:25:49.832] 28,4,4
[19:25:49.834] 29,0,2
[19:25:49.837] 30,1,2
[19:25:49.843] 31,1,1
[19:25:49.844] 32,0,1
[19:25:49.846] 33,1,1
[19:25:49.848] 34,0,1
[19:25:49.851] 35,1,1
[19:25:49.854] 36,0,0
[19:25:49.867] 37,1,1
[19:25:49.869] 38,1,0
[19:25:49.870] 39,0,3
[19:25:49.872] 40,1,2
[19:25:49.875] 41,0,2
[19:25:49.884] 42,1,5
[19:25:49.885] 43,0,1
[19:25:49.887] 44,1,2
[19:25:49.889] 45,0,1
[19:25:49.892] 46,2,0
[19:25:49.895] 47,0,3
[19:25:49.898] 48,1,5
[19:25:49.901] 49,2,0
[19:25:49.903] 50,1,3
[19:25:49.906] 51,2,0
[19:25:49.909] 52,4,6
[19:25:49.912] 53,0,2
[19:25:49.916] 54,4,1
[19:25:49.917] 55,0,2
[19:25:49.919] 56,1,4
[19:25:49.926] 57,1,0
[19:25:49.928] 58,2,1
[19:25:49.929] 59,0,1
[19:25:49.930] 60,1,4
[19:25:49.933] 61,0,2
[19:25:49.935] 62,1,5
[19:25:49.938] 63,2,2
[19:25:49.941] 64,0,3
[19:25:49.943] 65,2,0
[19:25:49.947] 66,4,3
[19:25:49.949] 67,3,4
[19:25:49.952] 68,2,0
[19:25:49.955] 69,2,1
[19:25:49.969] 70,0,2
[19:25:49.969] 71,2,5
[19:25:49.970] 72,5,2
[19:25:49.974] 73,0,2
[19:25:49.977] 74,0,2
[19:25:49.979] 75,0,2
[19:25:49.982] 76,0,7
[19:25:49.989] 77,0,10
[19:25:49.989] 78,0,11
[19:25:49.989] 79,0,6
[19:25:49.993] 80,0,2
[19:25:49.996] 81,0,3
[19:25:49.999] 82,0,13
[19:25:50.001] 83,0,10
[19:25:50.003] 84,0,3
[19:25:50.006] 85,0,6
[19:25:50.008] 86,0,4
[19:25:50.012] 87,0,3
[19:25:50.017] 88,0,7
[19:25:50.019] 89,0,10
[19:25:50.020] 90,0,4
[19:25:50.023] 91,16,5
[19:25:50.028] 92,26,2
[19:25:50.030] 93,41,5
[19:25:50.031] 94,68,1
[19:25:50.033] 95,80,2
[19:25:50.036] 96,116,2
[19:25:50.039] 97,139,1
[19:25:50.042] 98,157,0
[19:25:50.044] 99,176,1
[19:25:50.047] 100,205,0
[19:25:50.050] 101,232,0
[19:25:50.053] 102,265,1
[19:25:50.057] 103,278,0
[19:25:50.059] 104,271,0
[19:25:50.068] 105,270,0
[19:25:50.068] 106,244,4
[19:25:50.070] 107,207,0
[19:25:50.073] 108,173,0
[19:25:50.076] 109,126,1
[19:25:50.080] 110,97,0
[19:25:50.082] 111,70,1
[19:25:50.086] 112,65,0
[19:25:50.089] 113,59,1
[19:25:50.089] 114,80,5
[19:25:50.092] 115,80,0
[19:25:50.095] 116,100,4
[19:25:50.097] 117,96,0
[19:25:50.100] 118,111,2
[19:25:50.104] 119,122,5
[19:25:50.106] 120,126,1
[19:25:50.108] 121,133,2
[19:25:50.111] 122,139,3
[19:25:50.114] 123,150,5
[19:25:50.117] 124,153,2
[19:25:50.121] 125,164,9
[19:25:50.122] 126,180,8
[19:25:50.126] 127,185,2
[19:25:50.130] 128,201,3
[19:25:50.132] 129,198,6
[19:25:50.133] 130,171,1
[19:25:50.137] 131,148,2
[19:25:50.139] 132,109,3
[19:25:50.141] 133,73,2
[19:25:50.144] 134,36,7
[19:25:50.147] 135,0,4
[19:25:50.149] 136,0,5
[19:25:50.153] 137,0,4
[19:25:50.155] 138,21,7
[19:25:50.158] 139,41,0
[19:25:50.162] 140,72,0
[19:25:50.174] 141,98,1
[19:25:50.174] 142,93,0
[19:25:50.175] 143,94,0
[19:25:50.176] 144,73,0
[19:25:50.178] 145,50,4
[19:25:50.181] 146,23,0
[19:25:50.184] 147,3,4
[19:25:50.189] 148,0,5
[19:25:50.189] 149,0,0
[19:25:50.197] 150,0,0
[19:25:50.197] 151,1,1
[19:25:50.198] 152,14,0
[19:25:50.201] 153,40,0
[19:25:50.205] 154,62,0
[19:25:50.206] 155,79,0
[19:25:50.208] 156,103,0
[19:25:50.211] 157,116,0
[19:25:50.216] 158,123,0
[19:25:50.217] 159,132,0
[19:25:50.222] 160,113,0
[19:25:50.223] 161,79,1
[19:25:50.225] 162,54,2
[19:25:50.227] 163,31,1
[19:25:50.233] 164,4,4
[19:25:50.234] 165,0,0
[19:25:50.234] 166,0,1
[19:25:50.237] 167,0,0
[19:25:50.241] 168,0,0
[19:25:50.243] 169,7,2
[19:25:50.247] 170,31,0
[19:25:50.249] 171,54,1
[19:25:50.251] 172,83,5
[19:25:50.254] 173,93,2
[19:25:50.257] 174,107,3
[19:25:50.260] 175,104,0
[19:25:50.264] 176,101,1
[19:25:50.275] 177,86,3
[19:25:50.275] 178,60,8
[19:25:50.276] 179,27,4
[19:25:50.284] 180,11,4
[19:25:50.286] 181,0,11
[19:25:50.287] 182,0,11
[19:25:50.291] 183,0,3
[19:25:50.291] 184,0,2
[19:25:50.295] 185,0,7
[19:25:50.297] 186,0,2
[19:25:50.300] 187,0,8
[19:25:50.302] 188,0,6
[19:25:50.307] 189,0,5
[19:25:50.308] 190,0,4
[19:25:50.310] 191,0,16
[19:25:50.314] 192,0,6
[19:25:50.316] 193,0,10
[19:25:50.319] 194,16,3
[19:25:50.324] 195,33,3
[19:25:50.324] 196,57,7
[19:25:50.328] 197,77,2
[19:25:50.329] 198,79,2
[19:25:50.335] 199,85,3
[19:25:51.898] [HIT] t=584676 i=0 note=38 vel=3 raw=3 truepeak=229 ch=10 rescues=0 thresh=-1.000 peak=-1.000 mask=-1 decay=-1 decaylen=-1 xfilt=-1.000 xfiltdecay=-1.000 loopt=0 piezodc=-3.0 dchead=3.4 spikerej=1375
[19:25:51.930] [SysEx TX] F0 00 7D 00 05 03 00 00 03 03 F7
[19:25:51.933] [SCOPE] input=0 pad_type=0 head_ch=1 rim_ch=0 head_peak=231 rim_peak=17 decision=HEAD samples=200
[19:25:51.935] T,H,R
[19:25:51.935] 0,0,2
[19:25:51.938] 1,2,3
[19:25:51.941] 2,2,3
[19:25:51.944] 3,3,2
[19:25:51.946] 4,2,3
[19:25:51.949] 5,4,1
[19:25:51.952] 6,2,2
[19:25:51.955] 7,2,5
[19:25:51.956] 8,5,2
[19:25:51.964] 9,1,2
[19:25:51.965] 10,1,2
[19:25:51.968] 11,2,2
[19:25:51.969] 12,1,5
[19:25:51.976] 13,4,2
[19:25:51.977] 14,1,2
[19:25:51.978] 15,1,5
[19:25:51.982] 16,0,2
[19:25:51.989] 17,1,5
[19:25:51.989] 18,3,3
[19:25:51.991] 19,1,0
[19:25:51.996] 20,0,3
[19:25:52.002] 21,4,6
[19:25:52.004] 22,0,2
[19:25:52.005] 23,1,2
[19:25:52.017] 24,2,3
[19:25:52.019] 25,1,7
[19:25:52.022] 26,0,3
[19:25:52.025] 27,4,2
[19:25:52.027] 28,0,2
[19:25:52.034] 29,0,0
[19:25:52.034] 30,4,2
[19:25:52.038] 31,0,2
[19:25:52.039] 32,1,0
[19:25:52.039] 33,1,5
[19:25:52.044] 34,1,5
[19:25:52.046] 35,0,1
[19:25:52.049] 36,4,2
[19:25:52.052] 37,0,0
[19:25:52.055] 38,1,5
[19:25:52.058] 39,1,0
[19:25:52.067] 40,0,1
[19:25:52.067] 41,4,0
[19:25:52.068] 42,0,1
[19:25:52.068] 43,1,5
[19:25:52.072] 44,0,2
[19:25:52.077] 45,1,1
[19:25:52.081] 46,2,1
[19:25:52.081] 47,0,2
[19:25:52.082] 48,0,0
[19:25:52.084] 49,1,4
[19:25:52.087] 50,1,4
[19:25:52.090] 51,0,5
[19:25:52.093] 52,0,0
[19:25:52.095] 53,1,4
[19:25:52.098] 54,0,2
[19:25:52.101] 55,1,4
[19:25:52.103] 56,0,3
[19:25:52.108] 57,0,0
[19:25:52.122] 58,0,0
[19:25:52.122] 59,2,0
[19:25:52.123] 60,0,4
[19:25:52.126] 61,0,2
[19:25:52.130] 62,4,4
[19:25:52.132] 63,0,2
[19:25:52.139] 64,1,0
[19:25:52.141] 65,2,0
[19:25:52.142] 66,1,0
[19:25:52.143] 67,1,5
[19:25:52.146] 68,0,3
[19:25:52.149] 69,1,0
[19:25:52.151] 70,2,1
[19:25:52.154] 71,0,0
[19:25:52.156] 72,0,7
[19:25:52.159] 73,0,2
[19:25:52.163] 74,0,2
[19:25:52.170] 75,0,4
[19:25:52.170] 76,0,7
[19:25:52.172] 77,0,16
[19:25:52.173] 78,0,6
[19:25:52.179] 79,0,3
[19:25:52.179] 80,0,8
[19:25:52.181] 81,0,17
[19:25:52.184] 82,0,5
[19:25:52.186] 83,0,2
[19:25:52.189] 84,0,2
[19:25:52.193] 85,0,7
[19:25:52.195] 86,0,2
[19:25:52.200] 87,0,16
[19:25:52.201] 88,0,4
[19:25:52.203] 89,0,5
[19:25:52.206] 90,0,4
[19:25:52.222] 91,4,3
[19:25:52.222] 92,14,2
[19:25:52.223] 93,42,5
[19:25:52.225] 94,57,0
[19:25:52.230] 95,86,2
[19:25:52.230] 96,107,0
[19:25:52.242] 97,132,0
[19:25:52.242] 98,142,2
[19:25:52.243] 99,166,1
[19:25:52.243] 100,189,0
[19:25:52.246] 101,220,2
[19:25:52.248] 102,231,0
[19:25:52.252] 103,224,0
[19:25:52.254] 104,210,1
[19:25:52.257] 105,174,0
[19:25:52.260] 106,142,0
[19:25:52.264] 107,116,1
[19:25:52.266] 108,83,0
[19:25:52.271] 109,57,0
[19:25:52.273] 110,44,6
[19:25:52.274] 111,49,4
[19:25:52.276] 112,56,6
[19:25:52.281] 113,61,0
[19:25:52.282] 114,76,4
[19:25:52.285] 115,77,0
[19:25:52.286] 116,79,1
[19:25:52.289] 117,96,3
[19:25:52.292] 118,97,5
[19:25:52.295] 119,96,6
[19:25:52.298] 120,100,5
[19:25:52.301] 121,107,2
[19:25:52.303] 122,121,7
[19:25:52.306] 123,126,5
[19:25:52.312] 124,143,2
[19:25:52.313] 125,150,2
[19:25:52.322] 126,169,2
[19:25:52.323] 127,185,0
[19:25:52.324] 128,197,0
[19:25:52.327] 129,187,0
[19:25:52.330] 130,169,0
[19:25:52.333] 131,144,5
[19:25:52.335] 132,99,2
[19:25:52.338] 133,56,2
[19:25:52.343] 134,20,3
[19:25:52.346] 135,2,4
[19:25:52.347] 136,17,5
[19:25:52.349] 137,31,2
[19:25:52.362] 138,41,0
[19:25:52.362] 139,62,0
[19:25:52.363] 140,81,1
[19:25:52.367] 141,73,0
[19:25:52.373] 142,58,5
[19:25:52.374] 143,39,2
[19:25:52.374] 144,21,0
[19:25:52.376] 145,1,2
[19:25:52.383] 146,0,1
[19:25:52.385] 147,0,0
[19:25:52.386] 148,0,4
[19:25:52.388] 149,0,0
[19:25:52.391] 150,0,0
[19:25:52.393] 151,8,0
[19:25:52.396] 152,21,0
[19:25:52.400] 153,37,0
[19:25:52.402] 154,41,0
[19:25:52.405] 155,41,0
[19:25:52.408] 156,54,1
[19:25:52.410] 157,63,1
[19:25:52.414] 158,84,0
[19:25:52.421] 159,78,0
[19:25:52.422] 160,74,0
[19:25:52.424] 161,66,0
[19:25:52.434] 162,61,3
[19:25:52.435] 163,43,2
[19:25:52.437] 164,23,0
[19:25:52.439] 165,7,0
[19:25:52.443] 166,2,0
[19:25:52.447] 167,8,1
[19:25:52.448] 168,23,0
[19:25:52.449] 169,41,0
[19:25:52.452] 170,59,1
[19:25:52.455] 171,86,0
[19:25:52.458] 172,103,0
[19:25:52.461] 173,111,2
[19:25:52.465] 174,100,1
[19:25:52.466] 175,87,0
[19:25:52.469] 176,64,4
[19:25:52.475] 177,41,1
[19:25:52.476] 178,26,8
[19:25:52.477] 179,4,2
[19:25:52.479] 180,0,6
[19:25:52.485] 181,0,10
[19:25:52.486] 182,1,5
[19:25:52.487] 183,0,4
[19:25:52.489] 184,0,10
[19:25:52.493] 185,0,3
[19:25:52.496] 186,0,6
[19:25:52.498] 187,0,7
[19:25:52.501] 188,0,5
[19:25:52.504] 189,0,8
[19:25:52.508] 190,0,7
[19:25:52.509] 191,0,5
[19:25:52.512] 192,0,6
[19:25:52.515] 193,0,5
[19:25:52.526] 194,0,4
[19:25:52.527] 195,24,3
[19:25:52.527] 196,48,7
[19:25:52.531] 197,62,1
[19:25:52.534] 198,70,2
[19:25:52.536] 199,73,3
[19:25:52.550] [HIT] t=585324 i=0 note=38 vel=1 raw=1 truepeak=180 ch=10 rescues=0 thresh=-1.000 peak=-1.000 mask=-1 decay=-1 decaylen=-1 xfilt=-1.000 xfiltdecay=-1.000 loopt=0 piezodc=-5.0 dchead=6.0 spikerej=1375
[19:25:52.555] [SysEx TX] F0 00 7D 00 05 03 00 00 01 01 F7
[19:25:52.559] [SCOPE] input=0 pad_type=0 head_ch=1 rim_ch=0 head_peak=185 rim_peak=10 decision=HEAD samples=200
[19:25:52.561] T,H,R
[19:25:52.564] 0,5,1
[19:25:52.567] 1,0,2
[19:25:52.569] 2,0,2
[19:25:52.573] 3,0,4
[19:25:52.577] 4,0,0
[19:25:52.578] 5,0,1
[19:25:52.580] 6,0,2
[19:25:52.582] 7,0,2
[19:25:52.589] 8,0,3
[19:25:52.590] 9,0,2
[19:25:52.593] 10,0,1
[19:25:52.594] 11,0,0
[19:25:52.597] 12,0,1
[19:25:52.599] 13,0,1
[19:25:52.603] 14,0,2
[19:25:52.605] 15,1,0
[19:25:52.609] 16,1,3
[19:25:52.611] 17,2,1
[19:25:52.613] 18,2,6
[19:25:52.616] 19,0,0
[19:25:52.629] 20,10,6
[19:25:52.629] 21,14,0
[19:25:52.630] 22,18,0
[19:25:52.631] 23,16,2
[19:25:52.636] 24,14,0
[19:25:52.639] 25,11,3
[19:25:52.641] 26,7,2
[19:25:52.646] 27,6,0
[19:25:52.647] 28,10,0
[19:25:52.651] 29,7,0
[19:25:52.652] 30,8,0
[19:25:52.654] 31,20,0
[19:25:52.657] 32,17,0
[19:25:52.660] 33,10,0
[19:25:52.663] 34,7,0
[19:25:52.666] 35,6,0
[19:25:52.670] 36,9,0
[19:25:52.673] 37,3,0
[19:25:52.675] 38,2,0
[19:25:52.680] 39,3,0
[19:25:52.681] 40,3,0
[19:25:52.682] 41,2,5
[19:25:52.685] 42,3,0
[19:25:52.693] 43,0,0
[19:25:52.694] 44,0,2
[19:25:52.694] 45,0,0
[19:25:52.695] 46,0,0
[19:25:52.698] 47,0,0
[19:25:52.702] 48,0,0
[19:25:52.705] 49,0,0
[19:25:52.709] 50,0,0
[19:25:52.715] 51,0,0
[19:25:52.736] 52,0,1
[19:25:52.737] 53,0,0
[19:25:52.738] 54,0,1
[19:25:52.738] 55,0,2
[19:25:52.761] 56,0,0
[19:25:52.764] 57,0,0
[19:25:52.769] 58,0,0
[19:25:52.772] 59,0,3
[19:25:52.778] 60,0,3
[19:25:52.779] 61,4,3
[19:25:52.783] 62,2,1
[19:25:52.784] 63,7,0
[19:25:52.785] 64,10,2
[19:25:52.787] 65,10,0
[19:25:52.795] 66,7,3
[19:25:52.797] 67,12,2
[19:25:52.797] 68,22,0
[19:25:52.798] 69,47,4
[19:25:52.800] 70,17,0
[19:25:52.804] 71,2,0
[19:25:52.808] 72,0,0
[19:25:52.809] 73,0,5
[19:25:52.812] 74,0,5
[19:25:52.815] 75,0,3
[19:25:52.818] 76,0,2
[19:25:52.821] 77,0,3
[19:25:52.826] 78,0,2
[19:25:52.838] 79,0,5
[19:25:52.839] 80,0,3
[19:25:52.839] 81,0,2
[19:25:52.858] 82,0,3
[19:25:52.861] 83,0,2
[19:25:52.871] 84,0,3
[19:25:52.872] 85,0,5
[19:25:52.874] 86,0,6
[19:25:52.874] 87,0,3
[19:25:52.876] 88,0,0
[19:25:52.880] 89,6,4
[19:25:52.884] 90,16,1
[19:25:52.887] 91,34,4
[19:25:52.888] 92,45,3
[19:25:52.890] 93,57,2
[19:25:52.895] 94,70,1
[19:25:52.896] 95,78,0
[19:25:52.898] 96,103,0
[19:25:52.901] 97,107,1
[19:25:52.903] 98,141,0
[19:25:52.906] 99,164,0
[19:25:52.910] 100,185,0
[19:25:52.912] 101,184,0
[19:25:52.915] 102,176,0
[19:25:52.918] 103,166,0
[19:25:52.920] 104,153,1
[19:25:52.924] 105,109,0
[19:25:52.942] 106,89,1
[19:25:52.943] 107,69,2
[19:25:52.944] 108,44,2
[19:25:52.945] 109,30,2
[19:25:52.948] 110,26,5
[19:25:52.952] 111,25,1
[19:25:52.955] 112,25,4
[19:25:52.959] 113,26,2
[19:25:52.960] 114,38,2
[19:25:52.962] 115,38,0
[19:25:52.966] 116,54,4
[19:25:52.968] 117,69,2
[19:25:52.970] 118,74,3
[19:25:52.973] 119,95,0
[19:25:52.976] 120,103,3
[19:25:52.979] 121,106,2
[19:25:52.982] 122,108,2
[19:25:52.987] 123,105,0
[19:25:52.989] 124,107,5
[19:25:52.989] 125,109,8
[19:25:52.993] 126,121,2
[19:25:52.994] 127,137,2
[19:25:52.998] 128,124,0
[19:25:53.003] 129,115,2
[19:25:53.004] 130,101,2
[19:25:53.005] 131,72,2
[19:25:53.009] 132,46,1
[19:25:53.011] 133,27,5
[19:25:53.014] 134,19,5
[19:25:53.017] 135,18,5
[19:25:53.019] 136,25,0
[19:25:53.023] 137,38,2
[19:25:53.025] 138,58,0
[19:25:53.035] 139,66,0
[19:25:53.037] 140,60,1
[19:25:53.041] 141,51,0
[19:25:53.041] 142,38,2
[19:25:53.045] 143,16,0
[19:25:53.049] 144,10,0
[19:25:53.052] 145,0,6
[19:25:53.060] 146,0,4
[19:25:53.060] 147,0,0
[19:25:53.061] 148,0,2
[19:25:53.062] 149,0,0
[19:25:53.067] 150,3,1
[19:25:53.070] 151,14,3
[19:25:53.073] 152,18,0
[19:25:53.076] 153,19,0
[19:25:53.078] 154,14,0
[19:25:53.081] 155,22,0
[19:25:53.084] 156,33,0
[19:25:53.089] 157,30,1
[19:25:53.091] 158,40,0
[19:25:53.093] 159,48,0
[19:25:53.096] 160,45,0
[19:25:53.101] 161,40,0
[19:25:53.102] 162,27,0
[19:25:53.103] 163,14,1
[19:25:53.104] 164,7,1
[19:25:53.107] 165,5,0
[19:25:53.110] 166,4,5
[19:25:53.113] 167,19,0
[19:25:53.116] 168,29,0
[19:25:53.119] 169,52,0
[19:25:53.122] 170,62,6
[19:25:53.125] 171,89,3
[19:25:53.128] 172,88,1
[19:25:53.133] 173,90,5
[19:25:53.146] 174,86,0
[19:25:53.146] 175,67,0
[19:25:53.148] 176,54,0
[19:25:53.149] 177,35,8
[19:25:53.153] 178,20,7
[19:25:53.155] 179,10,6
[19:25:53.158] 180,2,3
[19:25:53.161] 181,0,2
[19:25:53.165] 182,0,4
[19:25:53.167] 183,0,2
[19:25:53.170] 184,0,8
[19:25:53.173] 185,0,5
[19:25:53.178] 186,0,0
[19:25:53.179] 187,0,2
[19:25:53.181] 188,0,2
[19:25:53.184] 189,0,7
[19:25:53.187] 190,0,2
[19:25:53.192] 191,0,6
[19:25:53.192] 192,0,10
[19:25:53.195] 193,0,10
[19:25:53.197] 194,9,6
[19:25:53.204] 195,21,3
[19:25:53.205] 196,29,6
[19:25:53.215] 197,32,4
[19:25:53.217] 198,25,5
[19:25:53.217] 199,24,4
[19:25:54.446] [HIT] t=587224 i=0 note=38 vel=127 raw=127 truepeak=4089 ch=10 rescues=0 thresh=-1.000 peak=-1.000 mask=-1 decay=-1 decaylen=-1 xfilt=-1.000 xfiltdecay=-1.000 loopt=0 piezodc=-29.0 dchead=28.9 spikerej=1393
[19:25:54.456] [SysEx TX] F0 00 7D 00 05 03 00 00 7F 7F F7
[19:25:54.460] [SCOPE] input=0 pad_type=0 head_ch=1 rim_ch=0 head_peak=4095 rim_peak=922 decision=HEAD samples=200
[19:25:54.471] T,H,R
[19:25:54.471] 0,0,0
[19:25:54.473] 1,0,6
[19:25:54.475] 2,1,5
[19:25:54.478] 3,0,2
[19:25:54.482] 4,1,4
[19:25:54.484] 5,0,0
[19:25:54.486] 6,1,5
[19:25:54.492] 7,0,3
[19:25:54.493] 8,4,1
[19:25:54.497] 9,0,2
[19:25:54.499] 10,1,5
[19:25:54.501] 11,0,0
[19:25:54.505] 12,1,7
[19:25:54.508] 13,0,2
[19:25:54.509] 14,4,1
[19:25:54.511] 15,1,1
[19:25:54.515] 16,2,2
[19:25:54.517] 17,0,3
[19:25:54.523] 18,1,5
[19:25:54.524] 19,1,2
[19:25:54.526] 20,2,1
[19:25:54.528] 21,2,0
[19:25:54.534] 22,1,5
[19:25:54.536] 23,0,3
[19:25:54.536] 24,4,0
[19:25:54.538] 25,0,2
[19:25:54.542] 26,4,6
[19:25:54.545] 27,0,3
[19:25:54.547] 28,0,0
[19:25:54.549] 29,1,3
[19:25:54.553] 30,0,2
[19:25:54.556] 31,0,2
[19:25:54.558] 32,4,5
[19:25:54.560] 33,0,6
[19:25:54.566] 34,2,3
[19:25:54.573] 35,2,8
[19:25:54.573] 36,2,3
[19:25:54.575] 37,0,0
[19:25:54.578] 38,4,2
[19:25:54.581] 39,0,3
[19:25:54.583] 40,4,2
[19:25:54.585] 41,0,2
[19:25:54.588] 42,1,6
[19:25:54.593] 43,2,6
[19:25:54.598] 44,2,6
[19:25:54.600] 45,0,0
[19:25:54.600] 46,4,4
[19:25:54.603] 47,0,0
[19:25:54.605] 48,1,1
[19:25:54.608] 49,2,6
[19:25:54.611] 50,0,1
[19:25:54.615] 51,0,2
[19:25:54.617] 52,4,4
[19:25:54.620] 53,1,2
[19:25:54.626] 54,3,3
[19:25:54.627] 55,2,2
[19:25:54.627] 56,0,1
[19:25:54.630] 57,2,0
[19:25:54.636] 58,2,2
[19:25:54.637] 59,5,5
[19:25:54.638] 60,0,2
[19:25:54.639] 61,2,2
[19:25:54.646] 62,5,4
[19:25:54.647] 63,0,2
[19:25:54.651] 64,1,5
[19:25:54.652] 65,2,6
[19:25:54.656] 66,6,4
[19:25:54.658] 67,4,4
[19:25:54.661] 68,3,2
[19:25:54.666] 69,2,5
[19:25:54.668] 70,3,0
[19:25:54.675] 71,0,0
[19:25:54.675] 72,0,2
[19:25:54.675] 73,5,1
[19:25:54.679] 74,0,2
[19:25:54.682] 75,4,0
[19:25:54.685] 76,2,3
[19:25:54.687] 77,6,8
[19:25:54.691] 78,5,3
[19:25:54.697] 79,7,5
[19:25:54.699] 80,2,2
[19:25:54.699] 81,5,5
[19:25:54.701] 82,2,2
[19:25:54.703] 83,3,5
[19:25:54.708] 84,2,2
[19:25:54.709] 85,5,5
[19:25:54.713] 86,2,3
[19:25:54.716] 87,1,2
[19:25:54.719] 88,3,5
[19:25:54.722] 89,2,2
[19:25:54.724] 90,3,5
[19:25:54.731] 91,1,0
[19:25:54.732] 92,1,6
[19:25:54.733] 93,5,3
[19:25:54.734] 94,3,3
[19:25:54.739] 95,2,2
[19:25:54.739] 96,6,6
[19:25:54.743] 97,2,2
[19:25:54.746] 98,35,83
[19:25:54.748] 99,105,77
[19:25:54.751] 100,180,51
[19:25:54.754] 101,239,107
[19:25:54.757] 102,270,21
[19:25:54.760] 103,296,94
[19:25:54.762] 104,291,52
[19:25:54.767] 105,288,93
[19:25:54.769] 106,315,0
[19:25:54.782] 107,9,0
[19:25:54.782] 108,0,118
[19:25:54.783] 109,0,0
[19:25:54.787] 110,0,0
[19:25:54.790] 111,0,108
[19:25:54.794] 112,0,199
[19:25:54.797] 113,0,884
[19:25:54.800] 114,0,781
[19:25:54.801] 115,0,0
[19:25:54.803] 116,323,534
[19:25:54.807] 117,1441,922
[19:25:54.809] 118,2873,183
[19:25:54.812] 119,4095,0
[19:25:54.815] 120,4095,47
[19:25:54.818] 121,4095,144
[19:25:54.824] 122,4095,0
[19:25:54.825] 123,4095,121
[19:25:54.826] 124,4095,40
[19:25:54.830] 125,4095,217
[19:25:54.832] 126,4095,253
[19:25:54.835] 127,4095,125
[19:25:54.841] 128,4095,0
[19:25:54.843] 129,4095,8
[19:25:54.843] 130,4095,158
[19:25:54.845] 131,4095,0
[19:25:54.848] 132,4095,0
[19:25:54.851] 133,4095,0
[19:25:54.854] 134,4095,0
[19:25:54.856] 135,4095,0
[19:25:54.859] 136,4095,0
[19:25:54.865] 137,3982,0
[19:25:54.865] 138,2710,0
[19:25:54.867] 139,1483,0
[19:25:54.870] 140,103,0
[19:25:54.882] 141,0,14
[19:25:54.882] 142,0,201
[19:25:54.882] 143,0,126
[19:25:54.883] 144,0,71
[19:25:54.886] 145,606,189
[19:25:54.889] 146,1305,222
[19:25:54.893] 147,1865,233
[19:25:54.894] 148,2310,93
[19:25:54.899] 149,2652,104
[19:25:54.903] 150,2761,246
[19:25:54.906] 151,2581,475
[19:25:54.907] 152,2200,595
[19:25:54.912] 153,1661,525
[19:25:54.913] 154,996,517
[19:25:54.915] 155,233,500
[19:25:54.917] 156,0,399
[19:25:54.920] 157,0,422
[19:25:54.923] 158,0,530
[19:25:54.926] 159,0,670
[19:25:54.930] 160,0,623
[19:25:54.932] 161,0,482
[19:25:54.936] 162,391,465
[19:25:54.936] 163,1194,559
[19:25:54.939] 164,2358,537
[19:25:54.944] 165,3696,403
[19:25:54.944] 166,4095,308
[19:25:54.946] 167,4095,337
[19:25:54.952] 168,4095,317
[19:25:54.953] 169,4073,444
[19:25:54.955] 170,3062,509
[19:25:54.958] 171,2410,438
[19:25:54.960] 172,1963,438
[19:25:54.963] 173,1938,355
[19:25:54.969] 174,2073,179
[19:25:54.969] 175,2414,198
[19:25:54.971] 176,2907,175
[19:25:54.975] 177,3405,180
[19:25:54.986] 178,4023,149
[19:25:54.986] 179,4095,65
[19:25:54.986] 180,4084,0
[19:25:54.988] 181,3753,0
[19:25:54.992] 182,3634,23
[19:25:54.995] 183,3435,14
[19:25:54.998] 184,3183,0
[19:25:55.003] 185,2920,0
[19:25:55.007] 186,2841,0
[19:25:55.007] 187,3004,0
[19:25:55.009] 188,2985,0
[19:25:55.013] 189,2900,0
[19:25:55.017] 190,2394,26
[19:25:55.018] 191,1729,14
[19:25:55.021] 192,956,33
[19:25:55.023] 193,0,90
[19:25:55.026] 194,0,177
[19:25:55.029] 195,0,281
[19:25:55.031] 196,0,284
[19:25:55.036] 197,0,188
[19:25:55.037] 198,0,212
[19:25:55.039] 199,0,240
[19:25:55.047] [HIT] t=587824 i=0 note=38 vel=127 raw=127 truepeak=4062 ch=10 rescues=0 thresh=-1.000 peak=-1.000 mask=-1 decay=-1 decaylen=-1 xfilt=-1.000 xfiltdecay=-1.000 loopt=0 piezodc=1158.0 dchead=166.8 spikerej=1552
[19:25:55.054] [SysEx TX] F0 00 7D 00 05 03 00 00 7F 7F F7
[19:25:55.059] [SCOPE] input=0 pad_type=0 head_ch=1 rim_ch=0 head_peak=4095 rim_peak=922 decision=HEAD samples=200
[19:25:55.061] T,H,R
[19:25:55.065] 0,0,2
[19:25:55.067] 1,1,5
[19:25:55.070] 2,2,6
[19:25:55.073] 3,6,4
[19:25:55.085] 4,4,4
[19:25:55.085] 5,3,2
[19:25:55.086] 6,2,5
[19:25:55.087] 7,3,0
[19:25:55.091] 8,0,0
[19:25:55.094] 9,0,2
[19:25:55.097] 10,5,1
[19:25:55.099] 11,0,2
[19:25:55.102] 12,4,0
[19:25:55.106] 13,2,3
[19:25:55.114] 14,6,8
[19:25:55.115] 15,5,3
[19:25:55.117] 16,7,5
[19:25:55.118] 17,2,2
[19:25:55.119] 18,5,5
[19:25:55.123] 19,2,2
[19:25:55.125] 20,3,5
[19:25:55.128] 21,2,2
[19:25:55.133] 22,5,5
[19:25:55.134] 23,2,3
[19:25:55.138] 24,1,2
[19:25:55.138] 25,3,5
[19:25:55.141] 26,2,2
[19:25:55.149] 27,3,5
[19:25:55.149] 28,1,0
[19:25:55.151] 29,1,6
[19:25:55.151] 30,5,3
[19:25:55.155] 31,3,3
[19:25:55.158] 32,2,2
[19:25:55.161] 33,6,6
[19:25:55.165] 34,2,2
[19:25:55.167] 35,35,83
[19:25:55.169] 36,105,77
[19:25:55.172] 37,180,51
[19:25:55.175] 38,239,107
[19:25:55.179] 39,270,21
[19:25:55.185] 40,296,94
[19:25:55.188] 41,291,52
[19:25:55.189] 42,288,93
[19:25:55.191] 43,315,0
[19:25:55.194] 44,9,0
[19:25:55.197] 45,0,118
[19:25:55.200] 46,0,0
[19:25:55.203] 47,0,0
[19:25:55.207] 48,0,108
[19:25:55.209] 49,0,199
[19:25:55.214] 50,0,884
[19:25:55.215] 51,0,781
[19:25:55.216] 52,0,0
[19:25:55.220] 53,323,534
[19:25:55.223] 54,1441,922
[19:25:55.227] 55,2873,183
[19:25:55.228] 56,4095,0
[19:25:55.232] 57,4095,47
[19:25:55.234] 58,4095,144
[19:25:55.239] 59,4095,0
[19:25:55.242] 60,4095,121
[19:25:55.242] 61,4095,40
[19:25:55.244] 62,4095,217
[19:25:55.250] 63,4095,253
[19:25:55.252] 64,4095,125
[19:25:55.253] 65,4095,0
[19:25:55.255] 66,4095,8
[19:25:55.258] 67,4095,158
[19:25:55.262] 68,4095,0
[19:25:55.265] 69,4095,0
[19:25:55.267] 70,4095,0
[19:25:55.270] 71,4095,0
[19:25:55.273] 72,4095,0
[19:25:55.276] 73,4095,0
[19:25:55.280] 74,3982,0
[19:25:55.283] 75,2710,0
[19:25:55.294] 76,1483,0
[19:25:55.296] 77,103,0
[19:25:55.297] 78,0,14
[19:25:55.298] 79,0,201
[19:25:55.299] 80,0,126
[19:25:55.303] 81,0,71
[19:25:55.309] 82,606,189
[19:25:55.310] 83,1305,222
[19:25:55.315] 84,1865,233
[19:25:55.316] 85,2310,93
[19:25:55.317] 86,2652,104
[19:25:55.320] 87,2761,246
[19:25:55.323] 88,2581,475
[19:25:55.326] 89,2200,595
[19:25:55.328] 90,1661,525
[19:25:55.332] 91,996,517
[19:25:55.337] 92,233,500
[19:25:55.338] 93,0,399
[19:25:55.342] 94,0,422
[19:25:55.343] 95,0,530
[19:25:55.347] 96,0,670
[19:25:55.347] 97,0,623
[19:25:55.354] 98,0,482
[19:25:55.354] 99,391,465
[19:25:55.355] 100,1194,559
[19:25:55.357] 101,2358,537
[19:25:55.359] 102,3696,403
[19:25:55.363] 103,4095,308
[19:25:55.366] 104,4095,337
[19:25:55.369] 105,4095,317
[19:25:55.372] 106,4073,444
[19:25:55.375] 107,3062,509
[19:25:55.378] 108,2410,438
[19:25:55.380] 109,1963,438
[19:25:55.384] 110,1938,355
[19:25:55.393] 111,2073,179
[19:25:55.393] 112,2414,198
[19:25:55.394] 113,2907,175
[19:25:55.396] 114,3405,180
[19:25:55.400] 115,4023,149
[19:25:55.403] 116,4095,65
[19:25:55.405] 117,4084,0
[19:25:55.414] 118,3753,0
[19:25:55.414] 119,3634,23
[19:25:55.415] 120,3435,14
[19:25:55.417] 121,3183,0
[19:25:55.421] 122,2920,0
[19:25:55.424] 123,2841,0
[19:25:55.427] 124,3004,0
[19:25:55.430] 125,2985,0
[19:25:55.432] 126,2900,0
[19:25:55.435] 127,2394,26
[19:25:55.438] 128,1729,14
[19:25:55.442] 129,956,33
[19:25:55.445] 130,0,90
[19:25:55.446] 131,0,177
[19:25:55.449] 132,0,281
[19:25:55.455] 133,0,284
[19:25:55.456] 134,0,188
[19:25:55.458] 135,0,212
[19:25:55.459] 136,0,240
[19:25:55.462] 137,598,271
[19:25:55.471] 138,1932,356
[19:25:55.471] 139,3764,281
[19:25:55.471] 140,4095,117
[19:25:55.473] 141,4095,134
[19:25:55.476] 142,4095,146
[19:25:55.479] 143,4095,171
[19:25:55.483] 144,4095,317
[19:25:55.485] 145,3507,474
[19:25:55.494] 146,2514,500
[19:25:55.495] 147,1662,427
[19:25:55.495] 148,1066,416
[19:25:55.498] 149,664,443
[19:25:55.502] 150,565,428
[19:25:55.504] 151,893,382
[19:25:55.507] 152,1478,329
[19:25:55.511] 153,2041,266
[19:25:55.515] 154,2526,213
[19:25:55.516] 155,2860,217
[19:25:55.519] 156,3257,249
[19:25:55.521] 157,3682,232
[19:25:55.525] 158,3815,246
[19:25:55.527] 159,3473,198
[19:25:55.530] 160,2927,99
[19:25:55.533] 161,2393,221
[19:25:55.535] 162,1897,334
[19:25:55.538] 163,1400,291
[19:25:55.542] 164,743,313
[19:25:55.548] 165,0,369
[19:25:55.549] 166,0,376
[19:25:55.549] 167,0,393
[19:25:55.551] 168,0,382
[19:25:55.555] 169,0,338
[19:25:55.557] 170,427,244
[19:25:55.564] 171,1037,186
[19:25:55.565] 172,1808,178
[19:25:55.566] 173,2439,207
[19:25:55.568] 174,2698,282
[19:25:55.572] 175,2681,342
[19:25:55.574] 176,2350,374
[19:25:55.577] 177,1624,380
[19:25:55.580] 178,844,339
[19:25:55.583] 179,85,337
[19:25:55.585] 180,0,341
[19:25:55.597] 181,0,341
[19:25:55.599] 182,0,342
[19:25:55.599] 183,0,269
[19:25:55.600] 184,0,200
[19:25:55.602] 185,0,254
[19:25:55.605] 186,281,275
[19:25:55.608] 187,855,237
[19:25:55.611] 188,1711,166
[19:25:55.618] 189,2776,70
[19:25:55.621] 190,4095,23
[19:25:55.622] 191,4095,54
[19:25:55.623] 192,4095,117
[19:25:55.625] 193,4095,170
[19:25:55.629] 194,4095,189
[19:25:55.632] 195,3630,161
[19:25:55.635] 196,2993,105
[19:25:55.637] 197,2505,54
[19:25:55.639] 198,2237,54
[19:25:55.643] 199,2185,43
[19:25:55.650] [HIT] t=588428 i=0 note=38 vel=70 raw=70 truepeak=1872 ch=10 rescues=0 thresh=-1.000 peak=-1.000 mask=-1 decay=-1 decaylen=-1 xfilt=-1.000 xfiltdecay=-1.000 loopt=0 piezodc=97.0 dchead=197.1 spikerej=1569
[19:25:55.663] [SysEx TX] F0 00 7D 00 05 03 00 00 46 46 F7
[19:25:55.663] [SCOPE] input=0 pad_type=0 head_ch=1 rim_ch=0 head_peak=3135 rim_peak=137 decision=HEAD samples=200
[19:25:55.666] T,H,R
[19:25:55.673] 0,1827,59
[19:25:55.674] 1,2210,48
[19:25:55.674] 2,2577,41
[19:25:55.676] 3,2847,26
[19:25:55.680] 4,3026,26
[19:25:55.682] 5,3117,23
[19:25:55.685] 6,3135,18
[19:25:55.687] 7,3046,37
[19:25:55.692] 8,2882,41
[19:25:55.724] 9,2658,33
[19:25:55.725] 10,2375,57
[19:25:55.726] 11,2116,54
[19:25:55.730] 12,1846,44
[19:25:55.734] 13,1555,45
[19:25:55.735] 14,1033,26
[19:25:55.736] 15,864,20
[19:25:55.739] 16,673,30
[19:25:55.743] 17,614,33
[19:25:55.746] 18,635,12
[19:25:55.747] 19,729,3
[19:25:55.753] 20,867,8
[19:25:55.753] 21,986,24
[19:25:55.755] 22,1058,40
[19:25:55.758] 23,1068,43
[19:25:55.764] 24,1011,71
[19:25:55.765] 25,858,72
[19:25:55.766] 26,633,78
[19:25:55.769] 27,365,89
[19:25:55.772] 28,70,103
[19:25:55.775] 29,0,121
[19:25:55.777] 30,0,109
[19:25:55.783] 31,0,121
[19:25:55.783] 32,0,121
[19:25:55.785] 33,0,114
[19:25:55.787] 34,0,117
[19:25:55.791] 35,123,133
[19:25:55.794] 36,404,137
[19:25:55.802] 37,697,118
[19:25:55.803] 38,1020,104
[19:25:55.804] 39,1391,117
[19:25:55.806] 40,1771,124
[19:25:55.809] 41,2087,121
[19:25:55.812] 42,2313,105
[19:25:55.815] 43,2430,104
[19:25:55.817] 44,2481,104
[19:25:55.824] 45,2470,97
[19:25:55.824] 46,2440,99
[19:25:55.827] 47,2384,86
[19:25:55.829] 48,2271,60
[19:25:55.832] 49,2108,66
[19:25:55.836] 50,1958,61
[19:25:55.837] 51,1800,77
[19:25:55.840] 52,1615,83
[19:25:55.843] 53,1413,74
[19:25:55.849] 54,1067,68
[19:25:55.851] 55,870,50
[19:25:55.854] 56,799,59
[19:25:55.855] 57,793,76
[19:25:55.856] 58,822,57
[19:25:55.859] 59,795,33
[19:25:55.865] 60,681,31
[19:25:55.866] 61,544,52
[19:25:55.868] 62,396,72
[19:25:55.870] 63,238,80
[19:25:55.873] 64,40,90
[19:25:55.876] 65,0,73
[19:25:55.879] 66,0,57
[19:25:55.882] 67,0,84
[19:25:55.884] 68,0,116
[19:25:55.886] 69,0,121
[19:25:55.889] 70,0,123
[19:25:55.893] 71,62,104
[19:25:55.897] 72,302,59
[19:25:55.904] 73,627,44
[19:25:55.905] 74,974,46
[19:25:55.907] 75,1280,60
[19:25:55.910] 76,1513,58
[19:25:55.913] 77,1624,44
[19:25:55.915] 78,1702,41
[19:25:55.919] 79,1733,47
[19:25:55.929] 80,1749,70
[19:25:55.929] 81,1744,68
[19:25:55.930] 82,1744,57
[19:25:55.932] 83,1701,57
[19:25:55.934] 84,1663,62
[19:25:55.936] 85,1608,60
[19:25:55.940] 86,1503,74
[19:25:55.942] 87,1384,53
[19:25:55.945] 88,1286,41
[19:25:55.948] 89,1224,36
[19:25:55.950] 90,1257,26
[19:25:55.953] 91,1326,7
[19:25:55.957] 92,1449,5
[19:25:55.958] 93,1570,0
[19:25:55.961] 94,1668,0
[19:25:55.964] 95,1702,0
[19:25:55.967] 96,1657,7
[19:25:55.969] 97,1524,47
[19:25:55.972] 98,1325,25
[19:25:55.975] 99,1083,27
[19:25:55.977] 100,628,40
[19:25:55.981] 101,296,41
[19:25:55.983] 102,0,54
[19:25:55.985] 103,0,73
[19:25:55.988] 104,0,59
[19:25:55.991] 105,0,52
[19:25:55.994] 106,0,40
[19:25:55.997] 107,0,53
[19:25:56.008] 108,0,65
[19:25:56.008] 109,98,62
[19:25:56.009] 110,299,58
[19:25:56.011] 111,496,45
[19:25:56.014] 112,673,44
[19:25:56.017] 113,800,33
[19:25:56.020] 114,879,52
[19:25:56.023] 115,915,71
[19:25:56.027] 116,873,66
[19:25:56.028] 117,863,62
[19:25:56.031] 118,878,49
[19:25:56.034] 119,981,45
[19:25:56.036] 120,1170,31
[19:25:56.039] 121,1439,22
[19:25:56.042] 122,1705,18
[19:25:56.045] 123,1928,0
[19:25:56.048] 124,2037,0
[19:25:56.051] 125,2042,6
[19:25:56.053] 126,1995,10
[19:25:56.059] 127,1886,22
[19:25:56.059] 128,1740,3
[19:25:56.060] 129,1593,0
[19:25:56.064] 130,1464,0
[19:25:56.066] 131,1396,0
[19:25:56.071] 132,1342,0
[19:25:56.071] 133,1309,0
[19:25:56.075] 134,1224,0
[19:25:56.078] 135,1082,0
[19:25:56.081] 136,830,0
[19:25:56.084] 137,573,0
[19:25:56.086] 138,361,0
[19:25:56.089] 139,186,0
[19:25:56.092] 140,14,0
[19:25:56.095] 141,0,0
[19:25:56.098] 142,0,0
[19:25:56.111] 143,0,0
[19:25:56.112] 144,1,0
[19:25:56.113] 145,64,2
[19:25:56.115] 146,117,0
[19:25:56.117] 147,137,0
[19:25:56.119] 148,122,0
[19:25:56.122] 149,108,0
[19:25:56.124] 150,76,0
[19:25:56.129] 151,68,0
[19:25:56.131] 152,70,0
[19:25:56.133] 153,74,0
[19:25:56.135] 154,84,0
[19:25:56.138] 155,103,0
[19:25:56.142] 156,142,2
[19:25:56.144] 157,196,7
[19:25:56.148] 158,278,3
[19:25:56.149] 159,383,8
[19:25:56.153] 160,536,0
[19:25:56.155] 161,708,1
[19:25:56.161] 162,870,0
[19:25:56.163] 163,1000,4
[19:25:56.163] 164,1123,0
[19:25:56.166] 165,1211,0
[19:25:56.169] 166,1272,0
[19:25:56.174] 167,1302,0
[19:25:56.174] 168,1297,0
[19:25:56.176] 169,1298,0
[19:25:56.179] 170,1278,0
[19:25:56.181] 171,1232,0
[19:25:56.186] 172,1150,0
[19:25:56.188] 173,1032,0
[19:25:56.190] 174,873,0
[19:25:56.194] 175,633,0
[19:25:56.196] 176,397,0
[19:25:56.199] 177,249,0
[19:25:56.202] 178,132,0
[19:25:56.206] 179,48,0
[19:25:56.218] 180,0,0
[19:25:56.219] 181,0,0
[19:25:56.220] 182,0,0
[19:25:56.223] 183,0,0
[19:25:56.226] 184,0,2
[19:25:56.232] 185,0,8
[19:25:56.232] 186,0,13
[19:25:56.235] 187,0,8
[19:25:56.237] 188,0,13
[19:25:56.239] 189,0,30
[19:25:56.242] 190,0,47
[19:25:56.245] 191,0,21
[19:25:56.249] 192,0,19
[19:25:56.251] 193,98,9
[19:25:56.254] 194,314,1
[19:25:56.257] 195,589,4
[19:25:56.259] 196,867,0
[19:25:56.264] 197,1131,0
[19:25:56.265] 198,1355,0
[19:25:56.266] 199,1506,0
[19:25:56.275] [HIT] t=589052 i=0 note=38 vel=3 raw=3 truepeak=243 ch=10 rescues=0 thresh=-1.000 peak=-1.000 mask=-1 decay=-1 decaylen=-1 xfilt=-1.000 xfiltdecay=-1.000 loopt=0 piezodc=-180.0 dchead=180.1 spikerej=1569
[19:25:56.282] [SysEx TX] F0 00 7D 00 05 03 00 00 03 03 F7
[19:25:56.287] [SCOPE] input=0 pad_type=0 head_ch=1 rim_ch=0 head_peak=474 rim_peak=24 decision=HEAD samples=200
[19:25:56.289] T,H,R
[19:25:56.292] 0,0,0
[19:25:56.294] 1,0,0
[19:25:56.298] 2,0,0
[19:25:56.300] 3,0,0
[19:25:56.303] 4,0,0
[19:25:56.315] 5,0,0
[19:25:56.315] 6,0,0
[19:25:56.316] 7,0,0
[19:25:56.316] 8,0,0
[19:25:56.320] 9,0,0
[19:25:56.323] 10,0,0
[19:25:56.326] 11,4,0
[19:25:56.331] 12,34,0
[19:25:56.335] 13,72,0
[19:25:56.337] 14,121,0
[19:25:56.339] 15,167,0
[19:25:56.341] 16,198,0
[19:25:56.344] 17,243,0
[19:25:56.347] 18,275,0
[19:25:56.349] 19,310,0
[19:25:56.352] 20,345,0
[19:25:56.355] 21,374,0
[19:25:56.359] 22,405,0
[19:25:56.361] 23,431,0
[19:25:56.367] 24,462,0
[19:25:56.368] 25,474,0
[19:25:56.369] 26,470,0
[19:25:56.370] 27,468,0
[19:25:56.377] 28,445,0
[19:25:56.378] 29,423,0
[19:25:56.382] 30,382,0
[19:25:56.383] 31,335,0
[19:25:56.384] 32,280,0
[19:25:56.387] 33,226,0
[19:25:56.389] 34,154,0
[19:25:56.393] 35,80,0
[19:25:56.396] 36,11,0
[19:25:56.398] 37,0,0
[19:25:56.401] 38,0,1
[19:25:56.405] 39,0,5
[19:25:56.406] 40,0,6
[19:25:56.411] 41,0,2
[19:25:56.417] 42,0,0
[19:25:56.418] 43,0,0
[19:25:56.421] 44,0,5
[19:25:56.424] 45,0,4
[19:25:56.427] 46,0,5
[19:25:56.430] 47,0,8
[19:25:56.434] 48,0,7
[19:25:56.435] 49,1,3
[19:25:56.438] 50,4,4
[19:25:56.441] 51,30,7
[19:25:56.443] 52,66,7
[19:25:56.446] 53,94,7
[19:25:56.449] 54,142,1
[19:25:56.452] 55,193,2
[19:25:56.455] 56,230,0
[19:25:56.458] 57,279,2
[19:25:56.461] 58,310,0
[19:25:56.463] 59,342,0
[19:25:56.469] 60,374,2
[19:25:56.470] 61,397,0
[19:25:56.471] 62,406,1
[19:25:56.474] 63,409,1
[19:25:56.480] 64,410,1
[19:25:56.481] 65,404,1
[19:25:56.481] 66,388,1
[19:25:56.484] 67,356,1
[19:25:56.487] 68,326,7
[19:25:56.489] 69,294,2
[19:25:56.493] 70,255,0
[19:25:56.496] 71,236,0
[19:25:56.499] 72,202,3
[19:25:56.501] 73,158,2
[19:25:56.504] 74,137,5
[19:25:56.507] 75,102,2
[19:25:56.510] 76,69,4
[19:25:56.520] 77,33,1
[19:25:56.521] 78,6,9
[19:25:56.522] 79,0,7
[19:25:56.523] 80,0,17
[19:25:56.526] 81,0,17
[19:25:56.529] 82,0,14
[19:25:56.531] 83,0,22
[19:25:56.534] 84,0,12
[19:25:56.539] 85,0,21
[19:25:56.544] 86,0,21
[19:25:56.545] 87,0,23
[19:25:56.547] 88,0,21
[19:25:56.548] 89,0,21
[19:25:56.558] 90,0,20
[19:25:56.558] 91,0,24
[19:25:56.558] 92,6,11
[19:25:56.559] 93,52,21
[19:25:56.563] 94,99,19
[19:25:56.567] 95,157,18
[19:25:56.570] 96,207,14
[19:25:56.571] 97,265,18
[19:25:56.572] 98,312,17
[19:25:56.575] 99,356,9
[19:25:56.579] 100,399,16
[19:25:56.583] 101,426,10
[19:25:56.583] 102,439,10
[19:25:56.587] 103,437,8
[19:25:56.589] 104,413,2
[19:25:56.592] 105,397,8
[19:25:56.595] 106,372,6
[19:25:56.598] 107,333,2
[19:25:56.602] 108,294,7
[19:25:56.604] 109,254,7
[19:25:56.607] 110,222,7
[19:25:56.610] 111,184,2
[19:25:56.622] 112,150,4
[19:25:56.623] 113,120,6
[19:25:56.623] 114,89,5
[19:25:56.624] 115,58,8
[19:25:56.628] 116,33,13
[19:25:56.631] 117,3,6
[19:25:56.634] 118,0,11
[19:25:56.638] 119,0,16
[19:25:56.644] 120,0,8
[19:25:56.646] 121,0,4
[19:25:56.647] 122,0,8
[19:25:56.648] 123,0,12
[19:25:56.649] 124,0,12
[19:25:56.658] 125,0,18
[19:25:56.660] 126,0,13
[19:25:56.665] 127,0,11
[19:25:56.665] 128,0,13
[19:25:56.665] 129,0,10
[19:25:56.666] 130,0,10
[19:25:56.669] 131,33,7
[19:25:56.674] 132,73,6
[19:25:56.675] 133,109,3
[19:25:56.679] 134,151,11
[19:25:56.684] 135,184,5
[19:25:56.685] 136,213,0
[19:25:56.685] 137,234,7
[19:25:56.687] 138,252,4
[19:25:56.691] 139,253,1
[19:25:56.693] 140,264,2
[19:25:56.696] 141,269,0
[19:25:56.699] 142,270,0
[19:25:56.702] 143,277,1
[19:25:56.705] 144,274,0
[19:25:56.708] 145,282,2
[19:25:56.710] 146,286,0
[19:25:56.713] 147,283,1
[19:25:56.730] 148,280,0
[19:25:56.732] 149,282,0
[19:25:56.732] 150,274,0
[19:25:56.735] 151,250,0
[19:25:56.737] 152,221,0
[19:25:56.742] 153,181,0
[19:25:56.748] 154,139,0
[19:25:56.749] 155,98,4
[19:25:56.751] 156,42,4
[19:25:56.752] 157,3,0
[19:25:56.755] 158,0,1
[19:25:56.758] 159,0,2
[19:25:56.761] 160,0,4
[19:25:56.764] 161,0,8
[19:25:56.767] 162,0,10
[19:25:56.770] 163,0,7
[19:25:56.773] 164,0,3
[19:25:56.777] 165,0,8
[19:25:56.777] 166,0,1
[19:25:56.781] 167,0,2
[19:25:56.786] 168,0,2
[19:25:56.787] 169,4,2
[19:25:56.788] 170,33,2
[19:25:56.789] 171,69,2
[19:25:56.797] 172,113,1
[19:25:56.797] 173,144,4
[19:25:56.800] 174,175,0
[19:25:56.802] 175,198,0
[19:25:56.805] 176,217,0
[19:25:56.809] 177,237,2
[19:25:56.816] 178,250,0
[19:25:56.816] 179,277,0
[19:25:56.818] 180,285,0
[19:25:56.826] 181,297,0
[19:25:56.829] 182,308,0
[19:25:56.832] 183,295,0
[19:25:56.834] 184,302,0
[19:25:56.837] 185,296,0
[19:25:56.839] 186,288,0
[19:25:56.847] 187,286,0
[19:25:56.852] 188,268,0
[19:25:56.852] 189,264,0
[19:25:56.853] 190,242,0
[19:25:56.855] 191,210,0
[19:25:56.858] 192,180,0
[19:25:56.861] 193,135,0
[19:25:56.864] 194,89,0
[19:25:56.866] 195,54,0
[19:25:56.871] 196,10,0
[19:25:56.872] 197,0,0
[19:25:56.874] 198,0,0
[19:25:56.880] 199,0,0
[19:25:57.834] [HIT] t=590611 i=0 note=38 vel=92 raw=92 truepeak=2416 ch=10 rescues=0 thresh=-1.000 peak=-1.000 mask=-1 decay=-1 decaylen=-1 xfilt=-1.000 xfiltdecay=-1.000 loopt=0 piezodc=814.0 dchead=32.9 spikerej=1573
[19:25:57.852] [SysEx TX] F0 00 7D 00 05 03 00 00 5C 5C F7
[19:25:57.852] [SCOPE] input=0 pad_type=0 head_ch=1 rim_ch=0 head_peak=2437 rim_peak=89 decision=HEAD samples=200
[19:25:57.853] T,H,R
[19:25:57.859] 0,0,0
[19:25:57.864] 1,0,2
[19:25:57.865] 2,4,3
[19:25:57.870] 3,1,2
[19:25:57.870] 4,3,3
[19:25:57.877] 5,1,2
[19:25:57.879] 6,1,1
[19:25:57.879] 7,2,6
[19:25:57.884] 8,0,0
[19:25:57.887] 9,1,2
[19:25:57.889] 10,5,2
[19:25:57.891] 11,2,6
[19:25:57.896] 12,1,1
[19:25:57.897] 13,4,5
[19:25:57.899] 14,0,0
[19:25:57.905] 15,2,2
[19:25:57.906] 16,1,0
[19:25:57.906] 17,0,2
[19:25:57.914] 18,4,2
[19:25:57.915] 19,2,1
[19:25:57.918] 20,2,2
[19:25:57.918] 21,2,3
[19:25:57.921] 22,0,2
[19:25:57.926] 23,3,5
[19:25:57.929] 24,1,2
[19:25:57.929] 25,3,5
[19:25:57.934] 26,0,0
[19:25:57.935] 27,3,5
[19:25:57.940] 28,5,5
[19:25:57.940] 29,0,2
[19:25:57.943] 30,5,2
[19:25:57.953] 31,2,2
[19:25:57.953] 32,5,7
[19:25:57.954] 33,2,2
[19:25:57.956] 34,2,0
[19:25:57.959] 35,0,2
[19:25:57.962] 36,3,2
[19:25:57.965] 37,3,5
[19:25:57.968] 38,0,2
[19:25:57.973] 39,5,7
[19:25:57.973] 40,2,2
[19:25:57.981] 41,5,7
[19:25:57.981] 42,3,2
[19:25:57.982] 43,1,0
[19:25:57.985] 44,0,0
[19:25:57.987] 45,5,5
[19:25:57.993] 46,2,2
[19:25:57.993] 47,6,2
[19:25:57.997] 48,0,2
[19:25:57.999] 49,5,7
[19:25:58.005] 50,2,3
[19:25:58.006] 51,5,6
[19:25:58.006] 52,3,2
[19:25:58.009] 53,3,3
[19:25:58.015] 54,0,0
[19:25:58.017] 55,2,3
[19:25:58.020] 56,2,2
[19:25:58.021] 57,2,2
[19:25:58.025] 58,3,0
[19:25:58.028] 59,2,2
[19:25:58.031] 60,5,4
[19:25:58.034] 61,2,2
[19:25:58.037] 62,2,3
[19:25:58.037] 63,0,3
[19:25:58.047] 64,2,8
[19:25:58.047] 65,5,2
[19:25:58.062] 66,5,4
[19:25:58.063] 67,4,5
[19:25:58.065] 68,1,5
[19:25:58.068] 69,0,0
[19:25:58.073] 70,1,5
[19:25:58.074] 71,1,0
[19:25:58.077] 72,2,2
[19:25:58.081] 73,4,4
[19:25:58.084] 74,0,0
[19:25:58.092] 75,3,3
[19:25:58.093] 76,2,2
[19:25:58.094] 77,3,2
[19:25:58.095] 78,2,2
[19:25:58.097] 79,4,5
[19:25:58.099] 80,0,8
[19:25:58.103] 81,3,7
[19:25:58.111] 82,6,0
[19:25:58.112] 83,2,10
[19:25:58.112] 84,2,4
[19:25:58.125] 85,5,1
[19:25:58.125] 86,8,0
[19:25:58.125] 87,19,3
[19:25:58.126] 88,0,6
[19:25:58.130] 89,0,0
[19:25:58.135] 90,0,0
[19:25:58.135] 91,0,8
[19:25:58.138] 92,0,61
[19:25:58.144] 93,0,89
[19:25:58.145] 94,0,52
[19:25:58.147] 95,0,39
[19:25:58.158] 96,0,73
[19:25:58.158] 97,0,67
[19:25:58.159] 98,16,47
[19:25:58.164] 99,106,72
[19:25:58.168] 100,208,31
[19:25:58.169] 101,286,6
[19:25:58.173] 102,326,31
[19:25:58.174] 103,358,57
[19:25:58.181] 104,409,50
[19:25:58.181] 105,490,41
[19:25:58.183] 106,601,36
[19:25:58.188] 107,738,21
[19:25:58.189] 108,893,10
[19:25:58.193] 109,1065,17
[19:25:58.197] 110,1251,10
[19:25:58.198] 111,1443,0
[19:25:58.203] 112,1628,0
[19:25:58.204] 113,1807,0
[19:25:58.206] 114,1966,0
[19:25:58.213] 115,2089,0
[19:25:58.214] 116,2108,0
[19:25:58.214] 117,2119,0
[19:25:58.216] 118,2228,0
[19:25:58.224] 119,2361,0
[19:25:58.226] 120,2437,0
[19:25:58.229] 121,2388,0
[19:25:58.231] 122,2313,0
[19:25:58.234] 123,2228,0
[19:25:58.237] 124,2057,0
[19:25:58.239] 125,1778,0
[19:25:58.244] 126,1515,0
[19:25:58.245] 127,1345,0
[19:25:58.247] 128,1251,0
[19:25:58.251] 129,1261,0
[19:25:58.261] 130,1332,0
[19:25:58.262] 131,1449,0
[19:25:58.264] 132,1532,0
[19:25:58.264] 133,1606,0
[19:25:58.267] 134,1622,0
[19:25:58.272] 135,1577,0
[19:25:58.273] 136,1536,17
[19:25:58.276] 137,1497,10
[19:25:58.279] 138,1446,21
[19:25:58.282] 139,1441,18
[19:25:58.284] 140,1468,18
[19:25:58.288] 141,1438,10
[19:25:58.289] 142,1307,19
[19:25:58.293] 143,1081,10
[19:25:58.295] 144,851,26
[19:25:58.298] 145,744,53
[19:25:58.301] 146,655,56
[19:25:58.304] 147,565,26
[19:25:58.306] 148,526,8
[19:25:58.313] 149,481,14
[19:25:58.313] 150,470,29
[19:25:58.314] 151,520,33
[19:25:58.316] 152,646,54
[19:25:58.322] 153,817,19
[19:25:58.323] 154,953,0
[19:25:58.324] 155,1046,0
[19:25:58.327] 156,1126,0
[19:25:58.330] 157,1143,0
[19:25:58.333] 158,1091,8
[19:25:58.336] 159,967,0
[19:25:58.338] 160,847,0
[19:25:58.341] 161,680,0
[19:25:58.343] 162,553,0
[19:25:58.347] 163,443,0
[19:25:58.349] 164,364,0
[19:25:58.353] 165,350,0
[19:25:58.362] 166,414,0
[19:25:58.362] 167,538,0
[19:25:58.364] 168,653,0
[19:25:58.365] 169,777,0
[19:25:58.368] 170,867,0
[19:25:58.371] 171,1007,0
[19:25:58.374] 172,1129,0
[19:25:58.376] 173,1166,0
[19:25:58.381] 174,1124,0
[19:25:58.382] 175,1030,0
[19:25:58.386] 176,891,0
[19:25:58.387] 177,699,0
[19:25:58.391] 178,498,0
[19:25:58.394] 179,311,0
[19:25:58.396] 180,201,0
[19:25:58.399] 181,79,0
[19:25:58.402] 182,0,0
[19:25:58.408] 183,0,0
[19:25:58.408] 184,52,1
[19:25:58.409] 185,173,2
[19:25:58.415] 186,307,0
[19:25:58.416] 187,430,0
[19:25:58.418] 188,528,5
[19:25:58.420] 189,622,19
[19:25:58.425] 190,662,25
[19:25:58.426] 191,644,41
[19:25:58.428] 192,585,54
[19:25:58.431] 193,495,48
[19:25:58.434] 194,406,53
[19:25:58.436] 195,306,54
[19:25:58.439] 196,203,84
[19:25:58.442] 197,121,73
[19:25:58.446] 198,85,70
[19:25:58.450] 199,96,73
[19:25:58.454] [HIT] t=591231 i=0 note=38 vel=40 raw=40 truepeak=1131 ch=10 rescues=0 thresh=-1.000 peak=-1.000 mask=-1 decay=-1 decaylen=-1 xfilt=-1.000 xfiltdecay=-1.000 loopt=0 piezodc=-47.0 dchead=46.9 spikerej=1576
[19:25:58.474] [SysEx TX] F0 00 7D 00 05 03 00 00 28 28 F7
[19:25:58.478] [SCOPE] input=0 pad_type=0 head_ch=1 rim_ch=0 head_peak=2437 rim_peak=89 decision=HEAD samples=200
[19:25:58.483] T,H,R
[19:25:58.485] 0,2,2
[19:25:58.486] 1,2,3
[19:25:58.488] 2,0,3
[19:25:58.492] 3,2,8
[19:25:58.495] 4,5,2
[19:25:58.496] 5,5,4
[19:25:58.499] 6,4,5
[19:25:58.501] 7,1,5
[19:25:58.504] 8,0,0
[19:25:58.507] 9,1,5
[19:25:58.509] 10,1,0
[19:25:58.513] 11,2,2
[19:25:58.517] 12,4,4
[19:25:58.518] 13,0,0
[19:25:58.521] 14,3,3
[19:25:58.527] 15,2,2
[19:25:58.528] 16,3,2
[19:25:58.530] 17,2,2
[19:25:58.532] 18,4,5
[19:25:58.536] 19,0,8
[19:25:58.537] 20,3,7
[19:25:58.541] 21,6,0
[19:25:58.543] 22,2,10
[19:25:58.546] 23,2,4
[19:25:58.548] 24,5,1
[19:25:58.552] 25,8,0
[19:25:58.554] 26,19,3
[19:25:58.557] 27,0,6
[19:25:58.573] 28,0,0
[19:25:58.573] 29,0,0
[19:25:58.574] 30,0,8
[19:25:58.577] 31,0,61
[19:25:58.579] 32,0,89
[19:25:58.581] 33,0,52
[19:25:58.584] 34,0,39
[19:25:58.587] 35,0,73
[19:25:58.590] 36,0,67
[19:25:58.593] 37,16,47
[19:25:58.598] 38,106,72
[19:25:58.599] 39,208,31
[19:25:58.601] 40,286,6
[19:25:58.604] 41,326,31
[19:25:58.607] 42,358,57
[19:25:58.610] 43,409,50
[19:25:58.613] 44,490,41
[19:25:58.619] 45,601,36
[19:25:58.620] 46,738,21
[19:25:58.621] 47,893,10
[19:25:58.623] 48,1065,17
[19:25:58.628] 49,1251,10
[19:25:58.633] 50,1443,0
[19:25:58.633] 51,1628,0
[19:25:58.633] 52,1807,0
[19:25:58.637] 53,1966,0
[19:25:58.640] 54,2089,0
[19:25:58.643] 55,2108,0
[19:25:58.647] 56,2119,0
[19:25:58.649] 57,2228,0
[19:25:58.651] 58,2361,0
[19:25:58.655] 59,2437,0
[19:25:58.656] 60,2388,0
[19:25:58.659] 61,2313,0
[19:25:58.674] 62,2228,0
[19:25:58.674] 63,2057,0
[19:25:58.675] 64,1778,0
[19:25:58.677] 65,1515,0
[19:25:58.680] 66,1345,0
[19:25:58.683] 67,1251,0
[19:25:58.684] 68,1261,0
[19:25:58.687] 69,1332,0
[19:25:58.694] 70,1449,0
[19:25:58.695] 71,1532,0
[19:25:58.699] 72,1606,0
[19:25:58.700] 73,1622,0
[19:25:58.702] 74,1577,0
[19:25:58.705] 75,1536,17
[19:25:58.707] 76,1497,10
[19:25:58.711] 77,1446,21
[19:25:58.714] 78,1441,18
[19:25:58.716] 79,1468,18
[19:25:58.721] 80,1438,10
[19:25:58.722] 81,1307,19
[19:25:58.724] 82,1081,10
[19:25:58.728] 83,851,26
[19:25:58.732] 84,744,53
[19:25:58.732] 85,655,56
[19:25:58.736] 86,565,26
[19:25:58.737] 87,526,8
[19:25:58.742] 88,481,14
[19:25:58.743] 89,470,29
[19:25:58.746] 90,520,33
[19:25:58.749] 91,646,54
[19:25:58.752] 92,817,19
[19:25:58.754] 93,953,0
[19:25:58.757] 94,1046,0
[19:25:58.759] 95,1126,0
[19:25:58.764] 96,1143,0
[19:25:58.778] 97,1091,8
[19:25:58.780] 98,967,0
[19:25:58.781] 99,847,0
[19:25:58.785] 100,680,0
[19:25:58.787] 101,553,0
[19:25:58.796] 102,443,0
[19:25:58.796] 103,364,0
[19:25:58.797] 104,350,0
[19:25:58.798] 105,414,0
[19:25:58.802] 106,538,0
[19:25:58.806] 107,653,0
[19:25:58.807] 108,777,0
[19:25:58.810] 109,867,0
[19:25:58.815] 110,1007,0
[19:25:58.816] 111,1129,0
[19:25:58.818] 112,1166,0
[19:25:58.825] 113,1124,0
[19:25:58.825] 114,1030,0
[19:25:58.826] 115,891,0
[19:25:58.829] 116,699,0
[19:25:58.834] 117,498,0
[19:25:58.836] 118,311,0
[19:25:58.836] 119,201,0
[19:25:58.839] 120,79,0
[19:25:58.842] 121,0,0
[19:25:58.846] 122,0,0
[19:25:58.848] 123,52,1
[19:25:58.851] 124,173,2
[19:25:58.853] 125,307,0
[19:25:58.856] 126,430,0
[19:25:58.859] 127,528,5
[19:25:58.878] 128,622,19
[19:25:58.879] 129,662,25
[19:25:58.879] 130,644,41
[19:25:58.880] 131,585,54
[19:25:58.885] 132,495,48
[19:25:58.887] 133,406,53
[19:25:58.892] 134,306,54
[19:25:58.892] 135,203,84
[19:25:58.895] 136,121,73
[19:25:58.898] 137,85,70
[19:25:58.901] 138,96,73
[19:25:58.904] 139,142,59
[19:25:58.906] 140,175,45
[19:25:58.909] 141,192,43
[19:25:58.913] 142,271,44
[19:25:58.914] 143,404,53
[19:25:58.919] 144,501,61
[19:25:58.920] 145,598,53
[19:25:58.926] 146,676,40
[19:25:58.926] 147,746,43
[19:25:58.930] 148,753,43
[19:25:58.931] 149,726,44
[19:25:58.937] 150,669,41
[19:25:58.938] 151,625,38
[19:25:58.939] 152,563,24
[19:25:58.942] 153,439,13
[19:25:58.944] 154,253,22
[19:25:58.947] 155,86,17
[19:25:58.951] 156,0,33
[19:25:58.953] 157,0,39
[19:25:58.956] 158,0,19
[19:25:58.959] 159,0,1
[19:25:58.961] 160,89,0
[19:25:58.964] 161,230,0
[19:25:58.967] 162,338,0
[19:25:58.976] 163,394,4
[19:25:58.976] 164,413,0
[19:25:58.976] 165,377,3
[19:25:58.980] 166,340,10
[19:25:58.982] 167,261,10
[19:25:58.986] 168,157,2
[19:25:58.988] 169,59,3
[19:25:58.992] 170,0,6
[19:25:58.997] 171,0,2
[19:25:58.998] 172,0,5
[19:25:59.001] 173,0,16
[19:25:59.002] 174,0,3
[19:25:59.005] 175,0,3
[19:25:59.008] 176,0,5
[19:25:59.010] 177,19,7
[19:25:59.013] 178,65,2
[19:25:59.015] 179,153,0
[19:25:59.029] 180,291,0
[19:25:59.029] 181,462,8
[19:25:59.029] 182,616,3
[19:25:59.030] 183,715,0
[19:25:59.034] 184,777,0
[19:25:59.040] 185,764,0
[19:25:59.041] 186,696,21
[19:25:59.042] 187,571,21
[19:25:59.045] 188,342,15
[19:25:59.049] 189,122,30
[19:25:59.051] 190,0,35
[19:25:59.053] 191,0,46
[19:25:59.057] 192,0,48
[19:25:59.059] 193,0,33
[19:25:59.075] 194,33,21
[19:25:59.075] 195,163,6
[19:25:59.075] 196,301,21
[19:25:59.075] 197,421,31
[19:25:59.084] 198,496,34
[19:25:59.085] 199,502,24
=== Session ended 2026-07-06T19:26:00.781075 ===
